id,category,task_type,source,language,domain,is_ip,ip_type,novelty_score
IPE_001,patent,knowledge_extraction,technical_report,en,automotive,True,patent,0.87
IPE_002,trade_secret,ip_detection,meeting_minutes,en,pharmaceutical,True,trade_secret,0.91
IPE_003,patent,knowledge_extraction,research_paper,en,software,True,patent,0.84
IPE_004,trademark,ip_detection,technical_report,en,manufacturing,True,trademark,0.72
IPE_005,patent,knowledge_extraction,meeting_minutes,zh,manufacturing,True,patent,0.89
IPE_000001,patent,knowledge_extraction,legal_document,de,aerospace,True,patent,0.824
IPE_000002,patent,relation_extraction,meeting_minutes,en,software,True,patent,0.892
IPE_000003,patent,knowledge_extraction,patent_application,fr,aerospace,True,patent,0.802
IPE_000004,patent,ip_detection,legal_document,ja,aerospace,True,patent,0.933
IPE_000005,patent,entity_recognition,research_paper,ja,automotive,True,patent,0.817
IPE_000006,patent,knowledge_extraction,research_paper,ja,manufacturing,True,patent,0.919
IPE_000007,patent,relation_extraction,technical_report,de,aerospace,True,patent,0.89
IPE_000008,patent,entity_recognition,technical_report,en,energy,True,patent,0.831
IPE_000009,patent,ip_detection,research_paper,ja,aerospace,True,patent,0.764
IPE_000010,patent,knowledge_extraction,meeting_minutes,fr,automotive,True,patent,0.941
IPE_000011,patent,ip_detection,patent_application,zh,energy,True,patent,0.938
IPE_000012,patent,ip_detection,patent_application,es,automotive,True,patent,0.811
IPE_000013,patent,ip_detection,research_paper,en,aerospace,True,patent,0.766
IPE_000014,patent,ip_detection,meeting_minutes,zh,aerospace,True,patent,0.823
IPE_000015,patent,relation_extraction,patent_application,es,pharmaceutical,True,patent,0.927
IPE_000016,patent,relation_extraction,legal_document,es,pharmaceutical,True,patent,0.904
IPE_000017,patent,relation_extraction,patent_application,fr,biotechnology,True,patent,0.86
IPE_000018,patent,entity_recognition,technical_report,fr,software,True,patent,0.892
IPE_000019,patent,knowledge_extraction,research_paper,fr,software,True,patent,0.942
IPE_000020,patent,ip_detection,research_paper,ja,automotive,True,patent,0.921
IPE_000021,patent,relation_extraction,research_paper,en,software,True,patent,0.837
IPE_000022,patent,ip_detection,technical_report,fr,pharmaceutical,True,patent,0.86
IPE_000023,patent,ip_detection,patent_application,zh,manufacturing,True,patent,0.861
IPE_000024,patent,knowledge_extraction,technical_report,en,software,True,patent,0.849
IPE_000025,patent,knowledge_extraction,technical_report,fr,automotive,True,patent,0.814
IPE_000026,patent,relation_extraction,research_paper,ja,pharmaceutical,True,patent,0.854
IPE_000027,patent,relation_extraction,patent_application,fr,biotechnology,True,patent,0.87
IPE_000028,patent,knowledge_extraction,meeting_minutes,fr,biotechnology,True,patent,0.777
IPE_000029,patent,relation_extraction,legal_document,zh,automotive,True,patent,0.811
IPE_000030,patent,knowledge_extraction,patent_application,ja,energy,True,patent,0.802
IPE_000031,patent,entity_recognition,patent_application,en,automotive,True,patent,0.81
IPE_000032,patent,ip_detection,technical_report,zh,energy,True,patent,0.8
IPE_000033,patent,ip_detection,patent_application,es,energy,True,patent,0.919
IPE_000034,patent,ip_detection,research_paper,en,software,True,patent,0.779
IPE_000035,patent,ip_detection,meeting_minutes,de,software,True,patent,0.85
IPE_000036,patent,knowledge_extraction,research_paper,ja,aerospace,True,patent,0.827
IPE_000037,patent,ip_detection,research_paper,de,pharmaceutical,True,patent,0.776
IPE_000038,patent,entity_recognition,technical_report,en,software,True,patent,0.94
IPE_000039,patent,relation_extraction,technical_report,fr,automotive,True,patent,0.862
IPE_000040,patent,ip_detection,research_paper,es,manufacturing,True,patent,0.763
IPE_000041,patent,entity_recognition,patent_application,ja,automotive,True,patent,0.762
IPE_000042,patent,relation_extraction,meeting_minutes,en,energy,True,patent,0.838
IPE_000043,patent,entity_recognition,meeting_minutes,en,aerospace,True,patent,0.871
IPE_000044,patent,knowledge_extraction,research_paper,ja,biotechnology,True,patent,0.927
IPE_000045,patent,entity_recognition,patent_application,zh,aerospace,True,patent,0.755
IPE_000046,patent,knowledge_extraction,patent_application,fr,manufacturing,True,patent,0.77
IPE_000047,patent,entity_recognition,legal_document,zh,energy,True,patent,0.815
IPE_000048,patent,knowledge_extraction,research_paper,fr,aerospace,True,patent,0.919
IPE_000049,patent,ip_detection,meeting_minutes,zh,manufacturing,True,patent,0.763
IPE_000050,patent,knowledge_extraction,research_paper,de,pharmaceutical,True,patent,0.898
IPE_000051,patent,relation_extraction,technical_report,es,automotive,True,patent,0.878
IPE_000052,patent,relation_extraction,research_paper,zh,pharmaceutical,True,patent,0.836
IPE_000053,patent,knowledge_extraction,legal_document,en,energy,True,patent,0.785
IPE_000054,patent,ip_detection,legal_document,fr,biotechnology,True,patent,0.818
IPE_000055,patent,knowledge_extraction,patent_application,es,biotechnology,True,patent,0.862
IPE_000056,patent,ip_detection,legal_document,es,energy,True,patent,0.783
IPE_000057,patent,knowledge_extraction,research_paper,ja,software,True,patent,0.877
IPE_000058,patent,relation_extraction,patent_application,es,automotive,True,patent,0.894
IPE_000059,patent,ip_detection,research_paper,ja,biotechnology,True,patent,0.79
IPE_000060,patent,ip_detection,technical_report,zh,energy,True,patent,0.84
IPE_000061,patent,relation_extraction,research_paper,de,automotive,True,patent,0.817
IPE_000062,patent,ip_detection,research_paper,fr,manufacturing,True,patent,0.899
IPE_000063,patent,ip_detection,research_paper,en,software,True,patent,0.928
IPE_000064,patent,relation_extraction,patent_application,en,energy,True,patent,0.8
IPE_000065,patent,knowledge_extraction,meeting_minutes,es,energy,True,patent,0.778
IPE_000066,patent,knowledge_extraction,research_paper,de,pharmaceutical,True,patent,0.772
IPE_000067,patent,entity_recognition,meeting_minutes,en,aerospace,True,patent,0.915
IPE_000068,patent,entity_recognition,legal_document,fr,energy,True,patent,0.755
IPE_000069,patent,relation_extraction,patent_application,de,biotechnology,True,patent,0.86
IPE_000070,patent,relation_extraction,research_paper,de,pharmaceutical,True,patent,0.861
IPE_000071,patent,ip_detection,patent_application,es,pharmaceutical,True,patent,0.785
IPE_000072,patent,relation_extraction,research_paper,en,manufacturing,True,patent,0.882
IPE_000073,patent,relation_extraction,meeting_minutes,ja,aerospace,True,patent,0.803
IPE_000074,patent,relation_extraction,legal_document,ja,biotechnology,True,patent,0.793
IPE_000075,patent,ip_detection,patent_application,de,pharmaceutical,True,patent,0.916
IPE_000076,patent,ip_detection,legal_document,ja,software,True,patent,0.934
IPE_000077,patent,knowledge_extraction,legal_document,ja,biotechnology,True,patent,0.776
IPE_000078,patent,relation_extraction,patent_application,zh,pharmaceutical,True,patent,0.929
IPE_000079,patent,relation_extraction,technical_report,es,manufacturing,True,patent,0.837
IPE_000080,patent,relation_extraction,patent_application,es,energy,True,patent,0.859
IPE_000081,patent,relation_extraction,patent_application,es,energy,True,patent,0.884
IPE_000082,patent,ip_detection,technical_report,fr,energy,True,patent,0.78
IPE_000083,patent,relation_extraction,legal_document,de,energy,True,patent,0.827
IPE_000084,patent,ip_detection,meeting_minutes,en,biotechnology,True,patent,0.915
IPE_000085,patent,entity_recognition,patent_application,de,biotechnology,True,patent,0.753
IPE_000086,patent,relation_extraction,legal_document,en,aerospace,True,patent,0.932
IPE_000087,patent,ip_detection,technical_report,ja,biotechnology,True,patent,0.871
IPE_000088,patent,relation_extraction,meeting_minutes,zh,manufacturing,True,patent,0.933
IPE_000089,patent,ip_detection,research_paper,ja,energy,True,patent,0.941
IPE_000090,patent,ip_detection,legal_document,ja,biotechnology,True,patent,0.773
IPE_000091,patent,relation_extraction,meeting_minutes,zh,manufacturing,True,patent,0.785
IPE_000092,patent,knowledge_extraction,research_paper,ja,energy,True,patent,0.772
IPE_000093,patent,ip_detection,research_paper,ja,biotechnology,True,patent,0.803
IPE_000094,patent,relation_extraction,technical_report,zh,energy,True,patent,0.796
IPE_000095,patent,ip_detection,research_paper,fr,automotive,True,patent,0.813
IPE_000096,patent,relation_extraction,research_paper,ja,aerospace,True,patent,0.911
IPE_000097,patent,relation_extraction,research_paper,en,aerospace,True,patent,0.863
IPE_000098,patent,ip_detection,research_paper,ja,manufacturing,True,patent,0.907
IPE_000099,patent,ip_detection,research_paper,de,automotive,True,patent,0.853
IPE_000100,patent,entity_recognition,technical_report,en,biotechnology,True,patent,0.86
IPE_000101,patent,entity_recognition,legal_document,de,manufacturing,True,patent,0.792
IPE_000102,patent,entity_recognition,legal_document,es,manufacturing,True,patent,0.822
IPE_000103,patent,knowledge_extraction,legal_document,en,automotive,True,patent,0.866
IPE_000104,patent,entity_recognition,legal_document,fr,pharmaceutical,True,patent,0.827
IPE_000105,patent,knowledge_extraction,research_paper,es,biotechnology,True,patent,0.769
IPE_000106,patent,relation_extraction,meeting_minutes,ja,biotechnology,True,patent,0.942
IPE_000107,patent,ip_detection,technical_report,ja,aerospace,True,patent,0.824
IPE_000108,patent,ip_detection,research_paper,en,manufacturing,True,patent,0.856
IPE_000109,patent,relation_extraction,legal_document,fr,automotive,True,patent,0.869
IPE_000110,patent,entity_recognition,research_paper,ja,aerospace,True,patent,0.786
IPE_000111,patent,knowledge_extraction,research_paper,es,software,True,patent,0.855
IPE_000112,patent,entity_recognition,technical_report,ja,software,True,patent,0.825
IPE_000113,patent,ip_detection,research_paper,zh,pharmaceutical,True,patent,0.946
IPE_000114,patent,knowledge_extraction,technical_report,es,manufacturing,True,patent,0.856
IPE_000115,patent,entity_recognition,legal_document,en,energy,True,patent,0.811
IPE_000116,patent,knowledge_extraction,research_paper,en,energy,True,patent,0.868
IPE_000117,patent,knowledge_extraction,patent_application,fr,energy,True,patent,0.916
IPE_000118,patent,ip_detection,meeting_minutes,en,energy,True,patent,0.803
IPE_000119,patent,relation_extraction,technical_report,ja,automotive,True,patent,0.772
IPE_000120,patent,relation_extraction,research_paper,zh,pharmaceutical,True,patent,0.926
IPE_000121,patent,entity_recognition,legal_document,ja,pharmaceutical,True,patent,0.856
IPE_000122,patent,ip_detection,technical_report,es,automotive,True,patent,0.899
IPE_000123,patent,relation_extraction,research_paper,ja,biotechnology,True,patent,0.908
IPE_000124,patent,relation_extraction,patent_application,fr,pharmaceutical,True,patent,0.852
IPE_000125,patent,entity_recognition,meeting_minutes,de,pharmaceutical,True,patent,0.753
IPE_000126,patent,ip_detection,research_paper,ja,automotive,True,patent,0.8
IPE_000127,patent,relation_extraction,patent_application,zh,aerospace,True,patent,0.797
IPE_000128,patent,ip_detection,patent_application,es,pharmaceutical,True,patent,0.839
IPE_000129,patent,knowledge_extraction,patent_application,fr,software,True,patent,0.787
IPE_000130,patent,knowledge_extraction,research_paper,es,software,True,patent,0.758
IPE_000131,patent,ip_detection,research_paper,de,automotive,True,patent,0.855
IPE_000132,patent,knowledge_extraction,technical_report,zh,aerospace,True,patent,0.778
IPE_000133,patent,relation_extraction,research_paper,fr,automotive,True,patent,0.878
IPE_000134,patent,knowledge_extraction,patent_application,en,software,True,patent,0.759
IPE_000135,patent,relation_extraction,technical_report,de,biotechnology,True,patent,0.763
IPE_000136,patent,relation_extraction,patent_application,zh,biotechnology,True,patent,0.761
IPE_000137,patent,knowledge_extraction,patent_application,zh,manufacturing,True,patent,0.863
IPE_000138,patent,ip_detection,patent_application,de,energy,True,patent,0.855
IPE_000139,patent,relation_extraction,meeting_minutes,en,energy,True,patent,0.932
IPE_000140,patent,ip_detection,patent_application,fr,energy,True,patent,0.85
IPE_000141,patent,knowledge_extraction,patent_application,es,biotechnology,True,patent,0.765
IPE_000142,patent,relation_extraction,meeting_minutes,de,manufacturing,True,patent,0.922
IPE_000143,patent,relation_extraction,meeting_minutes,ja,aerospace,True,patent,0.906
IPE_000144,patent,entity_recognition,meeting_minutes,fr,software,True,patent,0.779
IPE_000145,patent,knowledge_extraction,technical_report,ja,software,True,patent,0.895
IPE_000146,patent,ip_detection,meeting_minutes,ja,energy,True,patent,0.884
IPE_000147,patent,entity_recognition,meeting_minutes,es,energy,True,patent,0.857
IPE_000148,patent,ip_detection,technical_report,zh,aerospace,True,patent,0.851
IPE_000149,patent,knowledge_extraction,technical_report,ja,automotive,True,patent,0.867
IPE_000150,patent,ip_detection,technical_report,en,energy,True,patent,0.785
IPE_000151,patent,relation_extraction,patent_application,en,software,True,patent,0.847
IPE_000152,patent,entity_recognition,patent_application,de,automotive,True,patent,0.87
IPE_000153,patent,relation_extraction,research_paper,zh,manufacturing,True,patent,0.876
IPE_000154,patent,entity_recognition,legal_document,es,aerospace,True,patent,0.922
IPE_000155,patent,entity_recognition,research_paper,zh,aerospace,True,patent,0.913
IPE_000156,patent,relation_extraction,meeting_minutes,es,software,True,patent,0.851
IPE_000157,patent,entity_recognition,legal_document,de,pharmaceutical,True,patent,0.853
IPE_000158,patent,relation_extraction,patent_application,en,aerospace,True,patent,0.81
IPE_000159,patent,knowledge_extraction,meeting_minutes,ja,biotechnology,True,patent,0.827
IPE_000160,patent,relation_extraction,meeting_minutes,ja,aerospace,True,patent,0.851
IPE_000161,patent,knowledge_extraction,meeting_minutes,fr,manufacturing,True,patent,0.916
IPE_000162,patent,knowledge_extraction,patent_application,fr,automotive,True,patent,0.888
IPE_000163,patent,entity_recognition,patent_application,zh,aerospace,True,patent,0.793
IPE_000164,patent,ip_detection,technical_report,fr,automotive,True,patent,0.795
IPE_000165,patent,ip_detection,research_paper,de,software,True,patent,0.877
IPE_000166,patent,knowledge_extraction,meeting_minutes,fr,energy,True,patent,0.827
IPE_000167,patent,entity_recognition,research_paper,ja,pharmaceutical,True,patent,0.791
IPE_000168,patent,entity_recognition,patent_application,fr,manufacturing,True,patent,0.831
IPE_000169,patent,entity_recognition,research_paper,de,pharmaceutical,True,patent,0.789
IPE_000170,patent,knowledge_extraction,patent_application,es,aerospace,True,patent,0.795
IPE_000171,patent,ip_detection,technical_report,zh,energy,True,patent,0.893
IPE_000172,patent,entity_recognition,research_paper,es,software,True,patent,0.913
IPE_000173,patent,ip_detection,legal_document,fr,software,True,patent,0.934
IPE_000174,patent,knowledge_extraction,research_paper,de,software,True,patent,0.805
IPE_000175,patent,knowledge_extraction,technical_report,es,biotechnology,True,patent,0.878
IPE_000176,patent,relation_extraction,research_paper,en,energy,True,patent,0.795
IPE_000177,patent,relation_extraction,research_paper,fr,aerospace,True,patent,0.934
IPE_000178,patent,ip_detection,research_paper,de,manufacturing,True,patent,0.762
IPE_000179,patent,relation_extraction,legal_document,en,biotechnology,True,patent,0.914
IPE_000180,patent,ip_detection,meeting_minutes,es,manufacturing,True,patent,0.915
IPE_000181,patent,entity_recognition,research_paper,zh,manufacturing,True,patent,0.89
IPE_000182,patent,knowledge_extraction,patent_application,de,automotive,True,patent,0.915
IPE_000183,patent,relation_extraction,technical_report,zh,biotechnology,True,patent,0.899
IPE_000184,patent,ip_detection,legal_document,zh,automotive,True,patent,0.854
IPE_000185,patent,entity_recognition,legal_document,es,automotive,True,patent,0.777
IPE_000186,patent,ip_detection,patent_application,de,energy,True,patent,0.822
IPE_000187,patent,ip_detection,legal_document,zh,biotechnology,True,patent,0.816
IPE_000188,patent,ip_detection,technical_report,zh,biotechnology,True,patent,0.828
IPE_000189,patent,ip_detection,research_paper,es,pharmaceutical,True,patent,0.76
IPE_000190,patent,entity_recognition,patent_application,fr,automotive,True,patent,0.93
IPE_000191,patent,relation_extraction,research_paper,en,energy,True,patent,0.932
IPE_000192,patent,ip_detection,meeting_minutes,en,biotechnology,True,patent,0.81
IPE_000193,patent,knowledge_extraction,technical_report,de,manufacturing,True,patent,0.898
IPE_000194,patent,entity_recognition,legal_document,de,software,True,patent,0.859
IPE_000195,patent,entity_recognition,research_paper,es,aerospace,True,patent,0.85
IPE_000196,patent,ip_detection,technical_report,ja,automotive,True,patent,0.947
IPE_000197,patent,knowledge_extraction,legal_document,fr,software,True,patent,0.863
IPE_000198,patent,relation_extraction,patent_application,zh,biotechnology,True,patent,0.85
IPE_000199,patent,ip_detection,patent_application,fr,biotechnology,True,patent,0.8
IPE_000200,patent,ip_detection,meeting_minutes,zh,pharmaceutical,True,patent,0.943
IPE_000201,patent,ip_detection,patent_application,fr,automotive,True,patent,0.762
IPE_000202,patent,knowledge_extraction,technical_report,ja,biotechnology,True,patent,0.826
IPE_000203,patent,relation_extraction,meeting_minutes,zh,software,True,patent,0.777
IPE_000204,patent,knowledge_extraction,technical_report,de,biotechnology,True,patent,0.894
IPE_000205,patent,entity_recognition,patent_application,fr,automotive,True,patent,0.855
IPE_000206,patent,ip_detection,technical_report,en,software,True,patent,0.862
IPE_000207,patent,relation_extraction,meeting_minutes,en,automotive,True,patent,0.883
IPE_000208,patent,ip_detection,research_paper,de,biotechnology,True,patent,0.93
IPE_000209,patent,ip_detection,patent_application,zh,aerospace,True,patent,0.925
IPE_000210,patent,ip_detection,research_paper,fr,aerospace,True,patent,0.942
IPE_000211,patent,entity_recognition,research_paper,de,energy,True,patent,0.943
IPE_000212,patent,ip_detection,legal_document,zh,manufacturing,True,patent,0.765
IPE_000213,patent,knowledge_extraction,legal_document,ja,software,True,patent,0.871
IPE_000214,patent,knowledge_extraction,meeting_minutes,fr,pharmaceutical,True,patent,0.86
IPE_000215,patent,knowledge_extraction,meeting_minutes,es,pharmaceutical,True,patent,0.765
IPE_000216,patent,knowledge_extraction,meeting_minutes,zh,manufacturing,True,patent,0.81
IPE_000217,patent,knowledge_extraction,technical_report,zh,manufacturing,True,patent,0.949
IPE_000218,patent,ip_detection,meeting_minutes,fr,automotive,True,patent,0.76
IPE_000219,patent,entity_recognition,research_paper,de,aerospace,True,patent,0.823
IPE_000220,patent,entity_recognition,legal_document,de,pharmaceutical,True,patent,0.924
IPE_000221,patent,knowledge_extraction,research_paper,de,automotive,True,patent,0.837
IPE_000222,patent,relation_extraction,research_paper,de,biotechnology,True,patent,0.89
IPE_000223,patent,ip_detection,patent_application,en,pharmaceutical,True,patent,0.795
IPE_000224,patent,entity_recognition,legal_document,en,biotechnology,True,patent,0.86
IPE_000225,patent,knowledge_extraction,legal_document,ja,aerospace,True,patent,0.859
IPE_000226,patent,relation_extraction,research_paper,zh,automotive,True,patent,0.902
IPE_000227,patent,relation_extraction,patent_application,es,software,True,patent,0.854
IPE_000228,patent,entity_recognition,patent_application,zh,automotive,True,patent,0.818
IPE_000229,patent,entity_recognition,meeting_minutes,en,aerospace,True,patent,0.947
IPE_000230,patent,relation_extraction,patent_application,fr,aerospace,True,patent,0.932
IPE_000231,patent,entity_recognition,research_paper,es,manufacturing,True,patent,0.943
IPE_000232,patent,relation_extraction,legal_document,ja,energy,True,patent,0.866
IPE_000233,patent,ip_detection,research_paper,fr,energy,True,patent,0.83
IPE_000234,patent,entity_recognition,legal_document,de,manufacturing,True,patent,0.835
IPE_000235,patent,knowledge_extraction,meeting_minutes,en,manufacturing,True,patent,0.926
IPE_000236,patent,knowledge_extraction,patent_application,zh,automotive,True,patent,0.814
IPE_000237,patent,relation_extraction,technical_report,de,energy,True,patent,0.805
IPE_000238,patent,ip_detection,legal_document,es,biotechnology,True,patent,0.882
IPE_000239,patent,entity_recognition,patent_application,es,aerospace,True,patent,0.807
IPE_000240,patent,ip_detection,technical_report,de,aerospace,True,patent,0.91
IPE_000241,patent,ip_detection,research_paper,zh,aerospace,True,patent,0.873
IPE_000242,patent,entity_recognition,meeting_minutes,en,aerospace,True,patent,0.83
IPE_000243,patent,ip_detection,legal_document,zh,manufacturing,True,patent,0.849
IPE_000244,patent,entity_recognition,technical_report,es,aerospace,True,patent,0.889
IPE_000245,patent,entity_recognition,legal_document,es,manufacturing,True,patent,0.942
IPE_000246,patent,entity_recognition,research_paper,en,manufacturing,True,patent,0.874
IPE_000247,patent,knowledge_extraction,legal_document,es,energy,True,patent,0.785
IPE_000248,patent,knowledge_extraction,patent_application,zh,aerospace,True,patent,0.883
IPE_000249,patent,ip_detection,research_paper,en,pharmaceutical,True,patent,0.768
IPE_000250,patent,ip_detection,meeting_minutes,ja,pharmaceutical,True,patent,0.793
IPE_000251,patent,knowledge_extraction,research_paper,en,manufacturing,True,patent,0.914
IPE_000252,patent,ip_detection,patent_application,es,manufacturing,True,patent,0.9
IPE_000253,patent,knowledge_extraction,research_paper,es,pharmaceutical,True,patent,0.86
IPE_000254,patent,relation_extraction,patent_application,de,biotechnology,True,patent,0.949
IPE_000255,patent,knowledge_extraction,research_paper,de,manufacturing,True,patent,0.847
IPE_000256,patent,ip_detection,technical_report,es,biotechnology,True,patent,0.946
IPE_000257,patent,relation_extraction,legal_document,es,biotechnology,True,patent,0.812
IPE_000258,patent,knowledge_extraction,patent_application,en,pharmaceutical,True,patent,0.821
IPE_000259,patent,ip_detection,legal_document,en,software,True,patent,0.788
IPE_000260,patent,relation_extraction,research_paper,es,energy,True,patent,0.791
IPE_000261,patent,knowledge_extraction,meeting_minutes,de,aerospace,True,patent,0.796
IPE_000262,patent,knowledge_extraction,legal_document,es,biotechnology,True,patent,0.851
IPE_000263,patent,ip_detection,research_paper,ja,energy,True,patent,0.778
IPE_000264,patent,relation_extraction,legal_document,zh,pharmaceutical,True,patent,0.786
IPE_000265,patent,entity_recognition,legal_document,en,aerospace,True,patent,0.835
IPE_000266,patent,knowledge_extraction,technical_report,en,aerospace,True,patent,0.924
IPE_000267,patent,ip_detection,technical_report,fr,pharmaceutical,True,patent,0.759
IPE_000268,patent,ip_detection,patent_application,ja,aerospace,True,patent,0.896
IPE_000269,patent,ip_detection,legal_document,es,manufacturing,True,patent,0.806
IPE_000270,patent,relation_extraction,legal_document,es,aerospace,True,patent,0.831
IPE_000271,patent,entity_recognition,patent_application,ja,energy,True,patent,0.876
IPE_000272,patent,knowledge_extraction,legal_document,es,aerospace,True,patent,0.922
IPE_000273,patent,ip_detection,technical_report,de,energy,True,patent,0.803
IPE_000274,patent,ip_detection,technical_report,en,manufacturing,True,patent,0.919
IPE_000275,patent,relation_extraction,research_paper,en,automotive,True,patent,0.818
IPE_000276,patent,entity_recognition,patent_application,fr,aerospace,True,patent,0.829
IPE_000277,patent,relation_extraction,legal_document,es,manufacturing,True,patent,0.799
IPE_000278,patent,relation_extraction,meeting_minutes,fr,manufacturing,True,patent,0.814
IPE_000279,patent,entity_recognition,meeting_minutes,es,aerospace,True,patent,0.789
IPE_000280,patent,knowledge_extraction,research_paper,de,pharmaceutical,True,patent,0.911
IPE_000281,patent,relation_extraction,technical_report,de,manufacturing,True,patent,0.78
IPE_000282,patent,ip_detection,legal_document,ja,pharmaceutical,True,patent,0.798
IPE_000283,patent,ip_detection,meeting_minutes,fr,biotechnology,True,patent,0.935
IPE_000284,patent,knowledge_extraction,legal_document,ja,automotive,True,patent,0.864
IPE_000285,patent,ip_detection,legal_document,fr,pharmaceutical,True,patent,0.942
IPE_000286,patent,entity_recognition,meeting_minutes,es,software,True,patent,0.785
IPE_000287,patent,ip_detection,patent_application,de,biotechnology,True,patent,0.77
IPE_000288,patent,knowledge_extraction,technical_report,zh,aerospace,True,patent,0.751
IPE_000289,patent,relation_extraction,legal_document,fr,pharmaceutical,True,patent,0.767
IPE_000290,patent,entity_recognition,technical_report,ja,aerospace,True,patent,0.942
IPE_000291,patent,entity_recognition,technical_report,zh,energy,True,patent,0.758
IPE_000292,patent,entity_recognition,meeting_minutes,en,software,True,patent,0.884
IPE_000293,patent,ip_detection,research_paper,zh,manufacturing,True,patent,0.775
IPE_000294,patent,entity_recognition,meeting_minutes,fr,pharmaceutical,True,patent,0.877
IPE_000295,patent,relation_extraction,meeting_minutes,fr,pharmaceutical,True,patent,0.948
IPE_000296,patent,relation_extraction,technical_report,zh,aerospace,True,patent,0.764
IPE_000297,patent,entity_recognition,legal_document,ja,software,True,patent,0.85
IPE_000298,patent,entity_recognition,patent_application,fr,pharmaceutical,True,patent,0.876
IPE_000299,patent,ip_detection,meeting_minutes,ja,pharmaceutical,True,patent,0.86
IPE_000300,patent,relation_extraction,technical_report,ja,software,True,patent,0.9
IPE_000301,patent,entity_recognition,patent_application,fr,aerospace,True,patent,0.904
IPE_000302,patent,relation_extraction,meeting_minutes,es,software,True,patent,0.784
IPE_000303,patent,entity_recognition,patent_application,zh,energy,True,patent,0.846
IPE_000304,patent,entity_recognition,legal_document,de,manufacturing,True,patent,0.908
IPE_000305,patent,ip_detection,legal_document,es,software,True,patent,0.858
IPE_000306,patent,knowledge_extraction,meeting_minutes,fr,manufacturing,True,patent,0.779
IPE_000307,patent,ip_detection,research_paper,ja,pharmaceutical,True,patent,0.912
IPE_000308,patent,knowledge_extraction,meeting_minutes,zh,software,True,patent,0.77
IPE_000309,patent,entity_recognition,legal_document,ja,manufacturing,True,patent,0.837
IPE_000310,patent,entity_recognition,legal_document,ja,manufacturing,True,patent,0.752
IPE_000311,patent,relation_extraction,patent_application,ja,energy,True,patent,0.824
IPE_000312,patent,knowledge_extraction,patent_application,es,software,True,patent,0.909
IPE_000313,patent,ip_detection,patent_application,ja,software,True,patent,0.82
IPE_000314,patent,entity_recognition,meeting_minutes,es,biotechnology,True,patent,0.759
IPE_000315,patent,ip_detection,meeting_minutes,fr,pharmaceutical,True,patent,0.795
IPE_000316,patent,entity_recognition,patent_application,fr,software,True,patent,0.899
IPE_000317,patent,knowledge_extraction,legal_document,zh,software,True,patent,0.839
IPE_000318,patent,ip_detection,meeting_minutes,en,energy,True,patent,0.861
IPE_000319,patent,entity_recognition,meeting_minutes,es,automotive,True,patent,0.892
IPE_000320,patent,relation_extraction,meeting_minutes,de,software,True,patent,0.752
IPE_000321,patent,entity_recognition,research_paper,fr,manufacturing,True,patent,0.834
IPE_000322,patent,ip_detection,research_paper,es,automotive,True,patent,0.882
IPE_000323,patent,relation_extraction,patent_application,de,energy,True,patent,0.778
IPE_000324,patent,relation_extraction,technical_report,en,pharmaceutical,True,patent,0.876
IPE_000325,patent,knowledge_extraction,research_paper,ja,manufacturing,True,patent,0.782
IPE_000326,patent,relation_extraction,meeting_minutes,de,manufacturing,True,patent,0.889
IPE_000327,patent,knowledge_extraction,research_paper,en,biotechnology,True,patent,0.919
IPE_000328,patent,ip_detection,research_paper,de,aerospace,True,patent,0.776
IPE_000329,patent,ip_detection,legal_document,es,automotive,True,patent,0.869
IPE_000330,patent,entity_recognition,patent_application,en,biotechnology,True,patent,0.945
IPE_000331,patent,knowledge_extraction,research_paper,fr,software,True,patent,0.9
IPE_000332,patent,ip_detection,research_paper,zh,manufacturing,True,patent,0.813
IPE_000333,patent,ip_detection,patent_application,ja,pharmaceutical,True,patent,0.878
IPE_000334,patent,entity_recognition,technical_report,ja,software,True,patent,0.825
IPE_000335,patent,knowledge_extraction,technical_report,fr,energy,True,patent,0.934
IPE_000336,patent,entity_recognition,meeting_minutes,fr,pharmaceutical,True,patent,0.762
IPE_000337,patent,entity_recognition,research_paper,ja,manufacturing,True,patent,0.852
IPE_000338,patent,relation_extraction,legal_document,zh,aerospace,True,patent,0.904
IPE_000339,patent,ip_detection,technical_report,ja,automotive,True,patent,0.874
IPE_000340,patent,ip_detection,patent_application,zh,automotive,True,patent,0.789
IPE_000341,patent,entity_recognition,patent_application,ja,aerospace,True,patent,0.88
IPE_000342,patent,knowledge_extraction,meeting_minutes,es,aerospace,True,patent,0.845
IPE_000343,patent,relation_extraction,legal_document,fr,manufacturing,True,patent,0.811
IPE_000344,patent,knowledge_extraction,meeting_minutes,de,biotechnology,True,patent,0.902
IPE_000345,patent,ip_detection,technical_report,de,energy,True,patent,0.78
IPE_000346,patent,relation_extraction,patent_application,fr,pharmaceutical,True,patent,0.841
IPE_000347,patent,ip_detection,meeting_minutes,es,software,True,patent,0.944
IPE_000348,patent,entity_recognition,legal_document,zh,pharmaceutical,True,patent,0.805
IPE_000349,patent,knowledge_extraction,meeting_minutes,es,energy,True,patent,0.776
IPE_000350,patent,entity_recognition,legal_document,de,energy,True,patent,0.774
IPE_000351,patent,knowledge_extraction,research_paper,es,aerospace,True,patent,0.853
IPE_000352,patent,ip_detection,technical_report,zh,pharmaceutical,True,patent,0.897
IPE_000353,patent,entity_recognition,legal_document,es,automotive,True,patent,0.769
IPE_000354,patent,relation_extraction,meeting_minutes,ja,aerospace,True,patent,0.773
IPE_000355,patent,relation_extraction,meeting_minutes,fr,aerospace,True,patent,0.794
IPE_000356,patent,knowledge_extraction,technical_report,de,energy,True,patent,0.833
IPE_000357,patent,knowledge_extraction,technical_report,ja,energy,True,patent,0.759
IPE_000358,patent,relation_extraction,technical_report,es,manufacturing,True,patent,0.769
IPE_000359,patent,ip_detection,meeting_minutes,en,software,True,patent,0.938
IPE_000360,patent,relation_extraction,research_paper,en,energy,True,patent,0.814
IPE_000361,patent,knowledge_extraction,patent_application,en,manufacturing,True,patent,0.931
IPE_000362,patent,entity_recognition,meeting_minutes,de,software,True,patent,0.912
IPE_000363,patent,relation_extraction,technical_report,en,aerospace,True,patent,0.82
IPE_000364,patent,entity_recognition,patent_application,ja,software,True,patent,0.814
IPE_000365,patent,knowledge_extraction,meeting_minutes,ja,aerospace,True,patent,0.906
IPE_000366,patent,ip_detection,legal_document,de,software,True,patent,0.921
IPE_000367,patent,relation_extraction,meeting_minutes,zh,automotive,True,patent,0.782
IPE_000368,patent,knowledge_extraction,legal_document,es,manufacturing,True,patent,0.87
IPE_000369,patent,knowledge_extraction,patent_application,es,software,True,patent,0.919
IPE_000370,patent,knowledge_extraction,legal_document,fr,manufacturing,True,patent,0.772
IPE_000371,patent,knowledge_extraction,research_paper,ja,software,True,patent,0.765
IPE_000372,patent,relation_extraction,patent_application,fr,energy,True,patent,0.779
IPE_000373,patent,ip_detection,meeting_minutes,es,energy,True,patent,0.943
IPE_000374,patent,relation_extraction,legal_document,es,software,True,patent,0.907
IPE_000375,patent,ip_detection,legal_document,es,aerospace,True,patent,0.862
IPE_000376,patent,ip_detection,legal_document,es,automotive,True,patent,0.877
IPE_000377,patent,entity_recognition,meeting_minutes,zh,biotechnology,True,patent,0.947
IPE_000378,patent,knowledge_extraction,meeting_minutes,en,pharmaceutical,True,patent,0.876
IPE_000379,patent,ip_detection,patent_application,zh,energy,True,patent,0.814
IPE_000380,patent,relation_extraction,patent_application,en,automotive,True,patent,0.771
IPE_000381,patent,ip_detection,patent_application,fr,aerospace,True,patent,0.793
IPE_000382,patent,knowledge_extraction,patent_application,de,automotive,True,patent,0.795
IPE_000383,patent,entity_recognition,meeting_minutes,en,manufacturing,True,patent,0.816
IPE_000384,patent,relation_extraction,legal_document,ja,manufacturing,True,patent,0.901
IPE_000385,patent,relation_extraction,research_paper,zh,pharmaceutical,True,patent,0.923
IPE_000386,patent,entity_recognition,legal_document,zh,biotechnology,True,patent,0.894
IPE_000387,patent,ip_detection,meeting_minutes,fr,software,True,patent,0.796
IPE_000388,patent,knowledge_extraction,patent_application,fr,automotive,True,patent,0.795
IPE_000389,patent,ip_detection,patent_application,de,biotechnology,True,patent,0.897
IPE_000390,patent,entity_recognition,patent_application,en,pharmaceutical,True,patent,0.909
IPE_000391,patent,entity_recognition,technical_report,fr,energy,True,patent,0.925
IPE_000392,patent,knowledge_extraction,technical_report,ja,manufacturing,True,patent,0.876
IPE_000393,patent,knowledge_extraction,legal_document,en,manufacturing,True,patent,0.927
IPE_000394,patent,ip_detection,research_paper,ja,biotechnology,True,patent,0.89
IPE_000395,patent,relation_extraction,research_paper,en,automotive,True,patent,0.856
IPE_000396,patent,entity_recognition,research_paper,fr,automotive,True,patent,0.897
IPE_000397,patent,relation_extraction,research_paper,es,manufacturing,True,patent,0.777
IPE_000398,patent,relation_extraction,meeting_minutes,es,aerospace,True,patent,0.804
IPE_000399,patent,knowledge_extraction,research_paper,en,biotechnology,True,patent,0.929
IPE_000400,patent,relation_extraction,patent_application,de,pharmaceutical,True,patent,0.858
IPE_000401,patent,relation_extraction,meeting_minutes,zh,software,True,patent,0.926
IPE_000402,patent,ip_detection,technical_report,zh,energy,True,patent,0.905
IPE_000403,patent,entity_recognition,technical_report,zh,automotive,True,patent,0.798
IPE_000404,patent,knowledge_extraction,meeting_minutes,de,software,True,patent,0.782
IPE_000405,patent,entity_recognition,technical_report,de,manufacturing,True,patent,0.944
IPE_000406,patent,entity_recognition,legal_document,ja,software,True,patent,0.824
IPE_000407,patent,ip_detection,technical_report,en,software,True,patent,0.912
IPE_000408,patent,relation_extraction,patent_application,de,manufacturing,True,patent,0.798
IPE_000409,patent,entity_recognition,meeting_minutes,zh,biotechnology,True,patent,0.933
IPE_000410,patent,knowledge_extraction,meeting_minutes,ja,software,True,patent,0.765
IPE_000411,patent,entity_recognition,legal_document,zh,biotechnology,True,patent,0.75
IPE_000412,patent,ip_detection,meeting_minutes,fr,automotive,True,patent,0.928
IPE_000413,patent,ip_detection,patent_application,ja,software,True,patent,0.868
IPE_000414,patent,entity_recognition,patent_application,ja,software,True,patent,0.814
IPE_000415,patent,ip_detection,research_paper,de,energy,True,patent,0.814
IPE_000416,patent,ip_detection,technical_report,ja,pharmaceutical,True,patent,0.862
IPE_000417,patent,knowledge_extraction,legal_document,zh,manufacturing,True,patent,0.76
IPE_000418,patent,relation_extraction,research_paper,en,aerospace,True,patent,0.891
IPE_000419,patent,knowledge_extraction,legal_document,de,automotive,True,patent,0.913
IPE_000420,patent,knowledge_extraction,patent_application,fr,aerospace,True,patent,0.827
IPE_000421,patent,entity_recognition,legal_document,de,software,True,patent,0.817
IPE_000422,patent,ip_detection,legal_document,ja,aerospace,True,patent,0.834
IPE_000423,patent,entity_recognition,research_paper,fr,software,True,patent,0.931
IPE_000424,patent,relation_extraction,technical_report,en,biotechnology,True,patent,0.911
IPE_000425,patent,entity_recognition,technical_report,en,manufacturing,True,patent,0.885
IPE_000426,patent,entity_recognition,patent_application,zh,biotechnology,True,patent,0.807
IPE_000427,patent,knowledge_extraction,technical_report,en,manufacturing,True,patent,0.798
IPE_000428,patent,ip_detection,meeting_minutes,de,software,True,patent,0.932
IPE_000429,patent,knowledge_extraction,legal_document,fr,software,True,patent,0.846
IPE_000430,patent,entity_recognition,technical_report,es,software,True,patent,0.843
IPE_000431,patent,knowledge_extraction,meeting_minutes,zh,manufacturing,True,patent,0.853
IPE_000432,patent,relation_extraction,meeting_minutes,es,manufacturing,True,patent,0.783
IPE_000433,patent,entity_recognition,technical_report,de,aerospace,True,patent,0.895
IPE_000434,patent,relation_extraction,legal_document,en,energy,True,patent,0.939
IPE_000435,patent,knowledge_extraction,legal_document,de,automotive,True,patent,0.853
IPE_000436,patent,knowledge_extraction,technical_report,de,aerospace,True,patent,0.923
IPE_000437,patent,entity_recognition,patent_application,zh,aerospace,True,patent,0.92
IPE_000438,patent,knowledge_extraction,technical_report,zh,pharmaceutical,True,patent,0.775
IPE_000439,patent,relation_extraction,legal_document,fr,aerospace,True,patent,0.943
IPE_000440,patent,knowledge_extraction,research_paper,zh,energy,True,patent,0.772
IPE_000441,patent,relation_extraction,legal_document,zh,pharmaceutical,True,patent,0.899
IPE_000442,patent,ip_detection,meeting_minutes,es,aerospace,True,patent,0.841
IPE_000443,patent,ip_detection,patent_application,es,software,True,patent,0.806
IPE_000444,patent,entity_recognition,legal_document,de,automotive,True,patent,0.81
IPE_000445,patent,knowledge_extraction,patent_application,en,pharmaceutical,True,patent,0.93
IPE_000446,patent,entity_recognition,technical_report,en,biotechnology,True,patent,0.801
IPE_000447,patent,ip_detection,research_paper,de,pharmaceutical,True,patent,0.929
IPE_000448,patent,entity_recognition,meeting_minutes,en,biotechnology,True,patent,0.791
IPE_000449,patent,knowledge_extraction,patent_application,de,aerospace,True,patent,0.903
IPE_000450,patent,entity_recognition,technical_report,es,manufacturing,True,patent,0.813
IPE_000451,patent,relation_extraction,technical_report,de,automotive,True,patent,0.923
IPE_000452,patent,entity_recognition,patent_application,en,pharmaceutical,True,patent,0.834
IPE_000453,patent,ip_detection,research_paper,fr,biotechnology,True,patent,0.947
IPE_000454,patent,knowledge_extraction,research_paper,ja,software,True,patent,0.802
IPE_000455,patent,entity_recognition,technical_report,fr,software,True,patent,0.921
IPE_000456,patent,relation_extraction,technical_report,de,automotive,True,patent,0.836
IPE_000457,patent,entity_recognition,technical_report,zh,energy,True,patent,0.88
IPE_000458,patent,entity_recognition,legal_document,ja,manufacturing,True,patent,0.874
IPE_000459,patent,entity_recognition,research_paper,en,energy,True,patent,0.851
IPE_000460,patent,ip_detection,patent_application,ja,aerospace,True,patent,0.916
IPE_000461,patent,knowledge_extraction,meeting_minutes,ja,biotechnology,True,patent,0.804
IPE_000462,patent,entity_recognition,research_paper,de,software,True,patent,0.869
IPE_000463,patent,ip_detection,technical_report,fr,manufacturing,True,patent,0.921
IPE_000464,patent,entity_recognition,technical_report,ja,software,True,patent,0.787
IPE_000465,patent,knowledge_extraction,legal_document,zh,automotive,True,patent,0.935
IPE_000466,patent,entity_recognition,patent_application,es,software,True,patent,0.83
IPE_000467,patent,knowledge_extraction,legal_document,es,software,True,patent,0.87
IPE_000468,patent,ip_detection,technical_report,en,automotive,True,patent,0.813
IPE_000469,patent,knowledge_extraction,research_paper,fr,manufacturing,True,patent,0.759
IPE_000470,patent,entity_recognition,patent_application,en,pharmaceutical,True,patent,0.911
IPE_000471,patent,relation_extraction,research_paper,es,aerospace,True,patent,0.753
IPE_000472,patent,entity_recognition,technical_report,ja,energy,True,patent,0.826
IPE_000473,patent,knowledge_extraction,meeting_minutes,de,energy,True,patent,0.94
IPE_000474,patent,entity_recognition,legal_document,en,aerospace,True,patent,0.789
IPE_000475,patent,entity_recognition,technical_report,es,aerospace,True,patent,0.858
IPE_000476,patent,entity_recognition,research_paper,es,pharmaceutical,True,patent,0.798
IPE_000477,patent,ip_detection,research_paper,ja,pharmaceutical,True,patent,0.858
IPE_000478,patent,entity_recognition,patent_application,ja,automotive,True,patent,0.853
IPE_000479,patent,ip_detection,research_paper,de,automotive,True,patent,0.864
IPE_000480,patent,relation_extraction,meeting_minutes,es,software,True,patent,0.775
IPE_000481,patent,knowledge_extraction,technical_report,ja,pharmaceutical,True,patent,0.948
IPE_000482,patent,relation_extraction,technical_report,en,energy,True,patent,0.942
IPE_000483,patent,entity_recognition,patent_application,zh,automotive,True,patent,0.858
IPE_000484,patent,ip_detection,patent_application,de,aerospace,True,patent,0.941
IPE_000485,patent,entity_recognition,meeting_minutes,fr,manufacturing,True,patent,0.848
IPE_000486,patent,ip_detection,legal_document,fr,energy,True,patent,0.812
IPE_000487,patent,ip_detection,meeting_minutes,ja,automotive,True,patent,0.912
IPE_000488,patent,knowledge_extraction,research_paper,fr,software,True,patent,0.797
IPE_000489,patent,knowledge_extraction,patent_application,fr,automotive,True,patent,0.847
IPE_000490,patent,knowledge_extraction,legal_document,es,software,True,patent,0.92
IPE_000491,patent,knowledge_extraction,research_paper,zh,energy,True,patent,0.91
IPE_000492,patent,ip_detection,legal_document,es,software,True,patent,0.92
IPE_000493,patent,knowledge_extraction,meeting_minutes,fr,aerospace,True,patent,0.789
IPE_000494,patent,relation_extraction,legal_document,ja,pharmaceutical,True,patent,0.843
IPE_000495,patent,relation_extraction,meeting_minutes,de,automotive,True,patent,0.936
IPE_000496,patent,ip_detection,research_paper,en,aerospace,True,patent,0.776
IPE_000497,patent,entity_recognition,research_paper,es,energy,True,patent,0.888
IPE_000498,patent,entity_recognition,meeting_minutes,fr,energy,True,patent,0.899
IPE_000499,patent,relation_extraction,legal_document,ja,software,True,patent,0.752
IPE_000500,patent,entity_recognition,meeting_minutes,de,energy,True,patent,0.872
IPE_000501,patent,knowledge_extraction,legal_document,de,biotechnology,True,patent,0.801
IPE_000502,patent,relation_extraction,legal_document,zh,pharmaceutical,True,patent,0.947
IPE_000503,patent,knowledge_extraction,meeting_minutes,en,biotechnology,True,patent,0.89
IPE_000504,patent,ip_detection,research_paper,zh,aerospace,True,patent,0.834
IPE_000505,patent,knowledge_extraction,technical_report,fr,manufacturing,True,patent,0.932
IPE_000506,patent,knowledge_extraction,research_paper,en,biotechnology,True,patent,0.92
IPE_000507,patent,ip_detection,patent_application,zh,biotechnology,True,patent,0.804
IPE_000508,patent,knowledge_extraction,meeting_minutes,es,automotive,True,patent,0.801
IPE_000509,patent,entity_recognition,meeting_minutes,fr,energy,True,patent,0.778
IPE_000510,patent,ip_detection,patent_application,de,automotive,True,patent,0.914
IPE_000511,patent,relation_extraction,meeting_minutes,zh,pharmaceutical,True,patent,0.755
IPE_000512,patent,entity_recognition,research_paper,en,energy,True,patent,0.824
IPE_000513,patent,ip_detection,research_paper,zh,biotechnology,True,patent,0.832
IPE_000514,patent,relation_extraction,legal_document,zh,automotive,True,patent,0.821
IPE_000515,patent,knowledge_extraction,patent_application,fr,aerospace,True,patent,0.832
IPE_000516,patent,entity_recognition,meeting_minutes,en,biotechnology,True,patent,0.823
IPE_000517,patent,ip_detection,patent_application,ja,energy,True,patent,0.78
IPE_000518,patent,relation_extraction,technical_report,de,aerospace,True,patent,0.769
IPE_000519,patent,ip_detection,research_paper,en,biotechnology,True,patent,0.908
IPE_000520,patent,entity_recognition,legal_document,en,software,True,patent,0.795
IPE_000521,patent,entity_recognition,research_paper,en,energy,True,patent,0.92
IPE_000522,patent,ip_detection,legal_document,es,software,True,patent,0.791
IPE_000523,patent,knowledge_extraction,technical_report,zh,manufacturing,True,patent,0.801
IPE_000524,patent,relation_extraction,meeting_minutes,zh,software,True,patent,0.768
IPE_000525,patent,knowledge_extraction,patent_application,ja,biotechnology,True,patent,0.757
IPE_000526,patent,relation_extraction,technical_report,fr,energy,True,patent,0.935
IPE_000527,patent,knowledge_extraction,legal_document,es,automotive,True,patent,0.903
IPE_000528,patent,knowledge_extraction,legal_document,ja,manufacturing,True,patent,0.94
IPE_000529,patent,knowledge_extraction,legal_document,en,biotechnology,True,patent,0.765
IPE_000530,patent,ip_detection,research_paper,zh,automotive,True,patent,0.782
IPE_000531,patent,entity_recognition,meeting_minutes,de,energy,True,patent,0.934
IPE_000532,patent,knowledge_extraction,legal_document,zh,aerospace,True,patent,0.812
IPE_000533,patent,relation_extraction,legal_document,de,pharmaceutical,True,patent,0.894
IPE_000534,patent,relation_extraction,patent_application,en,aerospace,True,patent,0.827
IPE_000535,patent,ip_detection,patent_application,zh,aerospace,True,patent,0.939
IPE_000536,patent,knowledge_extraction,technical_report,de,energy,True,patent,0.753
IPE_000537,patent,ip_detection,meeting_minutes,en,pharmaceutical,True,patent,0.87
IPE_000538,patent,relation_extraction,meeting_minutes,fr,software,True,patent,0.922
IPE_000539,patent,entity_recognition,meeting_minutes,fr,software,True,patent,0.827
IPE_000540,patent,relation_extraction,technical_report,es,pharmaceutical,True,patent,0.793
IPE_000541,patent,knowledge_extraction,patent_application,es,automotive,True,patent,0.927
IPE_000542,patent,ip_detection,meeting_minutes,zh,manufacturing,True,patent,0.783
IPE_000543,patent,entity_recognition,patent_application,en,pharmaceutical,True,patent,0.922
IPE_000544,patent,knowledge_extraction,research_paper,en,manufacturing,True,patent,0.908
IPE_000545,patent,entity_recognition,research_paper,de,automotive,True,patent,0.756
IPE_000546,patent,entity_recognition,meeting_minutes,en,aerospace,True,patent,0.82
IPE_000547,patent,entity_recognition,legal_document,de,pharmaceutical,True,patent,0.926
IPE_000548,patent,ip_detection,legal_document,en,biotechnology,True,patent,0.813
IPE_000549,patent,ip_detection,legal_document,en,energy,True,patent,0.89
IPE_000550,patent,relation_extraction,technical_report,de,biotechnology,True,patent,0.884
IPE_000551,patent,entity_recognition,meeting_minutes,zh,manufacturing,True,patent,0.93
IPE_000552,patent,relation_extraction,patent_application,en,energy,True,patent,0.764
IPE_000553,patent,ip_detection,research_paper,zh,software,True,patent,0.783
IPE_000554,patent,knowledge_extraction,patent_application,es,aerospace,True,patent,0.94
IPE_000555,patent,knowledge_extraction,technical_report,de,pharmaceutical,True,patent,0.891
IPE_000556,patent,entity_recognition,patent_application,es,pharmaceutical,True,patent,0.902
IPE_000557,patent,relation_extraction,research_paper,de,biotechnology,True,patent,0.835
IPE_000558,patent,entity_recognition,meeting_minutes,ja,biotechnology,True,patent,0.943
IPE_000559,patent,knowledge_extraction,technical_report,de,biotechnology,True,patent,0.918
IPE_000560,patent,relation_extraction,meeting_minutes,zh,manufacturing,True,patent,0.868
IPE_000561,patent,knowledge_extraction,meeting_minutes,en,energy,True,patent,0.884
IPE_000562,patent,knowledge_extraction,technical_report,ja,energy,True,patent,0.932
IPE_000563,patent,ip_detection,legal_document,en,energy,True,patent,0.921
IPE_000564,patent,ip_detection,research_paper,en,biotechnology,True,patent,0.902
IPE_000565,patent,ip_detection,meeting_minutes,es,pharmaceutical,True,patent,0.927
IPE_000566,patent,relation_extraction,patent_application,fr,software,True,patent,0.902
IPE_000567,patent,relation_extraction,research_paper,fr,automotive,True,patent,0.802
IPE_000568,patent,knowledge_extraction,legal_document,en,biotechnology,True,patent,0.873
IPE_000569,patent,entity_recognition,legal_document,zh,pharmaceutical,True,patent,0.894
IPE_000570,patent,knowledge_extraction,research_paper,es,pharmaceutical,True,patent,0.77
IPE_000571,patent,ip_detection,patent_application,fr,aerospace,True,patent,0.94
IPE_000572,patent,knowledge_extraction,meeting_minutes,de,manufacturing,True,patent,0.866
IPE_000573,patent,entity_recognition,research_paper,de,software,True,patent,0.9
IPE_000574,patent,entity_recognition,legal_document,en,software,True,patent,0.843
IPE_000575,patent,ip_detection,research_paper,en,energy,True,patent,0.922
IPE_000576,patent,entity_recognition,technical_report,es,pharmaceutical,True,patent,0.856
IPE_000577,patent,relation_extraction,legal_document,fr,aerospace,True,patent,0.804
IPE_000578,patent,ip_detection,meeting_minutes,ja,manufacturing,True,patent,0.949
IPE_000579,patent,entity_recognition,technical_report,en,automotive,True,patent,0.878
IPE_000580,patent,knowledge_extraction,research_paper,es,energy,True,patent,0.919
IPE_000581,patent,entity_recognition,technical_report,es,energy,True,patent,0.923
IPE_000582,patent,relation_extraction,legal_document,de,software,True,patent,0.88
IPE_000583,patent,ip_detection,meeting_minutes,ja,energy,True,patent,0.819
IPE_000584,patent,entity_recognition,research_paper,ja,biotechnology,True,patent,0.888
IPE_000585,patent,relation_extraction,technical_report,fr,software,True,patent,0.913
IPE_000586,patent,knowledge_extraction,research_paper,ja,automotive,True,patent,0.877
IPE_000587,patent,knowledge_extraction,legal_document,ja,aerospace,True,patent,0.804
IPE_000588,patent,knowledge_extraction,technical_report,en,energy,True,patent,0.948
IPE_000589,patent,knowledge_extraction,meeting_minutes,zh,energy,True,patent,0.843
IPE_000590,patent,knowledge_extraction,patent_application,en,energy,True,patent,0.822
IPE_000591,patent,ip_detection,technical_report,es,aerospace,True,patent,0.915
IPE_000592,patent,ip_detection,legal_document,en,software,True,patent,0.833
IPE_000593,patent,ip_detection,technical_report,ja,energy,True,patent,0.942
IPE_000594,patent,entity_recognition,research_paper,de,manufacturing,True,patent,0.923
IPE_000595,patent,ip_detection,patent_application,en,aerospace,True,patent,0.929
IPE_000596,patent,ip_detection,patent_application,es,automotive,True,patent,0.861
IPE_000597,patent,ip_detection,legal_document,es,automotive,True,patent,0.831
IPE_000598,patent,knowledge_extraction,technical_report,de,energy,True,patent,0.823
IPE_000599,patent,ip_detection,meeting_minutes,fr,automotive,True,patent,0.85
IPE_000600,patent,knowledge_extraction,patent_application,en,pharmaceutical,True,patent,0.755
IPE_000601,patent,relation_extraction,legal_document,zh,software,True,patent,0.813
IPE_000602,patent,entity_recognition,legal_document,de,software,True,patent,0.796
IPE_000603,patent,ip_detection,patent_application,es,pharmaceutical,True,patent,0.803
IPE_000604,patent,knowledge_extraction,legal_document,ja,biotechnology,True,patent,0.763
IPE_000605,patent,entity_recognition,research_paper,de,energy,True,patent,0.828
IPE_000606,patent,knowledge_extraction,meeting_minutes,fr,manufacturing,True,patent,0.923
IPE_000607,patent,entity_recognition,patent_application,fr,automotive,True,patent,0.781
IPE_000608,patent,ip_detection,legal_document,fr,automotive,True,patent,0.882
IPE_000609,patent,entity_recognition,legal_document,de,energy,True,patent,0.908
IPE_000610,patent,entity_recognition,technical_report,en,manufacturing,True,patent,0.883
IPE_000611,patent,ip_detection,legal_document,de,biotechnology,True,patent,0.796
IPE_000612,patent,knowledge_extraction,patent_application,ja,energy,True,patent,0.873
IPE_000613,patent,ip_detection,meeting_minutes,fr,energy,True,patent,0.922
IPE_000614,patent,entity_recognition,meeting_minutes,de,software,True,patent,0.906
IPE_000615,patent,knowledge_extraction,legal_document,en,biotechnology,True,patent,0.929
IPE_000616,patent,ip_detection,patent_application,fr,automotive,True,patent,0.925
IPE_000617,patent,ip_detection,legal_document,en,automotive,True,patent,0.782
IPE_000618,patent,ip_detection,technical_report,es,pharmaceutical,True,patent,0.89
IPE_000619,patent,ip_detection,meeting_minutes,fr,biotechnology,True,patent,0.795
IPE_000620,patent,knowledge_extraction,technical_report,de,manufacturing,True,patent,0.756
IPE_000621,patent,ip_detection,research_paper,ja,automotive,True,patent,0.834
IPE_000622,patent,entity_recognition,meeting_minutes,es,software,True,patent,0.804
IPE_000623,patent,knowledge_extraction,legal_document,ja,aerospace,True,patent,0.86
IPE_000624,patent,knowledge_extraction,legal_document,zh,software,True,patent,0.78
IPE_000625,patent,knowledge_extraction,technical_report,es,biotechnology,True,patent,0.889
IPE_000626,patent,relation_extraction,technical_report,de,biotechnology,True,patent,0.935
IPE_000627,patent,knowledge_extraction,research_paper,es,biotechnology,True,patent,0.915
IPE_000628,patent,entity_recognition,research_paper,de,aerospace,True,patent,0.847
IPE_000629,patent,knowledge_extraction,legal_document,zh,biotechnology,True,patent,0.949
IPE_000630,patent,knowledge_extraction,research_paper,es,manufacturing,True,patent,0.93
IPE_000631,patent,entity_recognition,technical_report,fr,pharmaceutical,True,patent,0.924
IPE_000632,patent,ip_detection,research_paper,ja,aerospace,True,patent,0.938
IPE_000633,patent,entity_recognition,patent_application,de,software,True,patent,0.828
IPE_000634,patent,relation_extraction,research_paper,fr,biotechnology,True,patent,0.92
IPE_000635,patent,relation_extraction,patent_application,zh,pharmaceutical,True,patent,0.872
IPE_000636,patent,knowledge_extraction,legal_document,es,pharmaceutical,True,patent,0.798
IPE_000637,patent,knowledge_extraction,legal_document,en,automotive,True,patent,0.945
IPE_000638,patent,ip_detection,research_paper,fr,software,True,patent,0.891
IPE_000639,patent,relation_extraction,legal_document,de,software,True,patent,0.865
IPE_000640,patent,knowledge_extraction,meeting_minutes,fr,manufacturing,True,patent,0.883
IPE_000641,patent,entity_recognition,patent_application,ja,manufacturing,True,patent,0.774
IPE_000642,patent,knowledge_extraction,meeting_minutes,en,pharmaceutical,True,patent,0.788
IPE_000643,patent,relation_extraction,legal_document,zh,automotive,True,patent,0.807
IPE_000644,patent,ip_detection,research_paper,fr,automotive,True,patent,0.912
IPE_000645,patent,knowledge_extraction,meeting_minutes,zh,aerospace,True,patent,0.795
IPE_000646,patent,relation_extraction,legal_document,es,manufacturing,True,patent,0.864
IPE_000647,patent,entity_recognition,patent_application,de,manufacturing,True,patent,0.877
IPE_000648,patent,entity_recognition,technical_report,fr,energy,True,patent,0.789
IPE_000649,patent,knowledge_extraction,patent_application,zh,aerospace,True,patent,0.826
IPE_000650,patent,relation_extraction,research_paper,ja,biotechnology,True,patent,0.883
IPE_000651,patent,knowledge_extraction,meeting_minutes,ja,biotechnology,True,patent,0.835
IPE_000652,patent,relation_extraction,meeting_minutes,zh,software,True,patent,0.919
IPE_000653,patent,knowledge_extraction,research_paper,ja,pharmaceutical,True,patent,0.901
IPE_000654,patent,entity_recognition,meeting_minutes,fr,software,True,patent,0.832
IPE_000655,patent,entity_recognition,meeting_minutes,en,pharmaceutical,True,patent,0.948
IPE_000656,patent,entity_recognition,meeting_minutes,fr,manufacturing,True,patent,0.87
IPE_000657,patent,ip_detection,research_paper,es,biotechnology,True,patent,0.94
IPE_000658,patent,knowledge_extraction,research_paper,de,biotechnology,True,patent,0.79
IPE_000659,patent,knowledge_extraction,technical_report,en,biotechnology,True,patent,0.808
IPE_000660,patent,knowledge_extraction,meeting_minutes,ja,biotechnology,True,patent,0.948
IPE_000661,patent,relation_extraction,patent_application,en,biotechnology,True,patent,0.932
IPE_000662,patent,knowledge_extraction,patent_application,zh,automotive,True,patent,0.788
IPE_000663,patent,ip_detection,legal_document,es,aerospace,True,patent,0.778
IPE_000664,patent,ip_detection,research_paper,de,aerospace,True,patent,0.796
IPE_000665,patent,entity_recognition,technical_report,es,manufacturing,True,patent,0.899
IPE_000666,patent,knowledge_extraction,legal_document,de,pharmaceutical,True,patent,0.897
IPE_000667,patent,knowledge_extraction,patent_application,fr,energy,True,patent,0.812
IPE_000668,patent,knowledge_extraction,research_paper,de,automotive,True,patent,0.868
IPE_000669,patent,ip_detection,legal_document,es,biotechnology,True,patent,0.754
IPE_000670,patent,entity_recognition,research_paper,es,manufacturing,True,patent,0.783
IPE_000671,patent,ip_detection,research_paper,en,pharmaceutical,True,patent,0.765
IPE_000672,patent,knowledge_extraction,meeting_minutes,de,manufacturing,True,patent,0.82
IPE_000673,patent,knowledge_extraction,patent_application,fr,pharmaceutical,True,patent,0.847
IPE_000674,patent,entity_recognition,patent_application,de,software,True,patent,0.82
IPE_000675,patent,relation_extraction,technical_report,ja,aerospace,True,patent,0.876
IPE_000676,patent,ip_detection,legal_document,de,biotechnology,True,patent,0.905
IPE_000677,patent,relation_extraction,technical_report,zh,automotive,True,patent,0.784
IPE_000678,patent,relation_extraction,patent_application,fr,software,True,patent,0.92
IPE_000679,patent,relation_extraction,legal_document,ja,manufacturing,True,patent,0.84
IPE_000680,patent,entity_recognition,research_paper,fr,automotive,True,patent,0.755
IPE_000681,patent,knowledge_extraction,research_paper,es,pharmaceutical,True,patent,0.864
IPE_000682,patent,relation_extraction,patent_application,ja,pharmaceutical,True,patent,0.948
IPE_000683,patent,ip_detection,meeting_minutes,zh,software,True,patent,0.846
IPE_000684,patent,knowledge_extraction,patent_application,de,biotechnology,True,patent,0.84
IPE_000685,patent,knowledge_extraction,legal_document,ja,aerospace,True,patent,0.849
IPE_000686,patent,knowledge_extraction,research_paper,de,automotive,True,patent,0.775
IPE_000687,patent,entity_recognition,meeting_minutes,en,energy,True,patent,0.769
IPE_000688,patent,ip_detection,technical_report,es,biotechnology,True,patent,0.94
IPE_000689,patent,relation_extraction,research_paper,ja,aerospace,True,patent,0.82
IPE_000690,patent,entity_recognition,patent_application,es,software,True,patent,0.803
IPE_000691,patent,relation_extraction,legal_document,ja,automotive,True,patent,0.945
IPE_000692,patent,relation_extraction,patent_application,de,biotechnology,True,patent,0.844
IPE_000693,patent,entity_recognition,technical_report,de,software,True,patent,0.76
IPE_000694,patent,relation_extraction,legal_document,zh,energy,True,patent,0.861
IPE_000695,patent,ip_detection,legal_document,de,energy,True,patent,0.832
IPE_000696,patent,ip_detection,research_paper,ja,manufacturing,True,patent,0.914
IPE_000697,patent,relation_extraction,technical_report,de,energy,True,patent,0.906
IPE_000698,patent,knowledge_extraction,patent_application,en,biotechnology,True,patent,0.937
IPE_000699,patent,knowledge_extraction,legal_document,fr,manufacturing,True,patent,0.826
IPE_000700,patent,relation_extraction,patent_application,de,software,True,patent,0.941
IPE_000701,patent,relation_extraction,technical_report,zh,pharmaceutical,True,patent,0.947
IPE_000702,patent,ip_detection,meeting_minutes,de,software,True,patent,0.823
IPE_000703,patent,entity_recognition,legal_document,zh,energy,True,patent,0.918
IPE_000704,patent,knowledge_extraction,legal_document,zh,biotechnology,True,patent,0.85
IPE_000705,patent,knowledge_extraction,technical_report,ja,software,True,patent,0.775
IPE_000706,patent,entity_recognition,legal_document,en,energy,True,patent,0.786
IPE_000707,patent,entity_recognition,meeting_minutes,fr,energy,True,patent,0.935
IPE_000708,patent,ip_detection,research_paper,en,energy,True,patent,0.872
IPE_000709,patent,entity_recognition,technical_report,ja,software,True,patent,0.947
IPE_000710,patent,ip_detection,patent_application,de,manufacturing,True,patent,0.879
IPE_000711,patent,relation_extraction,technical_report,ja,manufacturing,True,patent,0.892
IPE_000712,patent,ip_detection,legal_document,zh,automotive,True,patent,0.899
IPE_000713,patent,ip_detection,legal_document,zh,automotive,True,patent,0.769
IPE_000714,patent,knowledge_extraction,legal_document,en,pharmaceutical,True,patent,0.773
IPE_000715,patent,knowledge_extraction,legal_document,ja,pharmaceutical,True,patent,0.834
IPE_000716,patent,knowledge_extraction,research_paper,de,manufacturing,True,patent,0.836
IPE_000717,patent,ip_detection,patent_application,de,aerospace,True,patent,0.843
IPE_000718,patent,entity_recognition,research_paper,zh,software,True,patent,0.768
IPE_000719,patent,knowledge_extraction,research_paper,zh,software,True,patent,0.788
IPE_000720,patent,relation_extraction,legal_document,zh,pharmaceutical,True,patent,0.766
IPE_000721,patent,entity_recognition,research_paper,es,software,True,patent,0.834
IPE_000722,patent,relation_extraction,meeting_minutes,en,pharmaceutical,True,patent,0.906
IPE_000723,patent,relation_extraction,meeting_minutes,zh,manufacturing,True,patent,0.762
IPE_000724,patent,relation_extraction,research_paper,de,manufacturing,True,patent,0.845
IPE_000725,patent,entity_recognition,patent_application,en,energy,True,patent,0.882
IPE_000726,patent,ip_detection,technical_report,zh,software,True,patent,0.809
IPE_000727,patent,knowledge_extraction,legal_document,fr,automotive,True,patent,0.935
IPE_000728,patent,entity_recognition,research_paper,en,software,True,patent,0.915
IPE_000729,patent,knowledge_extraction,patent_application,zh,manufacturing,True,patent,0.78
IPE_000730,patent,knowledge_extraction,legal_document,fr,automotive,True,patent,0.871
IPE_000731,patent,relation_extraction,patent_application,ja,manufacturing,True,patent,0.787
IPE_000732,patent,entity_recognition,research_paper,de,software,True,patent,0.774
IPE_000733,patent,ip_detection,legal_document,ja,software,True,patent,0.879
IPE_000734,patent,knowledge_extraction,meeting_minutes,ja,energy,True,patent,0.903
IPE_000735,patent,ip_detection,patent_application,fr,automotive,True,patent,0.885
IPE_000736,patent,relation_extraction,meeting_minutes,zh,pharmaceutical,True,patent,0.807
IPE_000737,patent,ip_detection,patent_application,de,pharmaceutical,True,patent,0.863
IPE_000738,patent,ip_detection,legal_document,fr,biotechnology,True,patent,0.841
IPE_000739,patent,ip_detection,legal_document,es,energy,True,patent,0.763
IPE_000740,patent,relation_extraction,meeting_minutes,zh,pharmaceutical,True,patent,0.878
IPE_000741,patent,relation_extraction,patent_application,fr,aerospace,True,patent,0.81
IPE_000742,patent,entity_recognition,legal_document,zh,biotechnology,True,patent,0.881
IPE_000743,patent,knowledge_extraction,research_paper,en,automotive,True,patent,0.934
IPE_000744,patent,knowledge_extraction,research_paper,de,aerospace,True,patent,0.761
IPE_000745,patent,ip_detection,research_paper,en,aerospace,True,patent,0.949
IPE_000746,patent,relation_extraction,meeting_minutes,de,manufacturing,True,patent,0.927
IPE_000747,patent,entity_recognition,legal_document,es,automotive,True,patent,0.824
IPE_000748,patent,knowledge_extraction,research_paper,es,aerospace,True,patent,0.936
IPE_000749,patent,knowledge_extraction,legal_document,de,manufacturing,True,patent,0.87
IPE_000750,patent,relation_extraction,meeting_minutes,ja,pharmaceutical,True,patent,0.839
IPE_000751,patent,knowledge_extraction,patent_application,es,software,True,patent,0.855
IPE_000752,patent,relation_extraction,meeting_minutes,de,automotive,True,patent,0.799
IPE_000753,patent,knowledge_extraction,technical_report,zh,automotive,True,patent,0.884
IPE_000754,patent,ip_detection,patent_application,de,aerospace,True,patent,0.921
IPE_000755,patent,knowledge_extraction,technical_report,de,manufacturing,True,patent,0.923
IPE_000756,patent,ip_detection,patent_application,de,software,True,patent,0.931
IPE_000757,patent,relation_extraction,research_paper,ja,biotechnology,True,patent,0.812
IPE_000758,patent,knowledge_extraction,meeting_minutes,es,pharmaceutical,True,patent,0.908
IPE_000759,patent,ip_detection,technical_report,fr,automotive,True,patent,0.923
IPE_000760,patent,relation_extraction,meeting_minutes,zh,pharmaceutical,True,patent,0.785
IPE_000761,patent,relation_extraction,legal_document,ja,software,True,patent,0.945
IPE_000762,patent,ip_detection,legal_document,zh,pharmaceutical,True,patent,0.918
IPE_000763,patent,relation_extraction,technical_report,fr,manufacturing,True,patent,0.845
IPE_000764,patent,entity_recognition,legal_document,en,aerospace,True,patent,0.806
IPE_000765,patent,relation_extraction,research_paper,de,biotechnology,True,patent,0.79
IPE_000766,patent,ip_detection,meeting_minutes,ja,automotive,True,patent,0.906
IPE_000767,patent,ip_detection,research_paper,ja,software,True,patent,0.787
IPE_000768,patent,knowledge_extraction,meeting_minutes,ja,software,True,patent,0.822
IPE_000769,patent,entity_recognition,technical_report,ja,software,True,patent,0.835
IPE_000770,patent,knowledge_extraction,patent_application,de,energy,True,patent,0.817
IPE_000771,patent,ip_detection,meeting_minutes,en,biotechnology,True,patent,0.947
IPE_000772,patent,knowledge_extraction,patent_application,ja,energy,True,patent,0.898
IPE_000773,patent,entity_recognition,research_paper,zh,manufacturing,True,patent,0.897
IPE_000774,patent,relation_extraction,technical_report,es,energy,True,patent,0.825
IPE_000775,patent,entity_recognition,technical_report,fr,pharmaceutical,True,patent,0.905
IPE_000776,patent,relation_extraction,research_paper,ja,pharmaceutical,True,patent,0.872
IPE_000777,patent,knowledge_extraction,meeting_minutes,en,aerospace,True,patent,0.778
IPE_000778,patent,relation_extraction,meeting_minutes,de,pharmaceutical,True,patent,0.776
IPE_000779,patent,knowledge_extraction,research_paper,en,software,True,patent,0.853
IPE_000780,patent,ip_detection,research_paper,fr,energy,True,patent,0.915
IPE_000781,patent,knowledge_extraction,meeting_minutes,de,pharmaceutical,True,patent,0.896
IPE_000782,patent,relation_extraction,legal_document,ja,manufacturing,True,patent,0.783
IPE_000783,patent,relation_extraction,legal_document,es,biotechnology,True,patent,0.875
IPE_000784,patent,entity_recognition,patent_application,de,pharmaceutical,True,patent,0.902
IPE_000785,patent,knowledge_extraction,research_paper,zh,biotechnology,True,patent,0.92
IPE_000786,patent,ip_detection,patent_application,de,software,True,patent,0.788
IPE_000787,patent,ip_detection,patent_application,fr,pharmaceutical,True,patent,0.782
IPE_000788,patent,relation_extraction,meeting_minutes,ja,software,True,patent,0.777
IPE_000789,patent,knowledge_extraction,technical_report,zh,energy,True,patent,0.809
IPE_000790,patent,entity_recognition,meeting_minutes,fr,automotive,True,patent,0.76
IPE_000791,patent,knowledge_extraction,legal_document,zh,pharmaceutical,True,patent,0.897
IPE_000792,patent,entity_recognition,legal_document,fr,automotive,True,patent,0.903
IPE_000793,patent,entity_recognition,technical_report,ja,aerospace,True,patent,0.81
IPE_000794,patent,entity_recognition,patent_application,en,manufacturing,True,patent,0.947
IPE_000795,patent,relation_extraction,research_paper,zh,software,True,patent,0.823
IPE_000796,patent,knowledge_extraction,patent_application,en,manufacturing,True,patent,0.876
IPE_000797,patent,ip_detection,legal_document,ja,aerospace,True,patent,0.896
IPE_000798,patent,ip_detection,meeting_minutes,fr,energy,True,patent,0.818
IPE_000799,patent,relation_extraction,research_paper,en,energy,True,patent,0.946
IPE_000800,patent,entity_recognition,research_paper,ja,biotechnology,True,patent,0.839
IPE_000801,patent,knowledge_extraction,meeting_minutes,de,automotive,True,patent,0.787
IPE_000802,patent,ip_detection,meeting_minutes,ja,energy,True,patent,0.919
IPE_000803,patent,ip_detection,patent_application,ja,pharmaceutical,True,patent,0.893
IPE_000804,patent,ip_detection,legal_document,es,energy,True,patent,0.758
IPE_000805,patent,ip_detection,technical_report,en,biotechnology,True,patent,0.936
IPE_000806,patent,knowledge_extraction,research_paper,en,automotive,True,patent,0.817
IPE_000807,patent,relation_extraction,research_paper,ja,automotive,True,patent,0.804
IPE_000808,patent,ip_detection,legal_document,zh,energy,True,patent,0.885
IPE_000809,patent,relation_extraction,patent_application,fr,aerospace,True,patent,0.781
IPE_000810,patent,entity_recognition,patent_application,zh,automotive,True,patent,0.8
IPE_000811,patent,knowledge_extraction,technical_report,ja,software,True,patent,0.919
IPE_000812,patent,knowledge_extraction,meeting_minutes,ja,energy,True,patent,0.835
IPE_000813,patent,ip_detection,meeting_minutes,ja,biotechnology,True,patent,0.847
IPE_000814,patent,entity_recognition,technical_report,de,automotive,True,patent,0.942
IPE_000815,patent,ip_detection,patent_application,es,energy,True,patent,0.812
IPE_000816,patent,entity_recognition,technical_report,ja,pharmaceutical,True,patent,0.901
IPE_000817,patent,entity_recognition,research_paper,es,aerospace,True,patent,0.891
IPE_000818,patent,entity_recognition,legal_document,de,manufacturing,True,patent,0.799
IPE_000819,patent,relation_extraction,patent_application,zh,automotive,True,patent,0.842
IPE_000820,patent,knowledge_extraction,research_paper,en,automotive,True,patent,0.891
IPE_000821,patent,knowledge_extraction,meeting_minutes,de,software,True,patent,0.844
IPE_000822,patent,relation_extraction,research_paper,de,pharmaceutical,True,patent,0.852
IPE_000823,patent,entity_recognition,research_paper,zh,aerospace,True,patent,0.891
IPE_000824,patent,ip_detection,legal_document,fr,software,True,patent,0.835
IPE_000825,patent,entity_recognition,research_paper,de,energy,True,patent,0.9
IPE_000826,patent,ip_detection,patent_application,zh,energy,True,patent,0.835
IPE_000827,patent,relation_extraction,legal_document,fr,pharmaceutical,True,patent,0.759
IPE_000828,patent,entity_recognition,research_paper,de,manufacturing,True,patent,0.786
IPE_000829,patent,knowledge_extraction,legal_document,ja,biotechnology,True,patent,0.865
IPE_000830,patent,ip_detection,meeting_minutes,zh,energy,True,patent,0.919
IPE_000831,patent,ip_detection,technical_report,fr,software,True,patent,0.838
IPE_000832,patent,entity_recognition,meeting_minutes,es,manufacturing,True,patent,0.781
IPE_000833,patent,entity_recognition,technical_report,es,automotive,True,patent,0.92
IPE_000834,patent,ip_detection,meeting_minutes,en,manufacturing,True,patent,0.922
IPE_000835,patent,entity_recognition,patent_application,ja,aerospace,True,patent,0.877
IPE_000836,patent,ip_detection,research_paper,en,automotive,True,patent,0.886
IPE_000837,patent,entity_recognition,legal_document,de,automotive,True,patent,0.843
IPE_000838,patent,relation_extraction,meeting_minutes,de,manufacturing,True,patent,0.849
IPE_000839,patent,ip_detection,patent_application,zh,energy,True,patent,0.905
IPE_000840,patent,relation_extraction,technical_report,de,energy,True,patent,0.868
IPE_000841,patent,knowledge_extraction,research_paper,fr,automotive,True,patent,0.906
IPE_000842,patent,entity_recognition,meeting_minutes,en,manufacturing,True,patent,0.755
IPE_000843,patent,entity_recognition,research_paper,zh,software,True,patent,0.777
IPE_000844,patent,knowledge_extraction,patent_application,de,aerospace,True,patent,0.849
IPE_000845,patent,ip_detection,meeting_minutes,es,energy,True,patent,0.864
IPE_000846,patent,entity_recognition,meeting_minutes,es,pharmaceutical,True,patent,0.797
IPE_000847,patent,entity_recognition,legal_document,zh,energy,True,patent,0.919
IPE_000848,patent,knowledge_extraction,meeting_minutes,fr,manufacturing,True,patent,0.829
IPE_000849,patent,relation_extraction,meeting_minutes,de,energy,True,patent,0.921
IPE_000850,patent,entity_recognition,meeting_minutes,en,software,True,patent,0.922
IPE_000851,patent,knowledge_extraction,legal_document,en,energy,True,patent,0.784
IPE_000852,patent,relation_extraction,legal_document,fr,energy,True,patent,0.845
IPE_000853,patent,entity_recognition,meeting_minutes,fr,software,True,patent,0.849
IPE_000854,patent,entity_recognition,research_paper,es,aerospace,True,patent,0.949
IPE_000855,patent,ip_detection,legal_document,ja,software,True,patent,0.831
IPE_000856,patent,entity_recognition,legal_document,en,pharmaceutical,True,patent,0.833
IPE_000857,patent,knowledge_extraction,meeting_minutes,de,aerospace,True,patent,0.816
IPE_000858,patent,ip_detection,legal_document,fr,automotive,True,patent,0.845
IPE_000859,patent,relation_extraction,research_paper,es,energy,True,patent,0.912
IPE_000860,patent,knowledge_extraction,patent_application,zh,biotechnology,True,patent,0.939
IPE_000861,patent,ip_detection,meeting_minutes,es,energy,True,patent,0.775
IPE_000862,patent,ip_detection,legal_document,zh,energy,True,patent,0.915
IPE_000863,patent,knowledge_extraction,patent_application,fr,manufacturing,True,patent,0.77
IPE_000864,patent,relation_extraction,legal_document,en,energy,True,patent,0.93
IPE_000865,patent,entity_recognition,meeting_minutes,es,aerospace,True,patent,0.877
IPE_000866,patent,knowledge_extraction,patent_application,ja,manufacturing,True,patent,0.847
IPE_000867,patent,relation_extraction,legal_document,es,software,True,patent,0.882
IPE_000868,patent,entity_recognition,technical_report,es,software,True,patent,0.838
IPE_000869,patent,knowledge_extraction,meeting_minutes,fr,biotechnology,True,patent,0.908
IPE_000870,patent,ip_detection,patent_application,ja,aerospace,True,patent,0.925
IPE_000871,patent,relation_extraction,patent_application,es,energy,True,patent,0.821
IPE_000872,patent,knowledge_extraction,legal_document,zh,biotechnology,True,patent,0.926
IPE_000873,patent,entity_recognition,legal_document,ja,aerospace,True,patent,0.84
IPE_000874,patent,knowledge_extraction,meeting_minutes,ja,manufacturing,True,patent,0.912
IPE_000875,patent,knowledge_extraction,meeting_minutes,zh,automotive,True,patent,0.923
IPE_000876,patent,ip_detection,patent_application,en,automotive,True,patent,0.865
IPE_000877,patent,knowledge_extraction,legal_document,ja,automotive,True,patent,0.765
IPE_000878,patent,ip_detection,legal_document,ja,software,True,patent,0.8
IPE_000879,patent,knowledge_extraction,technical_report,es,software,True,patent,0.844
IPE_000880,patent,knowledge_extraction,meeting_minutes,ja,pharmaceutical,True,patent,0.788
IPE_000881,patent,entity_recognition,technical_report,en,automotive,True,patent,0.821
IPE_000882,patent,ip_detection,patent_application,ja,software,True,patent,0.751
IPE_000883,patent,relation_extraction,technical_report,en,energy,True,patent,0.784
IPE_000884,patent,ip_detection,legal_document,zh,automotive,True,patent,0.927
IPE_000885,patent,ip_detection,meeting_minutes,fr,manufacturing,True,patent,0.794
IPE_000886,patent,relation_extraction,patent_application,ja,automotive,True,patent,0.838
IPE_000887,patent,ip_detection,legal_document,ja,pharmaceutical,True,patent,0.824
IPE_000888,patent,knowledge_extraction,research_paper,ja,pharmaceutical,True,patent,0.889
IPE_000889,patent,knowledge_extraction,meeting_minutes,ja,automotive,True,patent,0.906
IPE_000890,patent,relation_extraction,patent_application,en,automotive,True,patent,0.913
IPE_000891,patent,relation_extraction,legal_document,zh,automotive,True,patent,0.947
IPE_000892,patent,ip_detection,meeting_minutes,ja,automotive,True,patent,0.892
IPE_000893,patent,entity_recognition,research_paper,zh,biotechnology,True,patent,0.863
IPE_000894,patent,ip_detection,patent_application,de,energy,True,patent,0.943
IPE_000895,patent,knowledge_extraction,legal_document,en,aerospace,True,patent,0.899
IPE_000896,patent,knowledge_extraction,patent_application,ja,energy,True,patent,0.908
IPE_000897,patent,ip_detection,technical_report,de,manufacturing,True,patent,0.877
IPE_000898,patent,ip_detection,meeting_minutes,ja,aerospace,True,patent,0.848
IPE_000899,patent,entity_recognition,meeting_minutes,en,automotive,True,patent,0.941
IPE_000900,patent,ip_detection,meeting_minutes,de,software,True,patent,0.912
IPE_000901,patent,entity_recognition,patent_application,zh,software,True,patent,0.773
IPE_000902,patent,knowledge_extraction,legal_document,es,manufacturing,True,patent,0.751
IPE_000903,patent,relation_extraction,technical_report,ja,manufacturing,True,patent,0.809
IPE_000904,patent,relation_extraction,meeting_minutes,zh,biotechnology,True,patent,0.789
IPE_000905,patent,ip_detection,technical_report,zh,energy,True,patent,0.776
IPE_000906,patent,knowledge_extraction,technical_report,zh,biotechnology,True,patent,0.892
IPE_000907,patent,entity_recognition,meeting_minutes,es,software,True,patent,0.838
IPE_000908,patent,relation_extraction,research_paper,fr,aerospace,True,patent,0.902
IPE_000909,patent,ip_detection,technical_report,de,biotechnology,True,patent,0.809
IPE_000910,patent,relation_extraction,legal_document,ja,pharmaceutical,True,patent,0.778
IPE_000911,patent,entity_recognition,technical_report,fr,biotechnology,True,patent,0.811
IPE_000912,patent,knowledge_extraction,legal_document,zh,energy,True,patent,0.75
IPE_000913,patent,relation_extraction,meeting_minutes,zh,aerospace,True,patent,0.768
IPE_000914,patent,relation_extraction,technical_report,es,software,True,patent,0.849
IPE_000915,patent,entity_recognition,technical_report,de,manufacturing,True,patent,0.936
IPE_000916,patent,knowledge_extraction,legal_document,fr,aerospace,True,patent,0.776
IPE_000917,patent,relation_extraction,meeting_minutes,ja,biotechnology,True,patent,0.855
IPE_000918,patent,ip_detection,technical_report,fr,aerospace,True,patent,0.752
IPE_000919,patent,relation_extraction,research_paper,zh,pharmaceutical,True,patent,0.85
IPE_000920,patent,relation_extraction,patent_application,zh,software,True,patent,0.885
IPE_000921,patent,ip_detection,meeting_minutes,fr,biotechnology,True,patent,0.75
IPE_000922,patent,entity_recognition,legal_document,en,software,True,patent,0.932
IPE_000923,patent,entity_recognition,legal_document,es,pharmaceutical,True,patent,0.927
IPE_000924,patent,knowledge_extraction,patent_application,fr,automotive,True,patent,0.774
IPE_000925,patent,ip_detection,meeting_minutes,en,manufacturing,True,patent,0.817
IPE_000926,patent,ip_detection,legal_document,fr,energy,True,patent,0.817
IPE_000927,patent,entity_recognition,technical_report,de,aerospace,True,patent,0.768
IPE_000928,patent,relation_extraction,legal_document,ja,aerospace,True,patent,0.802
IPE_000929,patent,entity_recognition,legal_document,fr,software,True,patent,0.783
IPE_000930,patent,entity_recognition,meeting_minutes,es,biotechnology,True,patent,0.809
IPE_000931,patent,ip_detection,research_paper,fr,automotive,True,patent,0.778
IPE_000932,patent,ip_detection,technical_report,en,automotive,True,patent,0.826
IPE_000933,patent,ip_detection,technical_report,es,biotechnology,True,patent,0.945
IPE_000934,patent,entity_recognition,technical_report,fr,pharmaceutical,True,patent,0.93
IPE_000935,patent,knowledge_extraction,technical_report,de,biotechnology,True,patent,0.944
IPE_000936,patent,ip_detection,patent_application,fr,manufacturing,True,patent,0.755
IPE_000937,patent,ip_detection,research_paper,fr,aerospace,True,patent,0.91
IPE_000938,patent,relation_extraction,meeting_minutes,en,pharmaceutical,True,patent,0.809
IPE_000939,patent,entity_recognition,meeting_minutes,en,manufacturing,True,patent,0.872
IPE_000940,patent,ip_detection,legal_document,de,automotive,True,patent,0.934
IPE_000941,patent,ip_detection,legal_document,de,pharmaceutical,True,patent,0.862
IPE_000942,patent,relation_extraction,legal_document,zh,aerospace,True,patent,0.776
IPE_000943,patent,relation_extraction,meeting_minutes,es,energy,True,patent,0.937
IPE_000944,patent,relation_extraction,meeting_minutes,es,aerospace,True,patent,0.821
IPE_000945,patent,entity_recognition,research_paper,de,pharmaceutical,True,patent,0.781
IPE_000946,patent,relation_extraction,meeting_minutes,fr,automotive,True,patent,0.931
IPE_000947,patent,knowledge_extraction,meeting_minutes,ja,pharmaceutical,True,patent,0.915
IPE_000948,patent,ip_detection,research_paper,en,manufacturing,True,patent,0.837
IPE_000949,patent,entity_recognition,research_paper,es,biotechnology,True,patent,0.811
IPE_000950,patent,knowledge_extraction,research_paper,es,energy,True,patent,0.792
IPE_000951,patent,entity_recognition,research_paper,de,energy,True,patent,0.773
IPE_000952,patent,knowledge_extraction,patent_application,es,aerospace,True,patent,0.799
IPE_000953,patent,relation_extraction,technical_report,fr,aerospace,True,patent,0.876
IPE_000954,patent,entity_recognition,legal_document,fr,automotive,True,patent,0.872
IPE_000955,patent,entity_recognition,research_paper,fr,aerospace,True,patent,0.799
IPE_000956,patent,relation_extraction,legal_document,zh,aerospace,True,patent,0.764
IPE_000957,patent,knowledge_extraction,patent_application,fr,software,True,patent,0.791
IPE_000958,patent,knowledge_extraction,legal_document,zh,aerospace,True,patent,0.795
IPE_000959,patent,knowledge_extraction,technical_report,es,software,True,patent,0.784
IPE_000960,patent,knowledge_extraction,technical_report,es,manufacturing,True,patent,0.796
IPE_000961,patent,relation_extraction,technical_report,zh,automotive,True,patent,0.887
IPE_000962,patent,entity_recognition,meeting_minutes,ja,energy,True,patent,0.925
IPE_000963,patent,knowledge_extraction,legal_document,zh,energy,True,patent,0.921
IPE_000964,patent,knowledge_extraction,meeting_minutes,fr,aerospace,True,patent,0.9
IPE_000965,patent,entity_recognition,meeting_minutes,de,pharmaceutical,True,patent,0.782
IPE_000966,patent,knowledge_extraction,patent_application,de,biotechnology,True,patent,0.896
IPE_000967,patent,knowledge_extraction,research_paper,zh,biotechnology,True,patent,0.892
IPE_000968,patent,ip_detection,patent_application,en,aerospace,True,patent,0.767
IPE_000969,patent,entity_recognition,meeting_minutes,zh,biotechnology,True,patent,0.769
IPE_000970,patent,relation_extraction,legal_document,en,automotive,True,patent,0.838
IPE_000971,patent,ip_detection,research_paper,es,pharmaceutical,True,patent,0.87
IPE_000972,patent,entity_recognition,technical_report,es,manufacturing,True,patent,0.827
IPE_000973,patent,relation_extraction,legal_document,es,software,True,patent,0.822
IPE_000974,patent,ip_detection,technical_report,zh,pharmaceutical,True,patent,0.829
IPE_000975,patent,entity_recognition,technical_report,fr,aerospace,True,patent,0.892
IPE_000976,patent,relation_extraction,technical_report,ja,automotive,True,patent,0.772
IPE_000977,patent,relation_extraction,research_paper,en,pharmaceutical,True,patent,0.917
IPE_000978,patent,relation_extraction,meeting_minutes,en,pharmaceutical,True,patent,0.762
IPE_000979,patent,entity_recognition,technical_report,en,pharmaceutical,True,patent,0.763
IPE_000980,patent,entity_recognition,patent_application,ja,biotechnology,True,patent,0.921
IPE_000981,patent,relation_extraction,patent_application,es,biotechnology,True,patent,0.929
IPE_000982,patent,entity_recognition,technical_report,fr,automotive,True,patent,0.821
IPE_000983,patent,entity_recognition,research_paper,ja,automotive,True,patent,0.844
IPE_000984,patent,knowledge_extraction,research_paper,en,automotive,True,patent,0.901
IPE_000985,patent,ip_detection,legal_document,en,automotive,True,patent,0.807
IPE_000986,patent,entity_recognition,meeting_minutes,de,energy,True,patent,0.769
IPE_000987,patent,ip_detection,legal_document,de,manufacturing,True,patent,0.771
IPE_000988,patent,knowledge_extraction,patent_application,de,manufacturing,True,patent,0.839
IPE_000989,patent,knowledge_extraction,technical_report,zh,aerospace,True,patent,0.769
IPE_000990,patent,entity_recognition,legal_document,zh,automotive,True,patent,0.799
IPE_000991,patent,ip_detection,research_paper,ja,energy,True,patent,0.765
IPE_000992,patent,knowledge_extraction,research_paper,en,biotechnology,True,patent,0.792
IPE_000993,patent,knowledge_extraction,research_paper,es,manufacturing,True,patent,0.831
IPE_000994,patent,relation_extraction,meeting_minutes,es,manufacturing,True,patent,0.832
IPE_000995,patent,entity_recognition,technical_report,zh,biotechnology,True,patent,0.947
IPE_000996,patent,knowledge_extraction,research_paper,en,pharmaceutical,True,patent,0.891
IPE_000997,patent,knowledge_extraction,meeting_minutes,es,pharmaceutical,True,patent,0.898
IPE_000998,patent,relation_extraction,legal_document,ja,biotechnology,True,patent,0.824
IPE_000999,patent,ip_detection,meeting_minutes,es,biotechnology,True,patent,0.904
IPE_001000,patent,ip_detection,research_paper,es,automotive,True,patent,0.861
IPE_001001,patent,ip_detection,patent_application,zh,software,True,patent,0.852
IPE_001002,patent,knowledge_extraction,patent_application,ja,pharmaceutical,True,patent,0.925
IPE_001003,patent,ip_detection,meeting_minutes,fr,aerospace,True,patent,0.862
IPE_001004,patent,ip_detection,research_paper,ja,pharmaceutical,True,patent,0.908
IPE_001005,patent,ip_detection,technical_report,es,biotechnology,True,patent,0.824
IPE_001006,patent,ip_detection,legal_document,fr,software,True,patent,0.917
IPE_001007,patent,ip_detection,meeting_minutes,ja,automotive,True,patent,0.89
IPE_001008,patent,relation_extraction,technical_report,ja,automotive,True,patent,0.838
IPE_001009,patent,entity_recognition,meeting_minutes,de,biotechnology,True,patent,0.91
IPE_001010,patent,entity_recognition,patent_application,zh,aerospace,True,patent,0.815
IPE_001011,patent,entity_recognition,meeting_minutes,zh,pharmaceutical,True,patent,0.812
IPE_001012,patent,entity_recognition,patent_application,en,aerospace,True,patent,0.801
IPE_001013,patent,ip_detection,meeting_minutes,es,software,True,patent,0.785
IPE_001014,patent,ip_detection,patent_application,ja,automotive,True,patent,0.792
IPE_001015,patent,entity_recognition,legal_document,en,software,True,patent,0.861
IPE_001016,patent,ip_detection,technical_report,ja,biotechnology,True,patent,0.913
IPE_001017,patent,relation_extraction,legal_document,de,manufacturing,True,patent,0.846
IPE_001018,patent,entity_recognition,technical_report,zh,pharmaceutical,True,patent,0.827
IPE_001019,patent,entity_recognition,meeting_minutes,es,biotechnology,True,patent,0.791
IPE_001020,patent,relation_extraction,patent_application,ja,manufacturing,True,patent,0.852
IPE_001021,patent,ip_detection,meeting_minutes,de,manufacturing,True,patent,0.786
IPE_001022,patent,entity_recognition,legal_document,de,automotive,True,patent,0.803
IPE_001023,patent,relation_extraction,meeting_minutes,de,energy,True,patent,0.916
IPE_001024,patent,knowledge_extraction,research_paper,es,energy,True,patent,0.78
IPE_001025,patent,entity_recognition,research_paper,de,manufacturing,True,patent,0.771
IPE_001026,patent,relation_extraction,meeting_minutes,de,pharmaceutical,True,patent,0.804
IPE_001027,patent,entity_recognition,research_paper,ja,manufacturing,True,patent,0.772
IPE_001028,patent,ip_detection,research_paper,fr,automotive,True,patent,0.915
IPE_001029,patent,entity_recognition,legal_document,en,pharmaceutical,True,patent,0.893
IPE_001030,patent,entity_recognition,research_paper,de,energy,True,patent,0.801
IPE_001031,patent,ip_detection,research_paper,de,pharmaceutical,True,patent,0.757
IPE_001032,patent,ip_detection,research_paper,zh,manufacturing,True,patent,0.843
IPE_001033,patent,relation_extraction,patent_application,de,manufacturing,True,patent,0.905
IPE_001034,patent,ip_detection,patent_application,de,biotechnology,True,patent,0.845
IPE_001035,patent,knowledge_extraction,technical_report,ja,energy,True,patent,0.841
IPE_001036,patent,knowledge_extraction,legal_document,es,biotechnology,True,patent,0.92
IPE_001037,patent,ip_detection,meeting_minutes,es,biotechnology,True,patent,0.95
IPE_001038,patent,relation_extraction,technical_report,en,pharmaceutical,True,patent,0.862
IPE_001039,patent,ip_detection,patent_application,de,aerospace,True,patent,0.927
IPE_001040,patent,relation_extraction,legal_document,fr,manufacturing,True,patent,0.813
IPE_001041,patent,entity_recognition,research_paper,ja,software,True,patent,0.885
IPE_001042,patent,ip_detection,technical_report,fr,automotive,True,patent,0.811
IPE_001043,patent,entity_recognition,patent_application,ja,biotechnology,True,patent,0.941
IPE_001044,patent,knowledge_extraction,technical_report,fr,manufacturing,True,patent,0.881
IPE_001045,patent,relation_extraction,patent_application,en,manufacturing,True,patent,0.831
IPE_001046,patent,relation_extraction,legal_document,ja,automotive,True,patent,0.8
IPE_001047,patent,entity_recognition,patent_application,en,pharmaceutical,True,patent,0.943
IPE_001048,patent,relation_extraction,research_paper,es,biotechnology,True,patent,0.902
IPE_001049,patent,entity_recognition,technical_report,en,automotive,True,patent,0.822
IPE_001050,patent,ip_detection,technical_report,ja,pharmaceutical,True,patent,0.759
IPE_001051,patent,ip_detection,technical_report,ja,automotive,True,patent,0.766
IPE_001052,patent,ip_detection,technical_report,ja,pharmaceutical,True,patent,0.838
IPE_001053,patent,entity_recognition,technical_report,de,aerospace,True,patent,0.798
IPE_001054,patent,knowledge_extraction,meeting_minutes,de,manufacturing,True,patent,0.941
IPE_001055,patent,ip_detection,research_paper,en,energy,True,patent,0.792
IPE_001056,patent,knowledge_extraction,technical_report,es,manufacturing,True,patent,0.882
IPE_001057,patent,relation_extraction,research_paper,fr,aerospace,True,patent,0.829
IPE_001058,patent,knowledge_extraction,research_paper,de,automotive,True,patent,0.806
IPE_001059,patent,entity_recognition,patent_application,fr,pharmaceutical,True,patent,0.753
IPE_001060,patent,relation_extraction,technical_report,de,manufacturing,True,patent,0.882
IPE_001061,patent,entity_recognition,patent_application,es,energy,True,patent,0.768
IPE_001062,patent,relation_extraction,legal_document,ja,pharmaceutical,True,patent,0.766
IPE_001063,patent,knowledge_extraction,research_paper,en,automotive,True,patent,0.761
IPE_001064,patent,knowledge_extraction,meeting_minutes,fr,aerospace,True,patent,0.883
IPE_001065,patent,entity_recognition,research_paper,fr,software,True,patent,0.872
IPE_001066,patent,entity_recognition,legal_document,ja,manufacturing,True,patent,0.885
IPE_001067,patent,knowledge_extraction,research_paper,en,aerospace,True,patent,0.914
IPE_001068,patent,ip_detection,meeting_minutes,en,energy,True,patent,0.821
IPE_001069,patent,ip_detection,meeting_minutes,fr,software,True,patent,0.893
IPE_001070,patent,relation_extraction,research_paper,en,energy,True,patent,0.92
IPE_001071,patent,knowledge_extraction,research_paper,de,pharmaceutical,True,patent,0.764
IPE_001072,patent,relation_extraction,technical_report,en,manufacturing,True,patent,0.95
IPE_001073,patent,entity_recognition,research_paper,es,manufacturing,True,patent,0.752
IPE_001074,patent,relation_extraction,research_paper,es,pharmaceutical,True,patent,0.846
IPE_001075,patent,entity_recognition,research_paper,en,aerospace,True,patent,0.857
IPE_001076,patent,entity_recognition,research_paper,en,automotive,True,patent,0.802
IPE_001077,patent,entity_recognition,technical_report,es,software,True,patent,0.94
IPE_001078,patent,relation_extraction,meeting_minutes,es,biotechnology,True,patent,0.827
IPE_001079,patent,relation_extraction,technical_report,es,automotive,True,patent,0.874
IPE_001080,patent,ip_detection,patent_application,ja,software,True,patent,0.878
IPE_001081,patent,knowledge_extraction,patent_application,fr,energy,True,patent,0.81
IPE_001082,patent,relation_extraction,technical_report,fr,manufacturing,True,patent,0.852
IPE_001083,patent,knowledge_extraction,patent_application,en,energy,True,patent,0.916
IPE_001084,patent,ip_detection,technical_report,zh,biotechnology,True,patent,0.885
IPE_001085,patent,knowledge_extraction,research_paper,en,aerospace,True,patent,0.92
IPE_001086,patent,entity_recognition,legal_document,en,manufacturing,True,patent,0.878
IPE_001087,patent,relation_extraction,meeting_minutes,de,pharmaceutical,True,patent,0.787
IPE_001088,patent,ip_detection,meeting_minutes,zh,manufacturing,True,patent,0.836
IPE_001089,patent,relation_extraction,meeting_minutes,fr,software,True,patent,0.783
IPE_001090,patent,relation_extraction,technical_report,de,aerospace,True,patent,0.834
IPE_001091,patent,knowledge_extraction,research_paper,fr,software,True,patent,0.761
IPE_001092,patent,entity_recognition,technical_report,fr,aerospace,True,patent,0.785
IPE_001093,patent,ip_detection,meeting_minutes,ja,manufacturing,True,patent,0.934
IPE_001094,patent,knowledge_extraction,technical_report,fr,aerospace,True,patent,0.764
IPE_001095,patent,ip_detection,patent_application,es,pharmaceutical,True,patent,0.772
IPE_001096,patent,relation_extraction,patent_application,fr,manufacturing,True,patent,0.791
IPE_001097,patent,knowledge_extraction,meeting_minutes,fr,pharmaceutical,True,patent,0.947
IPE_001098,patent,relation_extraction,technical_report,es,biotechnology,True,patent,0.936
IPE_001099,patent,knowledge_extraction,technical_report,ja,aerospace,True,patent,0.837
IPE_001100,patent,ip_detection,legal_document,zh,energy,True,patent,0.793
IPE_001101,patent,ip_detection,research_paper,fr,energy,True,patent,0.931
IPE_001102,patent,knowledge_extraction,technical_report,en,manufacturing,True,patent,0.872
IPE_001103,patent,relation_extraction,technical_report,ja,manufacturing,True,patent,0.928
IPE_001104,patent,relation_extraction,patent_application,es,energy,True,patent,0.821
IPE_001105,patent,relation_extraction,technical_report,de,automotive,True,patent,0.768
IPE_001106,patent,relation_extraction,legal_document,fr,automotive,True,patent,0.835
IPE_001107,patent,entity_recognition,legal_document,de,pharmaceutical,True,patent,0.927
IPE_001108,patent,relation_extraction,legal_document,zh,energy,True,patent,0.805
IPE_001109,patent,relation_extraction,research_paper,de,automotive,True,patent,0.829
IPE_001110,patent,relation_extraction,patent_application,en,aerospace,True,patent,0.917
IPE_001111,patent,knowledge_extraction,meeting_minutes,ja,manufacturing,True,patent,0.807
IPE_001112,patent,ip_detection,meeting_minutes,en,automotive,True,patent,0.949
IPE_001113,patent,relation_extraction,legal_document,en,software,True,patent,0.819
IPE_001114,patent,entity_recognition,research_paper,zh,aerospace,True,patent,0.846
IPE_001115,patent,knowledge_extraction,technical_report,es,software,True,patent,0.846
IPE_001116,patent,relation_extraction,meeting_minutes,zh,manufacturing,True,patent,0.849
IPE_001117,patent,relation_extraction,research_paper,zh,pharmaceutical,True,patent,0.824
IPE_001118,patent,ip_detection,technical_report,fr,manufacturing,True,patent,0.809
IPE_001119,patent,ip_detection,legal_document,ja,energy,True,patent,0.822
IPE_001120,patent,relation_extraction,patent_application,en,automotive,True,patent,0.762
IPE_001121,patent,ip_detection,legal_document,es,energy,True,patent,0.769
IPE_001122,patent,relation_extraction,patent_application,es,software,True,patent,0.762
IPE_001123,patent,relation_extraction,research_paper,en,biotechnology,True,patent,0.751
IPE_001124,patent,knowledge_extraction,research_paper,fr,automotive,True,patent,0.862
IPE_001125,patent,ip_detection,research_paper,zh,aerospace,True,patent,0.844
IPE_001126,patent,ip_detection,meeting_minutes,zh,pharmaceutical,True,patent,0.824
IPE_001127,patent,relation_extraction,patent_application,en,energy,True,patent,0.814
IPE_001128,patent,entity_recognition,patent_application,zh,pharmaceutical,True,patent,0.819
IPE_001129,patent,relation_extraction,meeting_minutes,en,aerospace,True,patent,0.797
IPE_001130,patent,entity_recognition,legal_document,en,energy,True,patent,0.944
IPE_001131,patent,knowledge_extraction,meeting_minutes,ja,pharmaceutical,True,patent,0.924
IPE_001132,patent,relation_extraction,technical_report,de,biotechnology,True,patent,0.779
IPE_001133,patent,knowledge_extraction,research_paper,de,manufacturing,True,patent,0.941
IPE_001134,patent,relation_extraction,patent_application,de,biotechnology,True,patent,0.826
IPE_001135,patent,entity_recognition,research_paper,de,aerospace,True,patent,0.804
IPE_001136,patent,knowledge_extraction,research_paper,de,pharmaceutical,True,patent,0.847
IPE_001137,patent,entity_recognition,technical_report,de,aerospace,True,patent,0.879
IPE_001138,patent,knowledge_extraction,legal_document,zh,manufacturing,True,patent,0.785
IPE_001139,patent,ip_detection,technical_report,zh,aerospace,True,patent,0.914
IPE_001140,patent,knowledge_extraction,research_paper,ja,software,True,patent,0.833
IPE_001141,patent,ip_detection,legal_document,es,automotive,True,patent,0.893
IPE_001142,patent,relation_extraction,legal_document,zh,software,True,patent,0.814
IPE_001143,patent,knowledge_extraction,technical_report,es,biotechnology,True,patent,0.811
IPE_001144,patent,ip_detection,legal_document,zh,energy,True,patent,0.788
IPE_001145,patent,ip_detection,legal_document,en,energy,True,patent,0.801
IPE_001146,patent,relation_extraction,research_paper,fr,manufacturing,True,patent,0.802
IPE_001147,patent,knowledge_extraction,legal_document,fr,aerospace,True,patent,0.895
IPE_001148,patent,knowledge_extraction,legal_document,zh,software,True,patent,0.863
IPE_001149,patent,relation_extraction,technical_report,es,automotive,True,patent,0.919
IPE_001150,patent,knowledge_extraction,meeting_minutes,en,manufacturing,True,patent,0.768
IPE_001151,patent,entity_recognition,technical_report,en,biotechnology,True,patent,0.873
IPE_001152,patent,entity_recognition,research_paper,zh,aerospace,True,patent,0.916
IPE_001153,patent,ip_detection,research_paper,es,automotive,True,patent,0.805
IPE_001154,patent,ip_detection,technical_report,de,software,True,patent,0.938
IPE_001155,patent,ip_detection,legal_document,de,automotive,True,patent,0.8
IPE_001156,patent,ip_detection,legal_document,fr,biotechnology,True,patent,0.881
IPE_001157,patent,knowledge_extraction,meeting_minutes,ja,energy,True,patent,0.759
IPE_001158,patent,knowledge_extraction,technical_report,de,automotive,True,patent,0.792
IPE_001159,patent,knowledge_extraction,technical_report,ja,software,True,patent,0.918
IPE_001160,patent,ip_detection,meeting_minutes,de,automotive,True,patent,0.89
IPE_001161,patent,entity_recognition,meeting_minutes,fr,software,True,patent,0.789
IPE_001162,patent,ip_detection,legal_document,ja,pharmaceutical,True,patent,0.89
IPE_001163,patent,relation_extraction,research_paper,de,manufacturing,True,patent,0.783
IPE_001164,patent,relation_extraction,patent_application,fr,manufacturing,True,patent,0.913
IPE_001165,patent,knowledge_extraction,meeting_minutes,ja,biotechnology,True,patent,0.759
IPE_001166,patent,knowledge_extraction,research_paper,fr,pharmaceutical,True,patent,0.946
IPE_001167,patent,relation_extraction,patent_application,es,energy,True,patent,0.88
IPE_001168,patent,knowledge_extraction,technical_report,de,manufacturing,True,patent,0.87
IPE_001169,patent,ip_detection,research_paper,en,biotechnology,True,patent,0.804
IPE_001170,patent,relation_extraction,meeting_minutes,fr,manufacturing,True,patent,0.829
IPE_001171,patent,ip_detection,technical_report,fr,software,True,patent,0.763
IPE_001172,patent,knowledge_extraction,patent_application,fr,automotive,True,patent,0.773
IPE_001173,patent,relation_extraction,technical_report,de,energy,True,patent,0.802
IPE_001174,patent,relation_extraction,meeting_minutes,fr,energy,True,patent,0.897
IPE_001175,patent,knowledge_extraction,patent_application,ja,automotive,True,patent,0.832
IPE_001176,patent,relation_extraction,research_paper,es,aerospace,True,patent,0.758
IPE_001177,patent,entity_recognition,patent_application,fr,energy,True,patent,0.898
IPE_001178,patent,relation_extraction,technical_report,es,biotechnology,True,patent,0.825
IPE_001179,patent,entity_recognition,patent_application,en,pharmaceutical,True,patent,0.779
IPE_001180,patent,entity_recognition,patent_application,zh,pharmaceutical,True,patent,0.908
IPE_001181,patent,knowledge_extraction,research_paper,de,manufacturing,True,patent,0.851
IPE_001182,patent,entity_recognition,meeting_minutes,zh,software,True,patent,0.78
IPE_001183,patent,entity_recognition,meeting_minutes,zh,energy,True,patent,0.82
IPE_001184,patent,entity_recognition,technical_report,en,software,True,patent,0.829
IPE_001185,patent,ip_detection,technical_report,fr,manufacturing,True,patent,0.777
IPE_001186,patent,entity_recognition,research_paper,fr,automotive,True,patent,0.809
IPE_001187,patent,knowledge_extraction,meeting_minutes,en,biotechnology,True,patent,0.889
IPE_001188,patent,knowledge_extraction,meeting_minutes,de,pharmaceutical,True,patent,0.912
IPE_001189,patent,ip_detection,legal_document,en,software,True,patent,0.863
IPE_001190,patent,relation_extraction,research_paper,fr,manufacturing,True,patent,0.778
IPE_001191,patent,knowledge_extraction,legal_document,en,pharmaceutical,True,patent,0.79
IPE_001192,patent,relation_extraction,technical_report,fr,energy,True,patent,0.913
IPE_001193,patent,entity_recognition,technical_report,de,manufacturing,True,patent,0.788
IPE_001194,patent,relation_extraction,legal_document,es,energy,True,patent,0.757
IPE_001195,patent,relation_extraction,research_paper,zh,pharmaceutical,True,patent,0.75
IPE_001196,patent,ip_detection,research_paper,ja,automotive,True,patent,0.895
IPE_001197,patent,knowledge_extraction,patent_application,zh,manufacturing,True,patent,0.932
IPE_001198,patent,knowledge_extraction,legal_document,zh,pharmaceutical,True,patent,0.773
IPE_001199,patent,ip_detection,patent_application,zh,manufacturing,True,patent,0.934
IPE_001200,patent,relation_extraction,research_paper,zh,automotive,True,patent,0.924
IPE_001201,patent,relation_extraction,patent_application,es,automotive,True,patent,0.889
IPE_001202,patent,entity_recognition,technical_report,es,pharmaceutical,True,patent,0.807
IPE_001203,patent,entity_recognition,legal_document,ja,aerospace,True,patent,0.906
IPE_001204,patent,entity_recognition,patent_application,en,aerospace,True,patent,0.859
IPE_001205,patent,entity_recognition,research_paper,en,software,True,patent,0.761
IPE_001206,patent,relation_extraction,research_paper,de,energy,True,patent,0.791
IPE_001207,patent,knowledge_extraction,technical_report,fr,energy,True,patent,0.938
IPE_001208,patent,relation_extraction,meeting_minutes,fr,biotechnology,True,patent,0.841
IPE_001209,patent,knowledge_extraction,patent_application,es,biotechnology,True,patent,0.756
IPE_001210,patent,ip_detection,meeting_minutes,es,software,True,patent,0.88
IPE_001211,patent,knowledge_extraction,patent_application,es,aerospace,True,patent,0.922
IPE_001212,patent,knowledge_extraction,legal_document,zh,aerospace,True,patent,0.861
IPE_001213,patent,knowledge_extraction,research_paper,es,energy,True,patent,0.912
IPE_001214,patent,knowledge_extraction,patent_application,es,pharmaceutical,True,patent,0.9
IPE_001215,patent,knowledge_extraction,patent_application,de,biotechnology,True,patent,0.766
IPE_001216,patent,ip_detection,legal_document,en,biotechnology,True,patent,0.818
IPE_001217,patent,knowledge_extraction,technical_report,fr,aerospace,True,patent,0.914
IPE_001218,patent,entity_recognition,meeting_minutes,en,automotive,True,patent,0.797
IPE_001219,patent,relation_extraction,patent_application,fr,pharmaceutical,True,patent,0.762
IPE_001220,patent,ip_detection,technical_report,zh,pharmaceutical,True,patent,0.898
IPE_001221,patent,ip_detection,meeting_minutes,de,energy,True,patent,0.929
IPE_001222,patent,ip_detection,meeting_minutes,fr,biotechnology,True,patent,0.801
IPE_001223,patent,entity_recognition,meeting_minutes,fr,manufacturing,True,patent,0.857
IPE_001224,patent,knowledge_extraction,technical_report,fr,energy,True,patent,0.912
IPE_001225,patent,knowledge_extraction,meeting_minutes,ja,software,True,patent,0.8
IPE_001226,patent,entity_recognition,technical_report,fr,pharmaceutical,True,patent,0.84
IPE_001227,patent,relation_extraction,meeting_minutes,fr,manufacturing,True,patent,0.851
IPE_001228,patent,ip_detection,legal_document,en,energy,True,patent,0.829
IPE_001229,patent,ip_detection,meeting_minutes,de,manufacturing,True,patent,0.848
IPE_001230,patent,entity_recognition,technical_report,ja,software,True,patent,0.75
IPE_001231,patent,knowledge_extraction,legal_document,zh,biotechnology,True,patent,0.843
IPE_001232,patent,ip_detection,technical_report,zh,aerospace,True,patent,0.847
IPE_001233,patent,knowledge_extraction,research_paper,en,biotechnology,True,patent,0.897
IPE_001234,patent,knowledge_extraction,technical_report,ja,biotechnology,True,patent,0.778
IPE_001235,patent,knowledge_extraction,meeting_minutes,ja,software,True,patent,0.913
IPE_001236,patent,relation_extraction,research_paper,fr,automotive,True,patent,0.865
IPE_001237,patent,relation_extraction,meeting_minutes,de,software,True,patent,0.915
IPE_001238,patent,entity_recognition,technical_report,ja,pharmaceutical,True,patent,0.774
IPE_001239,patent,entity_recognition,research_paper,en,pharmaceutical,True,patent,0.859
IPE_001240,patent,knowledge_extraction,technical_report,es,energy,True,patent,0.759
IPE_001241,patent,ip_detection,patent_application,fr,biotechnology,True,patent,0.785
IPE_001242,patent,ip_detection,patent_application,ja,aerospace,True,patent,0.93
IPE_001243,patent,ip_detection,research_paper,ja,software,True,patent,0.872
IPE_001244,patent,knowledge_extraction,patent_application,ja,biotechnology,True,patent,0.885
IPE_001245,patent,ip_detection,patent_application,zh,biotechnology,True,patent,0.773
IPE_001246,patent,entity_recognition,meeting_minutes,fr,automotive,True,patent,0.777
IPE_001247,patent,entity_recognition,patent_application,zh,aerospace,True,patent,0.923
IPE_001248,patent,entity_recognition,meeting_minutes,de,energy,True,patent,0.949
IPE_001249,patent,knowledge_extraction,technical_report,ja,pharmaceutical,True,patent,0.799
IPE_001250,patent,ip_detection,research_paper,es,automotive,True,patent,0.857
IPE_001251,patent,knowledge_extraction,legal_document,es,pharmaceutical,True,patent,0.837
IPE_001252,patent,entity_recognition,patent_application,en,pharmaceutical,True,patent,0.787
IPE_001253,patent,ip_detection,legal_document,fr,energy,True,patent,0.901
IPE_001254,patent,ip_detection,legal_document,en,energy,True,patent,0.898
IPE_001255,patent,knowledge_extraction,technical_report,zh,biotechnology,True,patent,0.908
IPE_001256,patent,relation_extraction,technical_report,ja,aerospace,True,patent,0.912
IPE_001257,patent,knowledge_extraction,technical_report,fr,aerospace,True,patent,0.819
IPE_001258,patent,knowledge_extraction,research_paper,zh,pharmaceutical,True,patent,0.929
IPE_001259,patent,entity_recognition,research_paper,zh,aerospace,True,patent,0.868
IPE_001260,patent,ip_detection,technical_report,de,aerospace,True,patent,0.861
IPE_001261,patent,entity_recognition,research_paper,es,manufacturing,True,patent,0.866
IPE_001262,patent,entity_recognition,research_paper,de,aerospace,True,patent,0.862
IPE_001263,patent,entity_recognition,meeting_minutes,de,energy,True,patent,0.814
IPE_001264,patent,knowledge_extraction,meeting_minutes,es,manufacturing,True,patent,0.877
IPE_001265,patent,entity_recognition,legal_document,en,pharmaceutical,True,patent,0.904
IPE_001266,patent,entity_recognition,technical_report,en,aerospace,True,patent,0.871
IPE_001267,patent,knowledge_extraction,technical_report,de,aerospace,True,patent,0.757
IPE_001268,patent,ip_detection,legal_document,ja,biotechnology,True,patent,0.88
IPE_001269,patent,relation_extraction,patent_application,ja,software,True,patent,0.853
IPE_001270,patent,entity_recognition,technical_report,ja,pharmaceutical,True,patent,0.792
IPE_001271,patent,knowledge_extraction,technical_report,ja,aerospace,True,patent,0.773
IPE_001272,patent,relation_extraction,patent_application,de,pharmaceutical,True,patent,0.904
IPE_001273,patent,ip_detection,meeting_minutes,fr,manufacturing,True,patent,0.865
IPE_001274,patent,entity_recognition,technical_report,en,automotive,True,patent,0.756
IPE_001275,patent,relation_extraction,research_paper,de,automotive,True,patent,0.903
IPE_001276,patent,relation_extraction,patent_application,fr,biotechnology,True,patent,0.926
IPE_001277,patent,entity_recognition,legal_document,ja,energy,True,patent,0.862
IPE_001278,patent,relation_extraction,legal_document,de,biotechnology,True,patent,0.898
IPE_001279,patent,entity_recognition,meeting_minutes,de,automotive,True,patent,0.942
IPE_001280,patent,entity_recognition,research_paper,zh,biotechnology,True,patent,0.936
IPE_001281,patent,ip_detection,research_paper,es,energy,True,patent,0.874
IPE_001282,patent,entity_recognition,patent_application,zh,pharmaceutical,True,patent,0.884
IPE_001283,patent,relation_extraction,legal_document,fr,aerospace,True,patent,0.909
IPE_001284,patent,ip_detection,technical_report,es,energy,True,patent,0.823
IPE_001285,patent,relation_extraction,legal_document,en,aerospace,True,patent,0.834
IPE_001286,patent,knowledge_extraction,patent_application,es,energy,True,patent,0.904
IPE_001287,patent,relation_extraction,patent_application,es,pharmaceutical,True,patent,0.777
IPE_001288,patent,entity_recognition,technical_report,fr,pharmaceutical,True,patent,0.88
IPE_001289,patent,relation_extraction,patent_application,es,biotechnology,True,patent,0.824
IPE_001290,patent,knowledge_extraction,patent_application,ja,biotechnology,True,patent,0.809
IPE_001291,patent,relation_extraction,legal_document,fr,aerospace,True,patent,0.937
IPE_001292,patent,relation_extraction,legal_document,fr,pharmaceutical,True,patent,0.805
IPE_001293,patent,entity_recognition,patent_application,zh,automotive,True,patent,0.781
IPE_001294,patent,entity_recognition,technical_report,en,aerospace,True,patent,0.863
IPE_001295,patent,knowledge_extraction,meeting_minutes,en,pharmaceutical,True,patent,0.93
IPE_001296,patent,relation_extraction,meeting_minutes,fr,automotive,True,patent,0.892
IPE_001297,patent,entity_recognition,research_paper,es,energy,True,patent,0.81
IPE_001298,patent,ip_detection,meeting_minutes,zh,software,True,patent,0.852
IPE_001299,patent,relation_extraction,technical_report,zh,automotive,True,patent,0.773
IPE_001300,patent,ip_detection,research_paper,fr,biotechnology,True,patent,0.936
IPE_001301,patent,knowledge_extraction,legal_document,es,pharmaceutical,True,patent,0.921
IPE_001302,patent,knowledge_extraction,legal_document,de,automotive,True,patent,0.766
IPE_001303,patent,knowledge_extraction,legal_document,fr,pharmaceutical,True,patent,0.938
IPE_001304,patent,ip_detection,patent_application,en,automotive,True,patent,0.932
IPE_001305,patent,ip_detection,meeting_minutes,zh,software,True,patent,0.791
IPE_001306,patent,ip_detection,patent_application,de,automotive,True,patent,0.859
IPE_001307,patent,entity_recognition,legal_document,ja,manufacturing,True,patent,0.855
IPE_001308,patent,relation_extraction,patent_application,de,pharmaceutical,True,patent,0.831
IPE_001309,patent,knowledge_extraction,technical_report,en,biotechnology,True,patent,0.859
IPE_001310,patent,ip_detection,technical_report,zh,manufacturing,True,patent,0.815
IPE_001311,patent,relation_extraction,meeting_minutes,en,software,True,patent,0.878
IPE_001312,patent,knowledge_extraction,legal_document,es,energy,True,patent,0.935
IPE_001313,patent,ip_detection,meeting_minutes,fr,automotive,True,patent,0.802
IPE_001314,patent,ip_detection,meeting_minutes,fr,pharmaceutical,True,patent,0.863
IPE_001315,patent,knowledge_extraction,legal_document,es,software,True,patent,0.847
IPE_001316,patent,relation_extraction,patent_application,fr,pharmaceutical,True,patent,0.793
IPE_001317,patent,relation_extraction,patent_application,zh,energy,True,patent,0.804
IPE_001318,patent,relation_extraction,technical_report,es,energy,True,patent,0.791
IPE_001319,patent,knowledge_extraction,patent_application,de,manufacturing,True,patent,0.873
IPE_001320,patent,entity_recognition,technical_report,ja,manufacturing,True,patent,0.846
IPE_001321,patent,relation_extraction,technical_report,fr,aerospace,True,patent,0.825
IPE_001322,patent,relation_extraction,research_paper,es,manufacturing,True,patent,0.756
IPE_001323,patent,ip_detection,patent_application,ja,software,True,patent,0.895
IPE_001324,patent,relation_extraction,legal_document,en,manufacturing,True,patent,0.917
IPE_001325,patent,relation_extraction,meeting_minutes,zh,biotechnology,True,patent,0.909
IPE_001326,patent,entity_recognition,meeting_minutes,en,automotive,True,patent,0.755
IPE_001327,patent,entity_recognition,meeting_minutes,de,biotechnology,True,patent,0.819
IPE_001328,patent,ip_detection,technical_report,de,software,True,patent,0.823
IPE_001329,patent,ip_detection,research_paper,fr,pharmaceutical,True,patent,0.923
IPE_001330,patent,knowledge_extraction,legal_document,es,aerospace,True,patent,0.943
IPE_001331,patent,knowledge_extraction,patent_application,es,automotive,True,patent,0.848
IPE_001332,patent,relation_extraction,research_paper,en,biotechnology,True,patent,0.821
IPE_001333,patent,relation_extraction,research_paper,es,biotechnology,True,patent,0.818
IPE_001334,patent,relation_extraction,research_paper,es,automotive,True,patent,0.865
IPE_001335,patent,entity_recognition,technical_report,en,manufacturing,True,patent,0.862
IPE_001336,patent,relation_extraction,research_paper,de,software,True,patent,0.819
IPE_001337,patent,relation_extraction,meeting_minutes,zh,biotechnology,True,patent,0.888
IPE_001338,patent,relation_extraction,legal_document,es,biotechnology,True,patent,0.82
IPE_001339,patent,entity_recognition,patent_application,fr,automotive,True,patent,0.917
IPE_001340,patent,knowledge_extraction,research_paper,ja,automotive,True,patent,0.865
IPE_001341,patent,relation_extraction,meeting_minutes,es,aerospace,True,patent,0.76
IPE_001342,patent,relation_extraction,legal_document,ja,energy,True,patent,0.858
IPE_001343,patent,relation_extraction,research_paper,zh,biotechnology,True,patent,0.772
IPE_001344,patent,knowledge_extraction,meeting_minutes,de,automotive,True,patent,0.941
IPE_001345,patent,entity_recognition,research_paper,zh,pharmaceutical,True,patent,0.925
IPE_001346,patent,entity_recognition,research_paper,en,biotechnology,True,patent,0.879
IPE_001347,patent,ip_detection,patent_application,de,biotechnology,True,patent,0.857
IPE_001348,patent,knowledge_extraction,patent_application,fr,automotive,True,patent,0.862
IPE_001349,patent,entity_recognition,legal_document,de,aerospace,True,patent,0.757
IPE_001350,patent,entity_recognition,legal_document,es,manufacturing,True,patent,0.907
IPE_001351,patent,ip_detection,meeting_minutes,zh,energy,True,patent,0.797
IPE_001352,patent,knowledge_extraction,legal_document,fr,energy,True,patent,0.88
IPE_001353,patent,ip_detection,legal_document,fr,energy,True,patent,0.752
IPE_001354,patent,knowledge_extraction,meeting_minutes,ja,manufacturing,True,patent,0.909
IPE_001355,patent,knowledge_extraction,research_paper,zh,energy,True,patent,0.826
IPE_001356,patent,knowledge_extraction,legal_document,zh,pharmaceutical,True,patent,0.867
IPE_001357,patent,ip_detection,research_paper,en,manufacturing,True,patent,0.824
IPE_001358,patent,knowledge_extraction,legal_document,fr,pharmaceutical,True,patent,0.8
IPE_001359,patent,entity_recognition,legal_document,zh,pharmaceutical,True,patent,0.92
IPE_001360,patent,entity_recognition,technical_report,ja,aerospace,True,patent,0.826
IPE_001361,patent,ip_detection,research_paper,ja,pharmaceutical,True,patent,0.846
IPE_001362,patent,entity_recognition,patent_application,de,software,True,patent,0.849
IPE_001363,patent,relation_extraction,research_paper,en,automotive,True,patent,0.806
IPE_001364,patent,relation_extraction,patent_application,fr,aerospace,True,patent,0.811
IPE_001365,patent,knowledge_extraction,patent_application,zh,automotive,True,patent,0.771
IPE_001366,patent,entity_recognition,research_paper,zh,pharmaceutical,True,patent,0.775
IPE_001367,patent,relation_extraction,legal_document,en,manufacturing,True,patent,0.889
IPE_001368,patent,ip_detection,patent_application,fr,manufacturing,True,patent,0.906
IPE_001369,patent,entity_recognition,meeting_minutes,de,aerospace,True,patent,0.842
IPE_001370,patent,knowledge_extraction,meeting_minutes,en,pharmaceutical,True,patent,0.805
IPE_001371,patent,knowledge_extraction,legal_document,en,energy,True,patent,0.867
IPE_001372,patent,knowledge_extraction,research_paper,de,automotive,True,patent,0.868
IPE_001373,patent,knowledge_extraction,research_paper,ja,software,True,patent,0.891
IPE_001374,patent,knowledge_extraction,legal_document,de,biotechnology,True,patent,0.762
IPE_001375,patent,knowledge_extraction,patent_application,zh,manufacturing,True,patent,0.909
IPE_001376,patent,relation_extraction,legal_document,en,biotechnology,True,patent,0.925
IPE_001377,patent,relation_extraction,legal_document,de,manufacturing,True,patent,0.861
IPE_001378,patent,entity_recognition,meeting_minutes,de,aerospace,True,patent,0.757
IPE_001379,patent,entity_recognition,meeting_minutes,ja,pharmaceutical,True,patent,0.864
IPE_001380,patent,relation_extraction,legal_document,fr,pharmaceutical,True,patent,0.816
IPE_001381,patent,relation_extraction,legal_document,de,energy,True,patent,0.905
IPE_001382,patent,knowledge_extraction,technical_report,fr,biotechnology,True,patent,0.857
IPE_001383,patent,knowledge_extraction,patent_application,zh,energy,True,patent,0.902
IPE_001384,patent,knowledge_extraction,meeting_minutes,de,automotive,True,patent,0.809
IPE_001385,patent,knowledge_extraction,technical_report,en,manufacturing,True,patent,0.868
IPE_001386,patent,ip_detection,meeting_minutes,zh,automotive,True,patent,0.824
IPE_001387,patent,relation_extraction,research_paper,de,biotechnology,True,patent,0.843
IPE_001388,patent,relation_extraction,research_paper,de,biotechnology,True,patent,0.798
IPE_001389,patent,knowledge_extraction,research_paper,zh,manufacturing,True,patent,0.888
IPE_001390,patent,knowledge_extraction,patent_application,es,aerospace,True,patent,0.776
IPE_001391,patent,knowledge_extraction,patent_application,fr,energy,True,patent,0.896
IPE_001392,patent,entity_recognition,legal_document,zh,software,True,patent,0.938
IPE_001393,patent,ip_detection,research_paper,es,software,True,patent,0.819
IPE_001394,patent,ip_detection,meeting_minutes,en,software,True,patent,0.804
IPE_001395,patent,knowledge_extraction,legal_document,fr,automotive,True,patent,0.933
IPE_001396,patent,knowledge_extraction,legal_document,de,aerospace,True,patent,0.902
IPE_001397,patent,relation_extraction,research_paper,es,software,True,patent,0.819
IPE_001398,patent,ip_detection,legal_document,ja,manufacturing,True,patent,0.789
IPE_001399,patent,entity_recognition,meeting_minutes,ja,manufacturing,True,patent,0.82
IPE_001400,patent,ip_detection,legal_document,zh,energy,True,patent,0.776
IPE_001401,patent,entity_recognition,meeting_minutes,fr,pharmaceutical,True,patent,0.763
IPE_001402,patent,entity_recognition,legal_document,zh,automotive,True,patent,0.883
IPE_001403,patent,ip_detection,patent_application,ja,pharmaceutical,True,patent,0.839
IPE_001404,patent,relation_extraction,meeting_minutes,de,pharmaceutical,True,patent,0.851
IPE_001405,patent,relation_extraction,legal_document,ja,software,True,patent,0.751
IPE_001406,patent,entity_recognition,legal_document,es,pharmaceutical,True,patent,0.766
IPE_001407,patent,entity_recognition,patent_application,de,aerospace,True,patent,0.792
IPE_001408,patent,relation_extraction,patent_application,es,energy,True,patent,0.79
IPE_001409,patent,knowledge_extraction,patent_application,zh,automotive,True,patent,0.806
IPE_001410,patent,ip_detection,patent_application,fr,manufacturing,True,patent,0.933
IPE_001411,patent,entity_recognition,legal_document,es,aerospace,True,patent,0.87
IPE_001412,patent,knowledge_extraction,patent_application,ja,aerospace,True,patent,0.777
IPE_001413,patent,ip_detection,technical_report,de,software,True,patent,0.926
IPE_001414,patent,relation_extraction,research_paper,de,pharmaceutical,True,patent,0.855
IPE_001415,patent,ip_detection,legal_document,ja,software,True,patent,0.843
IPE_001416,patent,entity_recognition,meeting_minutes,zh,aerospace,True,patent,0.911
IPE_001417,patent,ip_detection,technical_report,ja,manufacturing,True,patent,0.927
IPE_001418,patent,ip_detection,technical_report,es,pharmaceutical,True,patent,0.774
IPE_001419,patent,ip_detection,patent_application,ja,manufacturing,True,patent,0.83
IPE_001420,patent,ip_detection,meeting_minutes,de,manufacturing,True,patent,0.932
IPE_001421,patent,knowledge_extraction,research_paper,fr,energy,True,patent,0.876
IPE_001422,patent,relation_extraction,legal_document,de,manufacturing,True,patent,0.758
IPE_001423,patent,ip_detection,legal_document,ja,biotechnology,True,patent,0.927
IPE_001424,patent,ip_detection,research_paper,fr,biotechnology,True,patent,0.772
IPE_001425,patent,entity_recognition,legal_document,ja,biotechnology,True,patent,0.841
IPE_001426,patent,entity_recognition,legal_document,de,manufacturing,True,patent,0.948
IPE_001427,patent,entity_recognition,research_paper,fr,manufacturing,True,patent,0.911
IPE_001428,patent,relation_extraction,meeting_minutes,ja,software,True,patent,0.869
IPE_001429,patent,entity_recognition,legal_document,zh,energy,True,patent,0.797
IPE_001430,patent,ip_detection,technical_report,zh,biotechnology,True,patent,0.792
IPE_001431,patent,relation_extraction,research_paper,ja,biotechnology,True,patent,0.821
IPE_001432,patent,relation_extraction,meeting_minutes,zh,manufacturing,True,patent,0.803
IPE_001433,patent,knowledge_extraction,meeting_minutes,de,automotive,True,patent,0.887
IPE_001434,patent,relation_extraction,patent_application,en,software,True,patent,0.834
IPE_001435,patent,entity_recognition,technical_report,ja,manufacturing,True,patent,0.87
IPE_001436,patent,relation_extraction,technical_report,zh,pharmaceutical,True,patent,0.863
IPE_001437,patent,ip_detection,research_paper,en,manufacturing,True,patent,0.908
IPE_001438,patent,knowledge_extraction,research_paper,fr,pharmaceutical,True,patent,0.826
IPE_001439,patent,knowledge_extraction,research_paper,ja,aerospace,True,patent,0.836
IPE_001440,patent,relation_extraction,legal_document,en,automotive,True,patent,0.788
IPE_001441,patent,knowledge_extraction,legal_document,es,biotechnology,True,patent,0.841
IPE_001442,patent,ip_detection,legal_document,de,software,True,patent,0.803
IPE_001443,patent,knowledge_extraction,technical_report,de,manufacturing,True,patent,0.805
IPE_001444,patent,relation_extraction,research_paper,de,pharmaceutical,True,patent,0.863
IPE_001445,patent,knowledge_extraction,patent_application,ja,aerospace,True,patent,0.876
IPE_001446,patent,ip_detection,patent_application,fr,software,True,patent,0.853
IPE_001447,patent,knowledge_extraction,meeting_minutes,es,software,True,patent,0.812
IPE_001448,patent,relation_extraction,patent_application,fr,biotechnology,True,patent,0.836
IPE_001449,patent,relation_extraction,patent_application,ja,automotive,True,patent,0.926
IPE_001450,patent,knowledge_extraction,legal_document,zh,software,True,patent,0.947
IPE_001451,patent,knowledge_extraction,research_paper,fr,automotive,True,patent,0.773
IPE_001452,patent,ip_detection,patent_application,ja,energy,True,patent,0.85
IPE_001453,patent,ip_detection,technical_report,de,pharmaceutical,True,patent,0.803
IPE_001454,patent,ip_detection,legal_document,zh,automotive,True,patent,0.884
IPE_001455,patent,relation_extraction,research_paper,ja,energy,True,patent,0.932
IPE_001456,patent,entity_recognition,meeting_minutes,ja,aerospace,True,patent,0.923
IPE_001457,patent,entity_recognition,research_paper,fr,energy,True,patent,0.883
IPE_001458,patent,ip_detection,research_paper,en,biotechnology,True,patent,0.833
IPE_001459,patent,ip_detection,legal_document,de,automotive,True,patent,0.773
IPE_001460,patent,knowledge_extraction,meeting_minutes,ja,automotive,True,patent,0.862
IPE_001461,patent,ip_detection,legal_document,es,aerospace,True,patent,0.822
IPE_001462,patent,knowledge_extraction,research_paper,zh,biotechnology,True,patent,0.914
IPE_001463,patent,knowledge_extraction,legal_document,zh,manufacturing,True,patent,0.812
IPE_001464,patent,relation_extraction,meeting_minutes,es,biotechnology,True,patent,0.845
IPE_001465,patent,entity_recognition,meeting_minutes,zh,software,True,patent,0.827
IPE_001466,patent,entity_recognition,meeting_minutes,zh,pharmaceutical,True,patent,0.848
IPE_001467,patent,relation_extraction,legal_document,zh,biotechnology,True,patent,0.914
IPE_001468,patent,relation_extraction,patent_application,ja,biotechnology,True,patent,0.857
IPE_001469,patent,entity_recognition,legal_document,ja,manufacturing,True,patent,0.8
IPE_001470,patent,relation_extraction,research_paper,ja,pharmaceutical,True,patent,0.754
IPE_001471,patent,ip_detection,patent_application,ja,manufacturing,True,patent,0.862
IPE_001472,patent,knowledge_extraction,technical_report,ja,energy,True,patent,0.927
IPE_001473,patent,entity_recognition,legal_document,fr,software,True,patent,0.8
IPE_001474,patent,knowledge_extraction,research_paper,de,software,True,patent,0.873
IPE_001475,patent,relation_extraction,legal_document,zh,automotive,True,patent,0.837
IPE_001476,patent,relation_extraction,technical_report,zh,pharmaceutical,True,patent,0.928
IPE_001477,patent,ip_detection,legal_document,fr,manufacturing,True,patent,0.758
IPE_001478,patent,entity_recognition,technical_report,ja,aerospace,True,patent,0.94
IPE_001479,patent,relation_extraction,patent_application,zh,pharmaceutical,True,patent,0.805
IPE_001480,patent,knowledge_extraction,research_paper,de,software,True,patent,0.772
IPE_001481,patent,entity_recognition,legal_document,ja,manufacturing,True,patent,0.765
IPE_001482,patent,ip_detection,patent_application,ja,automotive,True,patent,0.839
IPE_001483,patent,knowledge_extraction,legal_document,ja,biotechnology,True,patent,0.77
IPE_001484,patent,knowledge_extraction,legal_document,de,manufacturing,True,patent,0.766
IPE_001485,patent,entity_recognition,research_paper,fr,software,True,patent,0.815
IPE_001486,patent,knowledge_extraction,patent_application,en,energy,True,patent,0.883
IPE_001487,patent,relation_extraction,meeting_minutes,zh,software,True,patent,0.892
IPE_001488,patent,relation_extraction,meeting_minutes,zh,manufacturing,True,patent,0.875
IPE_001489,patent,ip_detection,technical_report,en,manufacturing,True,patent,0.912
IPE_001490,patent,knowledge_extraction,research_paper,zh,automotive,True,patent,0.921
IPE_001491,patent,relation_extraction,technical_report,es,software,True,patent,0.817
IPE_001492,patent,knowledge_extraction,research_paper,zh,aerospace,True,patent,0.791
IPE_001493,patent,entity_recognition,technical_report,es,manufacturing,True,patent,0.851
IPE_001494,patent,relation_extraction,technical_report,zh,manufacturing,True,patent,0.866
IPE_001495,patent,knowledge_extraction,meeting_minutes,fr,pharmaceutical,True,patent,0.907
IPE_001496,patent,knowledge_extraction,research_paper,zh,manufacturing,True,patent,0.835
IPE_001497,patent,entity_recognition,patent_application,es,software,True,patent,0.811
IPE_001498,patent,relation_extraction,technical_report,ja,pharmaceutical,True,patent,0.883
IPE_001499,patent,ip_detection,patent_application,en,energy,True,patent,0.804
IPE_001500,patent,relation_extraction,meeting_minutes,de,energy,True,patent,0.931
IPE_001501,patent,relation_extraction,technical_report,de,energy,True,patent,0.801
IPE_001502,patent,relation_extraction,technical_report,en,biotechnology,True,patent,0.767
IPE_001503,patent,knowledge_extraction,technical_report,ja,automotive,True,patent,0.803
IPE_001504,patent,entity_recognition,patent_application,en,energy,True,patent,0.9
IPE_001505,patent,ip_detection,patent_application,de,pharmaceutical,True,patent,0.892
IPE_001506,patent,knowledge_extraction,meeting_minutes,ja,software,True,patent,0.799
IPE_001507,patent,entity_recognition,legal_document,de,pharmaceutical,True,patent,0.769
IPE_001508,patent,knowledge_extraction,legal_document,de,software,True,patent,0.781
IPE_001509,patent,relation_extraction,meeting_minutes,zh,biotechnology,True,patent,0.949
IPE_001510,patent,relation_extraction,patent_application,fr,automotive,True,patent,0.928
IPE_001511,patent,entity_recognition,technical_report,fr,automotive,True,patent,0.946
IPE_001512,patent,knowledge_extraction,research_paper,en,biotechnology,True,patent,0.851
IPE_001513,patent,relation_extraction,meeting_minutes,es,pharmaceutical,True,patent,0.764
IPE_001514,patent,relation_extraction,patent_application,ja,pharmaceutical,True,patent,0.933
IPE_001515,patent,ip_detection,patent_application,ja,automotive,True,patent,0.91
IPE_001516,patent,ip_detection,legal_document,zh,automotive,True,patent,0.761
IPE_001517,patent,ip_detection,meeting_minutes,fr,manufacturing,True,patent,0.794
IPE_001518,patent,entity_recognition,technical_report,en,energy,True,patent,0.95
IPE_001519,patent,entity_recognition,research_paper,de,automotive,True,patent,0.854
IPE_001520,patent,relation_extraction,research_paper,es,software,True,patent,0.796
IPE_001521,patent,knowledge_extraction,technical_report,zh,biotechnology,True,patent,0.765
IPE_001522,patent,entity_recognition,legal_document,ja,software,True,patent,0.799
IPE_001523,patent,ip_detection,research_paper,ja,pharmaceutical,True,patent,0.789
IPE_001524,patent,ip_detection,legal_document,es,automotive,True,patent,0.858
IPE_001525,patent,relation_extraction,patent_application,es,software,True,patent,0.941
IPE_001526,patent,ip_detection,research_paper,es,software,True,patent,0.911
IPE_001527,patent,knowledge_extraction,meeting_minutes,en,software,True,patent,0.823
IPE_001528,patent,entity_recognition,meeting_minutes,en,biotechnology,True,patent,0.771
IPE_001529,patent,entity_recognition,technical_report,de,pharmaceutical,True,patent,0.931
IPE_001530,patent,entity_recognition,legal_document,es,aerospace,True,patent,0.776
IPE_001531,patent,knowledge_extraction,research_paper,ja,biotechnology,True,patent,0.878
IPE_001532,patent,relation_extraction,technical_report,de,energy,True,patent,0.85
IPE_001533,patent,knowledge_extraction,patent_application,en,aerospace,True,patent,0.85
IPE_001534,patent,relation_extraction,patent_application,ja,automotive,True,patent,0.835
IPE_001535,patent,knowledge_extraction,patent_application,de,software,True,patent,0.779
IPE_001536,patent,knowledge_extraction,patent_application,ja,aerospace,True,patent,0.801
IPE_001537,patent,relation_extraction,research_paper,de,pharmaceutical,True,patent,0.753
IPE_001538,patent,entity_recognition,research_paper,ja,software,True,patent,0.882
IPE_001539,patent,entity_recognition,meeting_minutes,fr,automotive,True,patent,0.877
IPE_001540,patent,ip_detection,patent_application,fr,automotive,True,patent,0.878
IPE_001541,patent,knowledge_extraction,meeting_minutes,zh,energy,True,patent,0.852
IPE_001542,patent,relation_extraction,technical_report,de,automotive,True,patent,0.911
IPE_001543,patent,entity_recognition,research_paper,en,biotechnology,True,patent,0.846
IPE_001544,patent,relation_extraction,patent_application,zh,energy,True,patent,0.774
IPE_001545,patent,relation_extraction,patent_application,en,automotive,True,patent,0.777
IPE_001546,patent,ip_detection,meeting_minutes,en,aerospace,True,patent,0.929
IPE_001547,patent,knowledge_extraction,legal_document,de,energy,True,patent,0.945
IPE_001548,patent,ip_detection,patent_application,de,pharmaceutical,True,patent,0.901
IPE_001549,patent,relation_extraction,research_paper,en,automotive,True,patent,0.791
IPE_001550,patent,relation_extraction,meeting_minutes,ja,energy,True,patent,0.936
IPE_001551,patent,ip_detection,legal_document,zh,biotechnology,True,patent,0.908
IPE_001552,patent,knowledge_extraction,research_paper,de,manufacturing,True,patent,0.888
IPE_001553,patent,ip_detection,patent_application,de,energy,True,patent,0.844
IPE_001554,patent,knowledge_extraction,research_paper,en,manufacturing,True,patent,0.75
IPE_001555,patent,entity_recognition,patent_application,fr,manufacturing,True,patent,0.829
IPE_001556,patent,knowledge_extraction,meeting_minutes,en,energy,True,patent,0.929
IPE_001557,patent,relation_extraction,meeting_minutes,fr,software,True,patent,0.929
IPE_001558,patent,entity_recognition,research_paper,de,automotive,True,patent,0.929
IPE_001559,patent,knowledge_extraction,meeting_minutes,es,automotive,True,patent,0.896
IPE_001560,patent,knowledge_extraction,research_paper,de,software,True,patent,0.797
IPE_001561,patent,relation_extraction,research_paper,fr,manufacturing,True,patent,0.76
IPE_001562,patent,ip_detection,technical_report,ja,aerospace,True,patent,0.827
IPE_001563,patent,entity_recognition,technical_report,fr,automotive,True,patent,0.867
IPE_001564,patent,ip_detection,patent_application,de,pharmaceutical,True,patent,0.771
IPE_001565,patent,entity_recognition,research_paper,es,automotive,True,patent,0.83
IPE_001566,patent,knowledge_extraction,research_paper,en,automotive,True,patent,0.81
IPE_001567,patent,knowledge_extraction,patent_application,ja,aerospace,True,patent,0.797
IPE_001568,patent,knowledge_extraction,technical_report,en,automotive,True,patent,0.831
IPE_001569,patent,entity_recognition,technical_report,en,biotechnology,True,patent,0.94
IPE_001570,patent,entity_recognition,meeting_minutes,ja,automotive,True,patent,0.907
IPE_001571,patent,relation_extraction,patent_application,de,aerospace,True,patent,0.834
IPE_001572,patent,relation_extraction,patent_application,de,pharmaceutical,True,patent,0.807
IPE_001573,patent,ip_detection,research_paper,de,aerospace,True,patent,0.895
IPE_001574,patent,entity_recognition,technical_report,en,manufacturing,True,patent,0.795
IPE_001575,patent,knowledge_extraction,patent_application,es,manufacturing,True,patent,0.759
IPE_001576,patent,knowledge_extraction,patent_application,fr,software,True,patent,0.805
IPE_001577,patent,ip_detection,legal_document,ja,energy,True,patent,0.79
IPE_001578,patent,knowledge_extraction,legal_document,en,manufacturing,True,patent,0.822
IPE_001579,patent,entity_recognition,technical_report,zh,biotechnology,True,patent,0.879
IPE_001580,patent,ip_detection,legal_document,ja,biotechnology,True,patent,0.924
IPE_001581,patent,knowledge_extraction,patent_application,zh,manufacturing,True,patent,0.935
IPE_001582,patent,entity_recognition,research_paper,es,energy,True,patent,0.843
IPE_001583,patent,entity_recognition,legal_document,de,aerospace,True,patent,0.946
IPE_001584,patent,relation_extraction,patent_application,en,pharmaceutical,True,patent,0.867
IPE_001585,patent,ip_detection,research_paper,en,biotechnology,True,patent,0.912
IPE_001586,patent,entity_recognition,meeting_minutes,zh,biotechnology,True,patent,0.763
IPE_001587,patent,entity_recognition,patent_application,ja,energy,True,patent,0.797
IPE_001588,patent,ip_detection,legal_document,es,pharmaceutical,True,patent,0.794
IPE_001589,patent,relation_extraction,patent_application,zh,energy,True,patent,0.946
IPE_001590,patent,knowledge_extraction,patent_application,es,manufacturing,True,patent,0.856
IPE_001591,patent,ip_detection,technical_report,zh,automotive,True,patent,0.756
IPE_001592,patent,entity_recognition,meeting_minutes,fr,software,True,patent,0.933
IPE_001593,patent,entity_recognition,patent_application,fr,aerospace,True,patent,0.806
IPE_001594,patent,knowledge_extraction,research_paper,en,biotechnology,True,patent,0.906
IPE_001595,patent,ip_detection,legal_document,ja,software,True,patent,0.776
IPE_001596,patent,ip_detection,technical_report,de,biotechnology,True,patent,0.811
IPE_001597,patent,relation_extraction,technical_report,es,aerospace,True,patent,0.891
IPE_001598,patent,ip_detection,technical_report,ja,aerospace,True,patent,0.826
IPE_001599,patent,entity_recognition,meeting_minutes,fr,aerospace,True,patent,0.833
IPE_001600,patent,knowledge_extraction,legal_document,ja,software,True,patent,0.785
IPE_001601,patent,knowledge_extraction,technical_report,es,pharmaceutical,True,patent,0.946
IPE_001602,patent,relation_extraction,legal_document,zh,biotechnology,True,patent,0.926
IPE_001603,patent,relation_extraction,patent_application,en,biotechnology,True,patent,0.825
IPE_001604,patent,ip_detection,meeting_minutes,de,aerospace,True,patent,0.866
IPE_001605,patent,relation_extraction,research_paper,fr,aerospace,True,patent,0.768
IPE_001606,patent,entity_recognition,patent_application,de,pharmaceutical,True,patent,0.924
IPE_001607,patent,relation_extraction,meeting_minutes,fr,aerospace,True,patent,0.804
IPE_001608,patent,relation_extraction,patent_application,de,aerospace,True,patent,0.804
IPE_001609,patent,knowledge_extraction,meeting_minutes,zh,pharmaceutical,True,patent,0.933
IPE_001610,patent,knowledge_extraction,patent_application,ja,aerospace,True,patent,0.827
IPE_001611,patent,entity_recognition,meeting_minutes,en,automotive,True,patent,0.858
IPE_001612,patent,ip_detection,research_paper,en,biotechnology,True,patent,0.912
IPE_001613,patent,relation_extraction,meeting_minutes,de,pharmaceutical,True,patent,0.761
IPE_001614,patent,relation_extraction,legal_document,en,software,True,patent,0.812
IPE_001615,patent,ip_detection,research_paper,en,automotive,True,patent,0.752
IPE_001616,patent,entity_recognition,technical_report,zh,pharmaceutical,True,patent,0.772
IPE_001617,patent,ip_detection,technical_report,zh,energy,True,patent,0.778
IPE_001618,patent,knowledge_extraction,legal_document,de,biotechnology,True,patent,0.916
IPE_001619,patent,relation_extraction,legal_document,zh,pharmaceutical,True,patent,0.851
IPE_001620,patent,entity_recognition,legal_document,fr,pharmaceutical,True,patent,0.876
IPE_001621,patent,ip_detection,meeting_minutes,zh,biotechnology,True,patent,0.933
IPE_001622,patent,ip_detection,meeting_minutes,fr,pharmaceutical,True,patent,0.818
IPE_001623,patent,entity_recognition,meeting_minutes,en,aerospace,True,patent,0.941
IPE_001624,patent,knowledge_extraction,patent_application,ja,pharmaceutical,True,patent,0.824
IPE_001625,patent,knowledge_extraction,patent_application,ja,energy,True,patent,0.855
IPE_001626,patent,ip_detection,patent_application,fr,energy,True,patent,0.852
IPE_001627,patent,entity_recognition,meeting_minutes,de,aerospace,True,patent,0.78
IPE_001628,patent,entity_recognition,legal_document,zh,manufacturing,True,patent,0.764
IPE_001629,patent,entity_recognition,technical_report,en,energy,True,patent,0.843
IPE_001630,patent,ip_detection,meeting_minutes,ja,biotechnology,True,patent,0.934
IPE_001631,patent,entity_recognition,technical_report,zh,automotive,True,patent,0.938
IPE_001632,patent,knowledge_extraction,technical_report,es,software,True,patent,0.846
IPE_001633,patent,knowledge_extraction,technical_report,de,aerospace,True,patent,0.87
IPE_001634,patent,knowledge_extraction,legal_document,de,biotechnology,True,patent,0.779
IPE_001635,patent,relation_extraction,research_paper,en,manufacturing,True,patent,0.84
IPE_001636,patent,relation_extraction,patent_application,ja,software,True,patent,0.927
IPE_001637,patent,entity_recognition,research_paper,es,automotive,True,patent,0.855
IPE_001638,patent,relation_extraction,technical_report,ja,manufacturing,True,patent,0.885
IPE_001639,patent,relation_extraction,research_paper,de,manufacturing,True,patent,0.826
IPE_001640,patent,entity_recognition,technical_report,de,energy,True,patent,0.781
IPE_001641,patent,relation_extraction,patent_application,es,biotechnology,True,patent,0.918
IPE_001642,patent,relation_extraction,meeting_minutes,es,software,True,patent,0.797
IPE_001643,patent,knowledge_extraction,technical_report,de,manufacturing,True,patent,0.941
IPE_001644,patent,entity_recognition,research_paper,es,energy,True,patent,0.857
IPE_001645,patent,relation_extraction,legal_document,en,energy,True,patent,0.858
IPE_001646,patent,ip_detection,patent_application,ja,biotechnology,True,patent,0.812
IPE_001647,patent,ip_detection,meeting_minutes,fr,energy,True,patent,0.932
IPE_001648,patent,knowledge_extraction,technical_report,zh,energy,True,patent,0.823
IPE_001649,patent,knowledge_extraction,meeting_minutes,en,pharmaceutical,True,patent,0.926
IPE_001650,patent,relation_extraction,patent_application,en,biotechnology,True,patent,0.94
IPE_001651,patent,knowledge_extraction,patent_application,de,automotive,True,patent,0.79
IPE_001652,patent,entity_recognition,meeting_minutes,de,aerospace,True,patent,0.756
IPE_001653,patent,relation_extraction,meeting_minutes,en,automotive,True,patent,0.93
IPE_001654,patent,ip_detection,technical_report,en,manufacturing,True,patent,0.902
IPE_001655,patent,relation_extraction,patent_application,ja,biotechnology,True,patent,0.937
IPE_001656,patent,knowledge_extraction,patent_application,de,software,True,patent,0.779
IPE_001657,patent,knowledge_extraction,patent_application,de,biotechnology,True,patent,0.923
IPE_001658,patent,ip_detection,legal_document,en,biotechnology,True,patent,0.806
IPE_001659,patent,relation_extraction,patent_application,es,aerospace,True,patent,0.777
IPE_001660,patent,relation_extraction,research_paper,de,pharmaceutical,True,patent,0.868
IPE_001661,patent,relation_extraction,legal_document,en,pharmaceutical,True,patent,0.884
IPE_001662,patent,ip_detection,meeting_minutes,ja,biotechnology,True,patent,0.84
IPE_001663,patent,ip_detection,technical_report,ja,aerospace,True,patent,0.885
IPE_001664,patent,entity_recognition,technical_report,de,software,True,patent,0.909
IPE_001665,patent,ip_detection,research_paper,en,automotive,True,patent,0.839
IPE_001666,patent,ip_detection,research_paper,ja,pharmaceutical,True,patent,0.917
IPE_001667,patent,entity_recognition,technical_report,en,manufacturing,True,patent,0.82
IPE_001668,patent,knowledge_extraction,patent_application,fr,software,True,patent,0.899
IPE_001669,patent,knowledge_extraction,legal_document,fr,aerospace,True,patent,0.944
IPE_001670,patent,relation_extraction,technical_report,ja,aerospace,True,patent,0.851
IPE_001671,patent,entity_recognition,technical_report,fr,manufacturing,True,patent,0.888
IPE_001672,patent,entity_recognition,legal_document,de,pharmaceutical,True,patent,0.806
IPE_001673,patent,ip_detection,legal_document,fr,pharmaceutical,True,patent,0.832
IPE_001674,patent,ip_detection,legal_document,de,manufacturing,True,patent,0.833
IPE_001675,patent,entity_recognition,legal_document,en,energy,True,patent,0.75
IPE_001676,patent,knowledge_extraction,patent_application,en,automotive,True,patent,0.862
IPE_001677,patent,relation_extraction,research_paper,es,automotive,True,patent,0.88
IPE_001678,patent,entity_recognition,research_paper,fr,aerospace,True,patent,0.79
IPE_001679,patent,knowledge_extraction,technical_report,es,automotive,True,patent,0.768
IPE_001680,patent,ip_detection,legal_document,en,software,True,patent,0.818
IPE_001681,patent,knowledge_extraction,technical_report,en,software,True,patent,0.891
IPE_001682,patent,ip_detection,legal_document,es,aerospace,True,patent,0.925
IPE_001683,patent,entity_recognition,technical_report,fr,pharmaceutical,True,patent,0.751
IPE_001684,patent,entity_recognition,research_paper,es,automotive,True,patent,0.816
IPE_001685,patent,ip_detection,meeting_minutes,ja,manufacturing,True,patent,0.903
IPE_001686,patent,relation_extraction,research_paper,de,pharmaceutical,True,patent,0.755
IPE_001687,patent,ip_detection,patent_application,ja,pharmaceutical,True,patent,0.837
IPE_001688,patent,ip_detection,legal_document,fr,automotive,True,patent,0.945
IPE_001689,patent,ip_detection,technical_report,de,biotechnology,True,patent,0.949
IPE_001690,patent,relation_extraction,meeting_minutes,es,automotive,True,patent,0.773
IPE_001691,patent,relation_extraction,research_paper,ja,aerospace,True,patent,0.788
IPE_001692,patent,relation_extraction,legal_document,en,energy,True,patent,0.882
IPE_001693,patent,ip_detection,patent_application,zh,manufacturing,True,patent,0.761
IPE_001694,patent,knowledge_extraction,legal_document,zh,manufacturing,True,patent,0.913
IPE_001695,patent,relation_extraction,technical_report,de,energy,True,patent,0.888
IPE_001696,patent,knowledge_extraction,legal_document,de,automotive,True,patent,0.877
IPE_001697,patent,relation_extraction,meeting_minutes,ja,manufacturing,True,patent,0.769
IPE_001698,patent,knowledge_extraction,meeting_minutes,fr,manufacturing,True,patent,0.799
IPE_001699,patent,relation_extraction,meeting_minutes,en,manufacturing,True,patent,0.933
IPE_001700,patent,ip_detection,meeting_minutes,zh,aerospace,True,patent,0.868
IPE_001701,patent,relation_extraction,legal_document,ja,biotechnology,True,patent,0.787
IPE_001702,patent,knowledge_extraction,research_paper,en,software,True,patent,0.868
IPE_001703,patent,entity_recognition,research_paper,de,manufacturing,True,patent,0.821
IPE_001704,patent,ip_detection,research_paper,es,energy,True,patent,0.868
IPE_001705,patent,entity_recognition,legal_document,ja,software,True,patent,0.846
IPE_001706,patent,ip_detection,technical_report,ja,energy,True,patent,0.908
IPE_001707,patent,entity_recognition,technical_report,fr,automotive,True,patent,0.78
IPE_001708,patent,knowledge_extraction,meeting_minutes,zh,manufacturing,True,patent,0.776
IPE_001709,patent,ip_detection,technical_report,en,pharmaceutical,True,patent,0.79
IPE_001710,patent,ip_detection,technical_report,es,biotechnology,True,patent,0.848
IPE_001711,patent,relation_extraction,research_paper,de,software,True,patent,0.889
IPE_001712,patent,relation_extraction,technical_report,de,aerospace,True,patent,0.823
IPE_001713,patent,knowledge_extraction,technical_report,en,manufacturing,True,patent,0.78
IPE_001714,patent,entity_recognition,research_paper,es,biotechnology,True,patent,0.797
IPE_001715,patent,entity_recognition,meeting_minutes,en,biotechnology,True,patent,0.798
IPE_001716,patent,ip_detection,technical_report,en,pharmaceutical,True,patent,0.943
IPE_001717,patent,entity_recognition,patent_application,fr,manufacturing,True,patent,0.79
IPE_001718,patent,entity_recognition,research_paper,zh,energy,True,patent,0.856
IPE_001719,patent,entity_recognition,legal_document,ja,software,True,patent,0.938
IPE_001720,patent,ip_detection,technical_report,zh,energy,True,patent,0.796
IPE_001721,patent,relation_extraction,research_paper,de,pharmaceutical,True,patent,0.877
IPE_001722,patent,knowledge_extraction,patent_application,en,manufacturing,True,patent,0.775
IPE_001723,patent,ip_detection,research_paper,zh,software,True,patent,0.814
IPE_001724,patent,relation_extraction,patent_application,ja,aerospace,True,patent,0.879
IPE_001725,patent,entity_recognition,technical_report,zh,pharmaceutical,True,patent,0.926
IPE_001726,patent,ip_detection,patent_application,ja,energy,True,patent,0.944
IPE_001727,patent,entity_recognition,meeting_minutes,es,automotive,True,patent,0.843
IPE_001728,patent,relation_extraction,patent_application,en,energy,True,patent,0.864
IPE_001729,patent,knowledge_extraction,legal_document,zh,biotechnology,True,patent,0.886
IPE_001730,patent,knowledge_extraction,patent_application,ja,software,True,patent,0.903
IPE_001731,patent,relation_extraction,legal_document,ja,manufacturing,True,patent,0.877
IPE_001732,patent,entity_recognition,meeting_minutes,de,software,True,patent,0.847
IPE_001733,patent,relation_extraction,research_paper,es,aerospace,True,patent,0.789
IPE_001734,patent,knowledge_extraction,meeting_minutes,fr,pharmaceutical,True,patent,0.757
IPE_001735,patent,relation_extraction,legal_document,en,pharmaceutical,True,patent,0.889
IPE_001736,patent,knowledge_extraction,meeting_minutes,de,energy,True,patent,0.799
IPE_001737,patent,ip_detection,technical_report,ja,automotive,True,patent,0.805
IPE_001738,patent,ip_detection,research_paper,es,software,True,patent,0.836
IPE_001739,patent,entity_recognition,patent_application,ja,energy,True,patent,0.884
IPE_001740,patent,entity_recognition,legal_document,es,biotechnology,True,patent,0.837
IPE_001741,patent,ip_detection,technical_report,es,aerospace,True,patent,0.949
IPE_001742,patent,relation_extraction,technical_report,de,energy,True,patent,0.836
IPE_001743,patent,knowledge_extraction,meeting_minutes,ja,aerospace,True,patent,0.933
IPE_001744,patent,entity_recognition,technical_report,zh,pharmaceutical,True,patent,0.889
IPE_001745,patent,ip_detection,legal_document,es,aerospace,True,patent,0.883
IPE_001746,patent,relation_extraction,technical_report,es,aerospace,True,patent,0.878
IPE_001747,patent,ip_detection,research_paper,zh,manufacturing,True,patent,0.8
IPE_001748,patent,knowledge_extraction,technical_report,zh,automotive,True,patent,0.819
IPE_001749,patent,relation_extraction,legal_document,zh,automotive,True,patent,0.882
IPE_001750,patent,knowledge_extraction,meeting_minutes,en,biotechnology,True,patent,0.905
IPE_001751,patent,ip_detection,meeting_minutes,en,manufacturing,True,patent,0.865
IPE_001752,patent,ip_detection,research_paper,fr,software,True,patent,0.894
IPE_001753,patent,entity_recognition,meeting_minutes,fr,software,True,patent,0.8
IPE_001754,patent,relation_extraction,patent_application,es,energy,True,patent,0.899
IPE_001755,patent,ip_detection,legal_document,zh,manufacturing,True,patent,0.863
IPE_001756,patent,knowledge_extraction,patent_application,fr,energy,True,patent,0.801
IPE_001757,patent,ip_detection,legal_document,es,automotive,True,patent,0.848
IPE_001758,patent,ip_detection,meeting_minutes,ja,aerospace,True,patent,0.864
IPE_001759,patent,relation_extraction,legal_document,de,biotechnology,True,patent,0.878
IPE_001760,patent,entity_recognition,legal_document,de,automotive,True,patent,0.793
IPE_001761,patent,entity_recognition,research_paper,zh,automotive,True,patent,0.827
IPE_001762,patent,ip_detection,patent_application,ja,automotive,True,patent,0.846
IPE_001763,patent,ip_detection,research_paper,zh,manufacturing,True,patent,0.891
IPE_001764,patent,entity_recognition,research_paper,ja,aerospace,True,patent,0.821
IPE_001765,patent,entity_recognition,legal_document,en,energy,True,patent,0.849
IPE_001766,patent,entity_recognition,meeting_minutes,en,biotechnology,True,patent,0.844
IPE_001767,patent,relation_extraction,legal_document,ja,software,True,patent,0.834
IPE_001768,patent,ip_detection,research_paper,ja,aerospace,True,patent,0.828
IPE_001769,patent,ip_detection,research_paper,en,energy,True,patent,0.781
IPE_001770,patent,ip_detection,research_paper,fr,pharmaceutical,True,patent,0.932
IPE_001771,patent,ip_detection,technical_report,ja,software,True,patent,0.788
IPE_001772,patent,ip_detection,research_paper,ja,software,True,patent,0.888
IPE_001773,patent,ip_detection,research_paper,es,aerospace,True,patent,0.764
IPE_001774,patent,entity_recognition,research_paper,ja,manufacturing,True,patent,0.863
IPE_001775,patent,entity_recognition,technical_report,zh,software,True,patent,0.906
IPE_001776,patent,knowledge_extraction,patent_application,zh,aerospace,True,patent,0.855
IPE_001777,patent,relation_extraction,technical_report,fr,energy,True,patent,0.762
IPE_001778,patent,knowledge_extraction,research_paper,zh,automotive,True,patent,0.807
IPE_001779,patent,ip_detection,research_paper,de,energy,True,patent,0.918
IPE_001780,patent,entity_recognition,patent_application,ja,automotive,True,patent,0.879
IPE_001781,patent,ip_detection,meeting_minutes,en,automotive,True,patent,0.871
IPE_001782,patent,relation_extraction,research_paper,ja,aerospace,True,patent,0.775
IPE_001783,patent,knowledge_extraction,patent_application,de,pharmaceutical,True,patent,0.948
IPE_001784,patent,relation_extraction,meeting_minutes,fr,manufacturing,True,patent,0.914
IPE_001785,patent,relation_extraction,research_paper,ja,manufacturing,True,patent,0.852
IPE_001786,patent,ip_detection,research_paper,es,software,True,patent,0.854
IPE_001787,patent,ip_detection,patent_application,de,automotive,True,patent,0.834
IPE_001788,patent,entity_recognition,patent_application,de,software,True,patent,0.859
IPE_001789,patent,entity_recognition,legal_document,zh,manufacturing,True,patent,0.892
IPE_001790,patent,entity_recognition,meeting_minutes,de,pharmaceutical,True,patent,0.844
IPE_001791,patent,relation_extraction,research_paper,fr,software,True,patent,0.909
IPE_001792,patent,ip_detection,technical_report,en,energy,True,patent,0.764
IPE_001793,patent,ip_detection,patent_application,es,energy,True,patent,0.947
IPE_001794,patent,knowledge_extraction,technical_report,ja,software,True,patent,0.87
IPE_001795,patent,relation_extraction,research_paper,ja,aerospace,True,patent,0.859
IPE_001796,patent,knowledge_extraction,meeting_minutes,zh,pharmaceutical,True,patent,0.858
IPE_001797,patent,relation_extraction,patent_application,de,biotechnology,True,patent,0.834
IPE_001798,patent,entity_recognition,meeting_minutes,fr,automotive,True,patent,0.753
IPE_001799,patent,relation_extraction,technical_report,ja,pharmaceutical,True,patent,0.932
IPE_001800,patent,knowledge_extraction,patent_application,es,pharmaceutical,True,patent,0.908
IPE_001801,patent,knowledge_extraction,legal_document,ja,aerospace,True,patent,0.92
IPE_001802,patent,entity_recognition,patent_application,de,biotechnology,True,patent,0.94
IPE_001803,patent,entity_recognition,meeting_minutes,fr,manufacturing,True,patent,0.941
IPE_001804,patent,knowledge_extraction,legal_document,de,energy,True,patent,0.844
IPE_001805,patent,entity_recognition,patent_application,fr,pharmaceutical,True,patent,0.777
IPE_001806,patent,relation_extraction,legal_document,zh,software,True,patent,0.907
IPE_001807,patent,entity_recognition,patent_application,zh,pharmaceutical,True,patent,0.824
IPE_001808,patent,entity_recognition,meeting_minutes,en,pharmaceutical,True,patent,0.889
IPE_001809,patent,knowledge_extraction,research_paper,es,software,True,patent,0.823
IPE_001810,patent,ip_detection,technical_report,de,energy,True,patent,0.879
IPE_001811,patent,relation_extraction,research_paper,es,biotechnology,True,patent,0.83
IPE_001812,patent,relation_extraction,technical_report,fr,biotechnology,True,patent,0.887
IPE_001813,patent,ip_detection,legal_document,en,biotechnology,True,patent,0.904
IPE_001814,patent,relation_extraction,technical_report,ja,energy,True,patent,0.899
IPE_001815,patent,entity_recognition,patent_application,fr,software,True,patent,0.781
IPE_001816,patent,ip_detection,legal_document,de,manufacturing,True,patent,0.753
IPE_001817,patent,relation_extraction,technical_report,de,automotive,True,patent,0.877
IPE_001818,patent,entity_recognition,research_paper,es,aerospace,True,patent,0.844
IPE_001819,patent,ip_detection,meeting_minutes,ja,biotechnology,True,patent,0.865
IPE_001820,patent,ip_detection,meeting_minutes,ja,energy,True,patent,0.764
IPE_001821,patent,knowledge_extraction,legal_document,ja,manufacturing,True,patent,0.878
IPE_001822,patent,entity_recognition,meeting_minutes,ja,software,True,patent,0.778
IPE_001823,patent,relation_extraction,research_paper,en,biotechnology,True,patent,0.773
IPE_001824,patent,knowledge_extraction,meeting_minutes,ja,energy,True,patent,0.806
IPE_001825,patent,ip_detection,research_paper,es,energy,True,patent,0.812
IPE_001826,patent,ip_detection,research_paper,es,energy,True,patent,0.818
IPE_001827,patent,relation_extraction,research_paper,ja,software,True,patent,0.874
IPE_001828,patent,knowledge_extraction,research_paper,zh,software,True,patent,0.783
IPE_001829,patent,relation_extraction,technical_report,de,pharmaceutical,True,patent,0.797
IPE_001830,patent,entity_recognition,patent_application,es,manufacturing,True,patent,0.815
IPE_001831,patent,ip_detection,patent_application,es,biotechnology,True,patent,0.867
IPE_001832,patent,knowledge_extraction,patent_application,en,energy,True,patent,0.9
IPE_001833,patent,relation_extraction,technical_report,zh,software,True,patent,0.807
IPE_001834,patent,entity_recognition,meeting_minutes,es,aerospace,True,patent,0.762
IPE_001835,patent,entity_recognition,research_paper,zh,automotive,True,patent,0.83
IPE_001836,patent,entity_recognition,meeting_minutes,fr,manufacturing,True,patent,0.881
IPE_001837,patent,entity_recognition,research_paper,ja,biotechnology,True,patent,0.77
IPE_001838,patent,knowledge_extraction,legal_document,de,energy,True,patent,0.885
IPE_001839,patent,relation_extraction,research_paper,zh,energy,True,patent,0.772
IPE_001840,patent,ip_detection,technical_report,fr,manufacturing,True,patent,0.9
IPE_001841,patent,knowledge_extraction,research_paper,fr,aerospace,True,patent,0.889
IPE_001842,patent,ip_detection,technical_report,ja,biotechnology,True,patent,0.944
IPE_001843,patent,entity_recognition,technical_report,zh,automotive,True,patent,0.902
IPE_001844,patent,knowledge_extraction,meeting_minutes,zh,energy,True,patent,0.788
IPE_001845,patent,ip_detection,patent_application,ja,pharmaceutical,True,patent,0.846
IPE_001846,patent,ip_detection,patent_application,zh,biotechnology,True,patent,0.872
IPE_001847,patent,knowledge_extraction,legal_document,zh,aerospace,True,patent,0.813
IPE_001848,patent,entity_recognition,technical_report,fr,aerospace,True,patent,0.833
IPE_001849,patent,entity_recognition,technical_report,en,biotechnology,True,patent,0.902
IPE_001850,patent,ip_detection,technical_report,zh,software,True,patent,0.828
IPE_001851,patent,knowledge_extraction,legal_document,de,aerospace,True,patent,0.942
IPE_001852,patent,knowledge_extraction,meeting_minutes,es,energy,True,patent,0.759
IPE_001853,patent,knowledge_extraction,technical_report,es,pharmaceutical,True,patent,0.891
IPE_001854,patent,knowledge_extraction,technical_report,ja,biotechnology,True,patent,0.767
IPE_001855,patent,knowledge_extraction,research_paper,fr,manufacturing,True,patent,0.913
IPE_001856,patent,ip_detection,legal_document,ja,automotive,True,patent,0.784
IPE_001857,patent,ip_detection,patent_application,ja,automotive,True,patent,0.765
IPE_001858,patent,entity_recognition,technical_report,de,pharmaceutical,True,patent,0.804
IPE_001859,patent,ip_detection,meeting_minutes,en,biotechnology,True,patent,0.834
IPE_001860,patent,ip_detection,technical_report,es,manufacturing,True,patent,0.877
IPE_001861,patent,entity_recognition,legal_document,ja,pharmaceutical,True,patent,0.909
IPE_001862,patent,relation_extraction,patent_application,de,automotive,True,patent,0.882
IPE_001863,patent,ip_detection,patent_application,ja,pharmaceutical,True,patent,0.791
IPE_001864,patent,ip_detection,research_paper,fr,aerospace,True,patent,0.799
IPE_001865,patent,relation_extraction,technical_report,en,pharmaceutical,True,patent,0.94
IPE_001866,patent,ip_detection,research_paper,es,automotive,True,patent,0.763
IPE_001867,patent,relation_extraction,meeting_minutes,de,aerospace,True,patent,0.81
IPE_001868,patent,entity_recognition,legal_document,en,automotive,True,patent,0.761
IPE_001869,patent,knowledge_extraction,patent_application,es,software,True,patent,0.756
IPE_001870,patent,relation_extraction,technical_report,ja,pharmaceutical,True,patent,0.77
IPE_001871,patent,knowledge_extraction,patent_application,de,pharmaceutical,True,patent,0.758
IPE_001872,patent,ip_detection,patent_application,de,automotive,True,patent,0.775
IPE_001873,patent,relation_extraction,meeting_minutes,zh,aerospace,True,patent,0.82
IPE_001874,patent,ip_detection,research_paper,es,energy,True,patent,0.934
IPE_001875,patent,relation_extraction,legal_document,es,energy,True,patent,0.751
IPE_001876,patent,knowledge_extraction,technical_report,en,manufacturing,True,patent,0.889
IPE_001877,patent,knowledge_extraction,research_paper,zh,manufacturing,True,patent,0.906
IPE_001878,patent,ip_detection,legal_document,es,automotive,True,patent,0.882
IPE_001879,patent,relation_extraction,patent_application,zh,energy,True,patent,0.904
IPE_001880,patent,entity_recognition,patent_application,zh,energy,True,patent,0.817
IPE_001881,patent,entity_recognition,meeting_minutes,zh,biotechnology,True,patent,0.934
IPE_001882,patent,knowledge_extraction,research_paper,es,automotive,True,patent,0.791
IPE_001883,patent,entity_recognition,technical_report,ja,automotive,True,patent,0.852
IPE_001884,patent,knowledge_extraction,meeting_minutes,es,software,True,patent,0.834
IPE_001885,patent,entity_recognition,technical_report,en,software,True,patent,0.821
IPE_001886,patent,ip_detection,meeting_minutes,fr,automotive,True,patent,0.801
IPE_001887,patent,entity_recognition,patent_application,de,software,True,patent,0.772
IPE_001888,patent,knowledge_extraction,technical_report,de,manufacturing,True,patent,0.818
IPE_001889,patent,relation_extraction,meeting_minutes,es,aerospace,True,patent,0.846
IPE_001890,patent,relation_extraction,meeting_minutes,ja,manufacturing,True,patent,0.854
IPE_001891,patent,entity_recognition,technical_report,fr,biotechnology,True,patent,0.836
IPE_001892,patent,relation_extraction,patent_application,es,energy,True,patent,0.906
IPE_001893,patent,knowledge_extraction,legal_document,es,biotechnology,True,patent,0.769
IPE_001894,patent,ip_detection,patent_application,es,biotechnology,True,patent,0.753
IPE_001895,patent,ip_detection,technical_report,zh,biotechnology,True,patent,0.858
IPE_001896,patent,relation_extraction,technical_report,zh,biotechnology,True,patent,0.887
IPE_001897,patent,relation_extraction,research_paper,fr,pharmaceutical,True,patent,0.879
IPE_001898,patent,relation_extraction,meeting_minutes,de,manufacturing,True,patent,0.91
IPE_001899,patent,entity_recognition,patent_application,en,manufacturing,True,patent,0.918
IPE_001900,patent,ip_detection,research_paper,zh,energy,True,patent,0.864
IPE_001901,patent,knowledge_extraction,legal_document,en,energy,True,patent,0.916
IPE_001902,patent,entity_recognition,research_paper,en,automotive,True,patent,0.853
IPE_001903,patent,relation_extraction,technical_report,fr,energy,True,patent,0.848
IPE_001904,patent,ip_detection,meeting_minutes,zh,aerospace,True,patent,0.856
IPE_001905,patent,entity_recognition,meeting_minutes,zh,energy,True,patent,0.838
IPE_001906,patent,entity_recognition,legal_document,es,energy,True,patent,0.907
IPE_001907,patent,entity_recognition,research_paper,zh,software,True,patent,0.784
IPE_001908,patent,ip_detection,research_paper,es,software,True,patent,0.82
IPE_001909,patent,relation_extraction,meeting_minutes,fr,aerospace,True,patent,0.942
IPE_001910,patent,ip_detection,research_paper,en,automotive,True,patent,0.843
IPE_001911,patent,entity_recognition,technical_report,zh,software,True,patent,0.908
IPE_001912,patent,entity_recognition,legal_document,zh,pharmaceutical,True,patent,0.781
IPE_001913,patent,relation_extraction,legal_document,de,biotechnology,True,patent,0.868
IPE_001914,patent,ip_detection,meeting_minutes,es,automotive,True,patent,0.923
IPE_001915,patent,ip_detection,meeting_minutes,en,pharmaceutical,True,patent,0.941
IPE_001916,patent,entity_recognition,legal_document,ja,automotive,True,patent,0.897
IPE_001917,patent,relation_extraction,technical_report,zh,aerospace,True,patent,0.807
IPE_001918,patent,entity_recognition,research_paper,en,automotive,True,patent,0.797
IPE_001919,patent,ip_detection,meeting_minutes,es,energy,True,patent,0.84
IPE_001920,patent,ip_detection,technical_report,ja,software,True,patent,0.819
IPE_001921,patent,entity_recognition,research_paper,en,software,True,patent,0.775
IPE_001922,patent,entity_recognition,patent_application,es,pharmaceutical,True,patent,0.795
IPE_001923,patent,knowledge_extraction,technical_report,ja,biotechnology,True,patent,0.854
IPE_001924,patent,ip_detection,patent_application,ja,software,True,patent,0.82
IPE_001925,patent,relation_extraction,legal_document,de,software,True,patent,0.882
IPE_001926,patent,knowledge_extraction,technical_report,fr,automotive,True,patent,0.947
IPE_001927,patent,relation_extraction,technical_report,zh,biotechnology,True,patent,0.835
IPE_001928,patent,entity_recognition,patent_application,es,biotechnology,True,patent,0.783
IPE_001929,patent,relation_extraction,legal_document,es,energy,True,patent,0.75
IPE_001930,patent,ip_detection,legal_document,ja,software,True,patent,0.778
IPE_001931,patent,relation_extraction,patent_application,ja,biotechnology,True,patent,0.934
IPE_001932,patent,ip_detection,research_paper,fr,automotive,True,patent,0.754
IPE_001933,patent,relation_extraction,legal_document,es,energy,True,patent,0.776
IPE_001934,patent,knowledge_extraction,patent_application,en,manufacturing,True,patent,0.84
IPE_001935,patent,knowledge_extraction,technical_report,fr,software,True,patent,0.873
IPE_001936,patent,knowledge_extraction,meeting_minutes,en,aerospace,True,patent,0.855
IPE_001937,patent,knowledge_extraction,technical_report,en,manufacturing,True,patent,0.917
IPE_001938,patent,entity_recognition,meeting_minutes,fr,automotive,True,patent,0.832
IPE_001939,patent,relation_extraction,research_paper,es,aerospace,True,patent,0.798
IPE_001940,patent,relation_extraction,legal_document,de,software,True,patent,0.786
IPE_001941,patent,entity_recognition,legal_document,zh,software,True,patent,0.858
IPE_001942,patent,ip_detection,technical_report,de,pharmaceutical,True,patent,0.785
IPE_001943,patent,ip_detection,meeting_minutes,en,manufacturing,True,patent,0.797
IPE_001944,patent,knowledge_extraction,meeting_minutes,fr,pharmaceutical,True,patent,0.885
IPE_001945,patent,relation_extraction,research_paper,en,energy,True,patent,0.883
IPE_001946,patent,relation_extraction,technical_report,fr,manufacturing,True,patent,0.754
IPE_001947,patent,knowledge_extraction,legal_document,ja,manufacturing,True,patent,0.849
IPE_001948,patent,entity_recognition,legal_document,es,software,True,patent,0.818
IPE_001949,patent,ip_detection,research_paper,de,pharmaceutical,True,patent,0.863
IPE_001950,patent,relation_extraction,patent_application,es,pharmaceutical,True,patent,0.943
IPE_001951,patent,relation_extraction,legal_document,es,aerospace,True,patent,0.922
IPE_001952,patent,entity_recognition,patent_application,ja,biotechnology,True,patent,0.908
IPE_001953,patent,knowledge_extraction,research_paper,ja,software,True,patent,0.833
IPE_001954,patent,relation_extraction,technical_report,en,pharmaceutical,True,patent,0.751
IPE_001955,patent,relation_extraction,patent_application,fr,manufacturing,True,patent,0.899
IPE_001956,patent,ip_detection,research_paper,de,energy,True,patent,0.885
IPE_001957,patent,relation_extraction,technical_report,fr,pharmaceutical,True,patent,0.943
IPE_001958,patent,ip_detection,meeting_minutes,zh,biotechnology,True,patent,0.888
IPE_001959,patent,entity_recognition,meeting_minutes,fr,manufacturing,True,patent,0.839
IPE_001960,patent,knowledge_extraction,legal_document,zh,pharmaceutical,True,patent,0.763
IPE_001961,patent,knowledge_extraction,patent_application,en,pharmaceutical,True,patent,0.817
IPE_001962,patent,knowledge_extraction,patent_application,en,manufacturing,True,patent,0.873
IPE_001963,patent,relation_extraction,research_paper,es,software,True,patent,0.832
IPE_001964,patent,ip_detection,patent_application,ja,manufacturing,True,patent,0.803
IPE_001965,patent,relation_extraction,legal_document,en,manufacturing,True,patent,0.779
IPE_001966,patent,ip_detection,meeting_minutes,zh,automotive,True,patent,0.852
IPE_001967,patent,entity_recognition,research_paper,en,software,True,patent,0.948
IPE_001968,patent,entity_recognition,meeting_minutes,ja,software,True,patent,0.807
IPE_001969,patent,knowledge_extraction,technical_report,ja,pharmaceutical,True,patent,0.936
IPE_001970,patent,knowledge_extraction,legal_document,fr,biotechnology,True,patent,0.84
IPE_001971,patent,ip_detection,research_paper,en,biotechnology,True,patent,0.867
IPE_001972,patent,knowledge_extraction,patent_application,ja,energy,True,patent,0.849
IPE_001973,patent,ip_detection,research_paper,fr,aerospace,True,patent,0.896
IPE_001974,patent,ip_detection,technical_report,zh,automotive,True,patent,0.911
IPE_001975,patent,ip_detection,legal_document,de,aerospace,True,patent,0.949
IPE_001976,patent,relation_extraction,research_paper,fr,automotive,True,patent,0.905
IPE_001977,patent,entity_recognition,technical_report,ja,automotive,True,patent,0.755
IPE_001978,patent,entity_recognition,legal_document,de,pharmaceutical,True,patent,0.809
IPE_001979,patent,relation_extraction,meeting_minutes,en,manufacturing,True,patent,0.791
IPE_001980,patent,entity_recognition,patent_application,en,energy,True,patent,0.814
IPE_001981,patent,relation_extraction,research_paper,es,energy,True,patent,0.849
IPE_001982,patent,entity_recognition,technical_report,es,software,True,patent,0.79
IPE_001983,patent,knowledge_extraction,technical_report,en,pharmaceutical,True,patent,0.776
IPE_001984,patent,ip_detection,research_paper,en,aerospace,True,patent,0.838
IPE_001985,patent,relation_extraction,meeting_minutes,zh,pharmaceutical,True,patent,0.769
IPE_001986,patent,ip_detection,legal_document,es,aerospace,True,patent,0.795
IPE_001987,patent,relation_extraction,meeting_minutes,en,software,True,patent,0.807
IPE_001988,patent,entity_recognition,patent_application,de,energy,True,patent,0.829
IPE_001989,patent,ip_detection,research_paper,en,energy,True,patent,0.924
IPE_001990,patent,entity_recognition,research_paper,de,manufacturing,True,patent,0.888
IPE_001991,patent,knowledge_extraction,technical_report,ja,manufacturing,True,patent,0.907
IPE_001992,patent,relation_extraction,legal_document,en,pharmaceutical,True,patent,0.948
IPE_001993,patent,ip_detection,meeting_minutes,ja,biotechnology,True,patent,0.834
IPE_001994,patent,relation_extraction,meeting_minutes,zh,software,True,patent,0.797
IPE_001995,patent,knowledge_extraction,legal_document,en,software,True,patent,0.768
IPE_001996,patent,ip_detection,technical_report,en,automotive,True,patent,0.808
IPE_001997,patent,ip_detection,meeting_minutes,zh,software,True,patent,0.841
IPE_001998,patent,relation_extraction,technical_report,ja,automotive,True,patent,0.785
IPE_001999,patent,ip_detection,legal_document,ja,manufacturing,True,patent,0.862
IPE_002000,patent,relation_extraction,legal_document,de,manufacturing,True,patent,0.805
IPE_002001,patent,ip_detection,legal_document,fr,automotive,True,patent,0.762
IPE_002002,patent,knowledge_extraction,patent_application,fr,manufacturing,True,patent,0.792
IPE_002003,patent,entity_recognition,legal_document,en,biotechnology,True,patent,0.815
IPE_002004,patent,relation_extraction,legal_document,en,automotive,True,patent,0.79
IPE_002005,patent,ip_detection,technical_report,en,automotive,True,patent,0.854
IPE_002006,patent,entity_recognition,meeting_minutes,de,software,True,patent,0.904
IPE_002007,patent,knowledge_extraction,legal_document,zh,energy,True,patent,0.775
IPE_002008,patent,ip_detection,meeting_minutes,zh,energy,True,patent,0.777
IPE_002009,patent,relation_extraction,meeting_minutes,ja,software,True,patent,0.81
IPE_002010,patent,knowledge_extraction,meeting_minutes,de,energy,True,patent,0.862
IPE_002011,patent,ip_detection,technical_report,zh,manufacturing,True,patent,0.834
IPE_002012,patent,entity_recognition,patent_application,en,energy,True,patent,0.913
IPE_002013,patent,ip_detection,research_paper,en,automotive,True,patent,0.879
IPE_002014,patent,relation_extraction,technical_report,fr,aerospace,True,patent,0.867
IPE_002015,patent,entity_recognition,research_paper,es,energy,True,patent,0.814
IPE_002016,patent,knowledge_extraction,patent_application,fr,manufacturing,True,patent,0.901
IPE_002017,patent,entity_recognition,research_paper,en,automotive,True,patent,0.818
IPE_002018,patent,entity_recognition,patent_application,en,manufacturing,True,patent,0.877
IPE_002019,patent,relation_extraction,research_paper,es,manufacturing,True,patent,0.855
IPE_002020,patent,ip_detection,patent_application,es,aerospace,True,patent,0.945
IPE_002021,patent,entity_recognition,patent_application,ja,pharmaceutical,True,patent,0.924
IPE_002022,patent,entity_recognition,patent_application,es,manufacturing,True,patent,0.913
IPE_002023,patent,relation_extraction,legal_document,es,pharmaceutical,True,patent,0.901
IPE_002024,patent,relation_extraction,technical_report,de,manufacturing,True,patent,0.849
IPE_002025,patent,relation_extraction,technical_report,de,manufacturing,True,patent,0.81
IPE_002026,patent,ip_detection,legal_document,ja,pharmaceutical,True,patent,0.755
IPE_002027,patent,knowledge_extraction,patent_application,zh,manufacturing,True,patent,0.801
IPE_002028,patent,entity_recognition,meeting_minutes,zh,pharmaceutical,True,patent,0.89
IPE_002029,patent,entity_recognition,technical_report,ja,energy,True,patent,0.853
IPE_002030,patent,entity_recognition,meeting_minutes,en,pharmaceutical,True,patent,0.832
IPE_002031,patent,relation_extraction,meeting_minutes,en,automotive,True,patent,0.752
IPE_002032,patent,relation_extraction,legal_document,ja,energy,True,patent,0.867
IPE_002033,patent,knowledge_extraction,technical_report,fr,biotechnology,True,patent,0.95
IPE_002034,patent,entity_recognition,research_paper,de,biotechnology,True,patent,0.942
IPE_002035,patent,knowledge_extraction,legal_document,ja,manufacturing,True,patent,0.948
IPE_002036,patent,relation_extraction,patent_application,es,biotechnology,True,patent,0.903
IPE_002037,patent,knowledge_extraction,patent_application,de,biotechnology,True,patent,0.905
IPE_002038,patent,relation_extraction,research_paper,zh,software,True,patent,0.928
IPE_002039,patent,ip_detection,meeting_minutes,ja,manufacturing,True,patent,0.813
IPE_002040,patent,knowledge_extraction,meeting_minutes,en,energy,True,patent,0.909
IPE_002041,patent,knowledge_extraction,meeting_minutes,zh,manufacturing,True,patent,0.95
IPE_002042,patent,knowledge_extraction,patent_application,en,automotive,True,patent,0.899
IPE_002043,patent,ip_detection,patent_application,de,pharmaceutical,True,patent,0.866
IPE_002044,patent,knowledge_extraction,patent_application,es,aerospace,True,patent,0.861
IPE_002045,patent,ip_detection,patent_application,fr,software,True,patent,0.862
IPE_002046,patent,knowledge_extraction,technical_report,zh,aerospace,True,patent,0.768
IPE_002047,patent,ip_detection,research_paper,fr,energy,True,patent,0.86
IPE_002048,patent,ip_detection,technical_report,ja,biotechnology,True,patent,0.759
IPE_002049,patent,knowledge_extraction,research_paper,de,energy,True,patent,0.856
IPE_002050,patent,entity_recognition,patent_application,ja,energy,True,patent,0.921
IPE_002051,patent,ip_detection,patent_application,fr,pharmaceutical,True,patent,0.922
IPE_002052,patent,knowledge_extraction,research_paper,en,biotechnology,True,patent,0.786
IPE_002053,patent,relation_extraction,research_paper,fr,automotive,True,patent,0.869
IPE_002054,patent,knowledge_extraction,patent_application,de,software,True,patent,0.945
IPE_002055,patent,relation_extraction,technical_report,es,biotechnology,True,patent,0.913
IPE_002056,patent,relation_extraction,research_paper,ja,aerospace,True,patent,0.75
IPE_002057,patent,ip_detection,legal_document,ja,automotive,True,patent,0.937
IPE_002058,patent,entity_recognition,patent_application,es,automotive,True,patent,0.928
IPE_002059,patent,ip_detection,technical_report,fr,aerospace,True,patent,0.853
IPE_002060,patent,entity_recognition,legal_document,es,manufacturing,True,patent,0.93
IPE_002061,patent,relation_extraction,technical_report,fr,biotechnology,True,patent,0.909
IPE_002062,patent,knowledge_extraction,research_paper,es,biotechnology,True,patent,0.766
IPE_002063,patent,entity_recognition,patent_application,es,biotechnology,True,patent,0.921
IPE_002064,patent,entity_recognition,research_paper,zh,automotive,True,patent,0.876
IPE_002065,patent,ip_detection,patent_application,ja,pharmaceutical,True,patent,0.826
IPE_002066,patent,knowledge_extraction,technical_report,es,biotechnology,True,patent,0.764
IPE_002067,patent,ip_detection,legal_document,en,manufacturing,True,patent,0.95
IPE_002068,patent,ip_detection,meeting_minutes,de,software,True,patent,0.753
IPE_002069,patent,entity_recognition,patent_application,zh,energy,True,patent,0.892
IPE_002070,patent,knowledge_extraction,research_paper,zh,biotechnology,True,patent,0.832
IPE_002071,patent,relation_extraction,legal_document,de,pharmaceutical,True,patent,0.794
IPE_002072,patent,entity_recognition,technical_report,de,automotive,True,patent,0.844
IPE_002073,patent,entity_recognition,meeting_minutes,ja,manufacturing,True,patent,0.862
IPE_002074,patent,entity_recognition,legal_document,es,manufacturing,True,patent,0.864
IPE_002075,patent,knowledge_extraction,patent_application,en,energy,True,patent,0.798
IPE_002076,patent,relation_extraction,research_paper,de,aerospace,True,patent,0.842
IPE_002077,patent,knowledge_extraction,meeting_minutes,ja,pharmaceutical,True,patent,0.873
IPE_002078,patent,ip_detection,patent_application,de,automotive,True,patent,0.755
IPE_002079,patent,entity_recognition,technical_report,de,pharmaceutical,True,patent,0.828
IPE_002080,patent,ip_detection,meeting_minutes,en,software,True,patent,0.838
IPE_002081,patent,entity_recognition,technical_report,en,biotechnology,True,patent,0.801
IPE_002082,patent,entity_recognition,patent_application,de,manufacturing,True,patent,0.948
IPE_002083,patent,entity_recognition,technical_report,fr,biotechnology,True,patent,0.822
IPE_002084,patent,entity_recognition,meeting_minutes,es,pharmaceutical,True,patent,0.787
IPE_002085,patent,relation_extraction,technical_report,ja,energy,True,patent,0.751
IPE_002086,patent,relation_extraction,patent_application,es,automotive,True,patent,0.944
IPE_002087,patent,knowledge_extraction,legal_document,fr,biotechnology,True,patent,0.882
IPE_002088,patent,entity_recognition,technical_report,zh,software,True,patent,0.788
IPE_002089,patent,relation_extraction,research_paper,es,pharmaceutical,True,patent,0.801
IPE_002090,patent,relation_extraction,patent_application,fr,software,True,patent,0.928
IPE_002091,patent,entity_recognition,meeting_minutes,es,pharmaceutical,True,patent,0.804
IPE_002092,patent,knowledge_extraction,patent_application,zh,energy,True,patent,0.867
IPE_002093,patent,knowledge_extraction,research_paper,en,manufacturing,True,patent,0.899
IPE_002094,patent,knowledge_extraction,research_paper,zh,software,True,patent,0.817
IPE_002095,patent,ip_detection,research_paper,es,manufacturing,True,patent,0.782
IPE_002096,patent,ip_detection,research_paper,en,biotechnology,True,patent,0.928
IPE_002097,patent,relation_extraction,technical_report,zh,manufacturing,True,patent,0.779
IPE_002098,patent,ip_detection,technical_report,zh,manufacturing,True,patent,0.818
IPE_002099,patent,relation_extraction,meeting_minutes,en,biotechnology,True,patent,0.879
IPE_002100,patent,knowledge_extraction,legal_document,fr,energy,True,patent,0.949
IPE_002101,patent,entity_recognition,meeting_minutes,ja,biotechnology,True,patent,0.915
IPE_002102,patent,ip_detection,legal_document,es,aerospace,True,patent,0.763
IPE_002103,patent,knowledge_extraction,technical_report,zh,pharmaceutical,True,patent,0.806
IPE_002104,patent,ip_detection,meeting_minutes,fr,aerospace,True,patent,0.824
IPE_002105,patent,entity_recognition,technical_report,ja,software,True,patent,0.768
IPE_002106,patent,ip_detection,legal_document,fr,aerospace,True,patent,0.882
IPE_002107,patent,relation_extraction,meeting_minutes,en,software,True,patent,0.901
IPE_002108,patent,entity_recognition,legal_document,es,manufacturing,True,patent,0.822
IPE_002109,patent,relation_extraction,research_paper,de,automotive,True,patent,0.907
IPE_002110,patent,knowledge_extraction,patent_application,zh,biotechnology,True,patent,0.835
IPE_002111,patent,ip_detection,research_paper,fr,manufacturing,True,patent,0.786
IPE_002112,patent,ip_detection,legal_document,de,pharmaceutical,True,patent,0.849
IPE_002113,patent,entity_recognition,technical_report,es,manufacturing,True,patent,0.921
IPE_002114,patent,ip_detection,meeting_minutes,de,software,True,patent,0.753
IPE_002115,patent,relation_extraction,patent_application,de,pharmaceutical,True,patent,0.948
IPE_002116,patent,relation_extraction,technical_report,zh,automotive,True,patent,0.761
IPE_002117,patent,knowledge_extraction,meeting_minutes,de,biotechnology,True,patent,0.833
IPE_002118,patent,ip_detection,research_paper,ja,pharmaceutical,True,patent,0.903
IPE_002119,patent,entity_recognition,legal_document,fr,aerospace,True,patent,0.946
IPE_002120,patent,entity_recognition,patent_application,fr,manufacturing,True,patent,0.903
IPE_002121,patent,relation_extraction,technical_report,ja,biotechnology,True,patent,0.875
IPE_002122,patent,entity_recognition,meeting_minutes,en,aerospace,True,patent,0.792
IPE_002123,patent,entity_recognition,legal_document,ja,automotive,True,patent,0.836
IPE_002124,patent,ip_detection,meeting_minutes,ja,biotechnology,True,patent,0.868
IPE_002125,patent,entity_recognition,patent_application,de,aerospace,True,patent,0.766
IPE_002126,patent,relation_extraction,meeting_minutes,en,software,True,patent,0.765
IPE_002127,patent,ip_detection,patent_application,de,energy,True,patent,0.757
IPE_002128,patent,ip_detection,meeting_minutes,fr,aerospace,True,patent,0.789
IPE_002129,patent,relation_extraction,patent_application,zh,energy,True,patent,0.771
IPE_002130,patent,knowledge_extraction,meeting_minutes,en,software,True,patent,0.773
IPE_002131,patent,relation_extraction,research_paper,zh,energy,True,patent,0.838
IPE_002132,patent,entity_recognition,patent_application,de,biotechnology,True,patent,0.785
IPE_002133,patent,knowledge_extraction,technical_report,es,software,True,patent,0.757
IPE_002134,patent,knowledge_extraction,technical_report,fr,energy,True,patent,0.782
IPE_002135,patent,entity_recognition,technical_report,es,pharmaceutical,True,patent,0.764
IPE_002136,patent,relation_extraction,technical_report,fr,aerospace,True,patent,0.933
IPE_002137,patent,entity_recognition,legal_document,zh,energy,True,patent,0.853
IPE_002138,patent,entity_recognition,meeting_minutes,en,aerospace,True,patent,0.85
IPE_002139,patent,ip_detection,research_paper,ja,automotive,True,patent,0.932
IPE_002140,patent,knowledge_extraction,legal_document,de,software,True,patent,0.915
IPE_002141,patent,entity_recognition,meeting_minutes,en,manufacturing,True,patent,0.797
IPE_002142,patent,ip_detection,legal_document,ja,pharmaceutical,True,patent,0.897
IPE_002143,patent,knowledge_extraction,research_paper,en,software,True,patent,0.839
IPE_002144,patent,knowledge_extraction,legal_document,es,energy,True,patent,0.949
IPE_002145,patent,knowledge_extraction,patent_application,de,biotechnology,True,patent,0.892
IPE_002146,patent,knowledge_extraction,technical_report,fr,energy,True,patent,0.753
IPE_002147,patent,entity_recognition,research_paper,zh,energy,True,patent,0.855
IPE_002148,patent,entity_recognition,technical_report,fr,automotive,True,patent,0.912
IPE_002149,patent,knowledge_extraction,patent_application,ja,biotechnology,True,patent,0.916
IPE_002150,patent,relation_extraction,patent_application,fr,energy,True,patent,0.889
IPE_002151,patent,knowledge_extraction,research_paper,ja,aerospace,True,patent,0.862
IPE_002152,patent,ip_detection,legal_document,en,manufacturing,True,patent,0.872
IPE_002153,patent,knowledge_extraction,legal_document,es,energy,True,patent,0.862
IPE_002154,patent,knowledge_extraction,technical_report,en,energy,True,patent,0.885
IPE_002155,patent,knowledge_extraction,patent_application,es,aerospace,True,patent,0.8
IPE_002156,patent,ip_detection,meeting_minutes,es,pharmaceutical,True,patent,0.789
IPE_002157,patent,knowledge_extraction,technical_report,en,automotive,True,patent,0.915
IPE_002158,patent,ip_detection,legal_document,de,manufacturing,True,patent,0.929
IPE_002159,patent,ip_detection,legal_document,fr,aerospace,True,patent,0.787
IPE_002160,patent,knowledge_extraction,legal_document,es,software,True,patent,0.89
IPE_002161,patent,ip_detection,research_paper,ja,manufacturing,True,patent,0.785
IPE_002162,patent,knowledge_extraction,meeting_minutes,ja,manufacturing,True,patent,0.862
IPE_002163,patent,knowledge_extraction,research_paper,en,software,True,patent,0.901
IPE_002164,patent,entity_recognition,legal_document,es,software,True,patent,0.947
IPE_002165,patent,entity_recognition,research_paper,ja,biotechnology,True,patent,0.833
IPE_002166,patent,knowledge_extraction,technical_report,es,software,True,patent,0.784
IPE_002167,patent,entity_recognition,legal_document,fr,manufacturing,True,patent,0.878
IPE_002168,patent,knowledge_extraction,research_paper,fr,biotechnology,True,patent,0.808
IPE_002169,patent,entity_recognition,legal_document,en,energy,True,patent,0.906
IPE_002170,patent,relation_extraction,legal_document,fr,energy,True,patent,0.897
IPE_002171,patent,relation_extraction,patent_application,fr,energy,True,patent,0.782
IPE_002172,patent,relation_extraction,legal_document,zh,software,True,patent,0.781
IPE_002173,patent,ip_detection,research_paper,en,aerospace,True,patent,0.756
IPE_002174,patent,entity_recognition,technical_report,ja,pharmaceutical,True,patent,0.831
IPE_002175,patent,relation_extraction,technical_report,es,automotive,True,patent,0.809
IPE_002176,patent,relation_extraction,patent_application,es,manufacturing,True,patent,0.872
IPE_002177,patent,ip_detection,research_paper,ja,manufacturing,True,patent,0.946
IPE_002178,patent,relation_extraction,technical_report,zh,energy,True,patent,0.834
IPE_002179,patent,entity_recognition,technical_report,de,biotechnology,True,patent,0.802
IPE_002180,patent,entity_recognition,legal_document,ja,manufacturing,True,patent,0.902
IPE_002181,patent,ip_detection,meeting_minutes,en,manufacturing,True,patent,0.937
IPE_002182,patent,relation_extraction,legal_document,fr,automotive,True,patent,0.789
IPE_002183,patent,knowledge_extraction,technical_report,es,software,True,patent,0.792
IPE_002184,patent,relation_extraction,patent_application,ja,automotive,True,patent,0.87
IPE_002185,patent,entity_recognition,meeting_minutes,es,manufacturing,True,patent,0.928
IPE_002186,patent,ip_detection,patent_application,ja,automotive,True,patent,0.775
IPE_002187,patent,relation_extraction,technical_report,es,energy,True,patent,0.899
IPE_002188,patent,relation_extraction,meeting_minutes,de,biotechnology,True,patent,0.862
IPE_002189,patent,knowledge_extraction,legal_document,en,aerospace,True,patent,0.751
IPE_002190,patent,entity_recognition,patent_application,zh,pharmaceutical,True,patent,0.88
IPE_002191,patent,relation_extraction,patent_application,en,pharmaceutical,True,patent,0.903
IPE_002192,patent,knowledge_extraction,legal_document,en,pharmaceutical,True,patent,0.813
IPE_002193,patent,entity_recognition,patent_application,fr,automotive,True,patent,0.82
IPE_002194,patent,ip_detection,legal_document,de,manufacturing,True,patent,0.843
IPE_002195,patent,knowledge_extraction,meeting_minutes,zh,pharmaceutical,True,patent,0.804
IPE_002196,patent,relation_extraction,legal_document,de,aerospace,True,patent,0.861
IPE_002197,patent,relation_extraction,legal_document,ja,automotive,True,patent,0.945
IPE_002198,patent,relation_extraction,patent_application,en,software,True,patent,0.923
IPE_002199,patent,ip_detection,technical_report,es,software,True,patent,0.851
IPE_002200,patent,entity_recognition,meeting_minutes,es,pharmaceutical,True,patent,0.852
IPE_002201,patent,entity_recognition,patent_application,en,manufacturing,True,patent,0.813
IPE_002202,patent,relation_extraction,technical_report,ja,pharmaceutical,True,patent,0.753
IPE_002203,patent,ip_detection,technical_report,en,automotive,True,patent,0.807
IPE_002204,patent,relation_extraction,research_paper,ja,software,True,patent,0.926
IPE_002205,patent,entity_recognition,legal_document,zh,pharmaceutical,True,patent,0.816
IPE_002206,patent,ip_detection,patent_application,de,software,True,patent,0.84
IPE_002207,patent,ip_detection,legal_document,de,biotechnology,True,patent,0.756
IPE_002208,patent,knowledge_extraction,research_paper,es,manufacturing,True,patent,0.895
IPE_002209,patent,knowledge_extraction,meeting_minutes,fr,software,True,patent,0.902
IPE_002210,patent,relation_extraction,patent_application,en,automotive,True,patent,0.779
IPE_002211,patent,knowledge_extraction,research_paper,en,biotechnology,True,patent,0.839
IPE_002212,patent,entity_recognition,research_paper,zh,software,True,patent,0.812
IPE_002213,patent,relation_extraction,research_paper,de,pharmaceutical,True,patent,0.907
IPE_002214,patent,entity_recognition,technical_report,ja,aerospace,True,patent,0.853
IPE_002215,patent,relation_extraction,legal_document,de,energy,True,patent,0.812
IPE_002216,patent,relation_extraction,meeting_minutes,de,software,True,patent,0.89
IPE_002217,patent,relation_extraction,patent_application,es,aerospace,True,patent,0.755
IPE_002218,patent,ip_detection,legal_document,zh,biotechnology,True,patent,0.939
IPE_002219,patent,ip_detection,technical_report,ja,pharmaceutical,True,patent,0.77
IPE_002220,patent,knowledge_extraction,patent_application,en,software,True,patent,0.835
IPE_002221,patent,knowledge_extraction,legal_document,de,energy,True,patent,0.93
IPE_002222,patent,entity_recognition,legal_document,ja,aerospace,True,patent,0.928
IPE_002223,patent,ip_detection,research_paper,es,manufacturing,True,patent,0.941
IPE_002224,patent,relation_extraction,patent_application,ja,manufacturing,True,patent,0.939
IPE_002225,patent,knowledge_extraction,legal_document,en,software,True,patent,0.915
IPE_002226,patent,relation_extraction,legal_document,en,energy,True,patent,0.886
IPE_002227,patent,entity_recognition,research_paper,es,manufacturing,True,patent,0.751
IPE_002228,patent,knowledge_extraction,patent_application,zh,automotive,True,patent,0.9
IPE_002229,patent,knowledge_extraction,technical_report,fr,energy,True,patent,0.86
IPE_002230,patent,entity_recognition,legal_document,de,automotive,True,patent,0.886
IPE_002231,patent,knowledge_extraction,legal_document,en,manufacturing,True,patent,0.873
IPE_002232,patent,entity_recognition,patent_application,en,aerospace,True,patent,0.914
IPE_002233,patent,relation_extraction,technical_report,ja,biotechnology,True,patent,0.796
IPE_002234,patent,entity_recognition,research_paper,es,biotechnology,True,patent,0.911
IPE_002235,patent,knowledge_extraction,meeting_minutes,zh,manufacturing,True,patent,0.947
IPE_002236,patent,relation_extraction,technical_report,de,software,True,patent,0.753
IPE_002237,patent,ip_detection,legal_document,ja,aerospace,True,patent,0.791
IPE_002238,patent,knowledge_extraction,technical_report,en,biotechnology,True,patent,0.915
IPE_002239,patent,ip_detection,legal_document,zh,biotechnology,True,patent,0.862
IPE_002240,patent,ip_detection,technical_report,de,automotive,True,patent,0.895
IPE_002241,patent,relation_extraction,research_paper,en,biotechnology,True,patent,0.807
IPE_002242,patent,ip_detection,research_paper,zh,software,True,patent,0.889
IPE_002243,patent,entity_recognition,research_paper,zh,pharmaceutical,True,patent,0.812
IPE_002244,patent,relation_extraction,legal_document,fr,aerospace,True,patent,0.821
IPE_002245,patent,entity_recognition,research_paper,ja,software,True,patent,0.948
IPE_002246,patent,relation_extraction,legal_document,en,manufacturing,True,patent,0.787
IPE_002247,patent,ip_detection,legal_document,en,automotive,True,patent,0.884
IPE_002248,patent,relation_extraction,patent_application,es,automotive,True,patent,0.75
IPE_002249,patent,ip_detection,research_paper,zh,aerospace,True,patent,0.804
IPE_002250,patent,entity_recognition,meeting_minutes,es,aerospace,True,patent,0.764
IPE_002251,patent,relation_extraction,meeting_minutes,fr,energy,True,patent,0.838
IPE_002252,patent,relation_extraction,legal_document,fr,biotechnology,True,patent,0.767
IPE_002253,patent,entity_recognition,technical_report,ja,automotive,True,patent,0.903
IPE_002254,patent,entity_recognition,patent_application,en,biotechnology,True,patent,0.795
IPE_002255,patent,knowledge_extraction,legal_document,fr,energy,True,patent,0.774
IPE_002256,patent,relation_extraction,meeting_minutes,fr,pharmaceutical,True,patent,0.757
IPE_002257,patent,relation_extraction,legal_document,ja,aerospace,True,patent,0.946
IPE_002258,patent,ip_detection,legal_document,de,pharmaceutical,True,patent,0.93
IPE_002259,patent,relation_extraction,research_paper,ja,manufacturing,True,patent,0.861
IPE_002260,patent,ip_detection,meeting_minutes,zh,energy,True,patent,0.785
IPE_002261,patent,entity_recognition,patent_application,zh,manufacturing,True,patent,0.817
IPE_002262,patent,ip_detection,meeting_minutes,es,software,True,patent,0.853
IPE_002263,patent,knowledge_extraction,meeting_minutes,de,energy,True,patent,0.878
IPE_002264,patent,ip_detection,research_paper,ja,software,True,patent,0.887
IPE_002265,patent,relation_extraction,legal_document,fr,pharmaceutical,True,patent,0.892
IPE_002266,patent,relation_extraction,patent_application,es,software,True,patent,0.876
IPE_002267,patent,relation_extraction,legal_document,zh,manufacturing,True,patent,0.876
IPE_002268,patent,entity_recognition,meeting_minutes,zh,biotechnology,True,patent,0.841
IPE_002269,patent,entity_recognition,meeting_minutes,en,pharmaceutical,True,patent,0.81
IPE_002270,patent,relation_extraction,meeting_minutes,zh,manufacturing,True,patent,0.835
IPE_002271,patent,knowledge_extraction,technical_report,ja,automotive,True,patent,0.93
IPE_002272,patent,ip_detection,meeting_minutes,zh,biotechnology,True,patent,0.938
IPE_002273,patent,knowledge_extraction,patent_application,zh,manufacturing,True,patent,0.778
IPE_002274,patent,entity_recognition,research_paper,es,automotive,True,patent,0.799
IPE_002275,patent,entity_recognition,technical_report,de,manufacturing,True,patent,0.941
IPE_002276,patent,knowledge_extraction,patent_application,de,manufacturing,True,patent,0.931
IPE_002277,patent,ip_detection,meeting_minutes,zh,aerospace,True,patent,0.795
IPE_002278,patent,entity_recognition,patent_application,es,aerospace,True,patent,0.817
IPE_002279,patent,knowledge_extraction,legal_document,de,automotive,True,patent,0.948
IPE_002280,patent,ip_detection,meeting_minutes,fr,software,True,patent,0.813
IPE_002281,patent,knowledge_extraction,legal_document,fr,automotive,True,patent,0.851
IPE_002282,patent,knowledge_extraction,meeting_minutes,fr,biotechnology,True,patent,0.803
IPE_002283,patent,ip_detection,technical_report,fr,automotive,True,patent,0.862
IPE_002284,patent,entity_recognition,technical_report,es,biotechnology,True,patent,0.82
IPE_002285,patent,ip_detection,meeting_minutes,ja,pharmaceutical,True,patent,0.782
IPE_002286,patent,entity_recognition,patent_application,zh,automotive,True,patent,0.772
IPE_002287,patent,knowledge_extraction,research_paper,es,automotive,True,patent,0.884
IPE_002288,patent,relation_extraction,research_paper,es,pharmaceutical,True,patent,0.945
IPE_002289,patent,ip_detection,research_paper,es,biotechnology,True,patent,0.931
IPE_002290,patent,entity_recognition,patent_application,de,biotechnology,True,patent,0.887
IPE_002291,patent,entity_recognition,research_paper,zh,software,True,patent,0.908
IPE_002292,patent,knowledge_extraction,legal_document,ja,manufacturing,True,patent,0.861
IPE_002293,patent,ip_detection,research_paper,de,software,True,patent,0.815
IPE_002294,patent,relation_extraction,patent_application,zh,manufacturing,True,patent,0.919
IPE_002295,patent,relation_extraction,research_paper,zh,energy,True,patent,0.83
IPE_002296,patent,entity_recognition,meeting_minutes,zh,manufacturing,True,patent,0.79
IPE_002297,patent,relation_extraction,legal_document,ja,pharmaceutical,True,patent,0.858
IPE_002298,patent,knowledge_extraction,patent_application,es,biotechnology,True,patent,0.872
IPE_002299,patent,ip_detection,research_paper,en,energy,True,patent,0.937
IPE_002300,patent,ip_detection,meeting_minutes,fr,biotechnology,True,patent,0.923
IPE_002301,patent,relation_extraction,patent_application,de,energy,True,patent,0.782
IPE_002302,patent,ip_detection,patent_application,es,manufacturing,True,patent,0.844
IPE_002303,patent,entity_recognition,technical_report,de,automotive,True,patent,0.935
IPE_002304,patent,relation_extraction,patent_application,fr,biotechnology,True,patent,0.89
IPE_002305,patent,entity_recognition,research_paper,es,energy,True,patent,0.846
IPE_002306,patent,knowledge_extraction,patent_application,ja,automotive,True,patent,0.775
IPE_002307,patent,knowledge_extraction,patent_application,es,energy,True,patent,0.885
IPE_002308,patent,ip_detection,meeting_minutes,es,energy,True,patent,0.798
IPE_002309,patent,entity_recognition,legal_document,es,biotechnology,True,patent,0.789
IPE_002310,patent,knowledge_extraction,meeting_minutes,es,biotechnology,True,patent,0.863
IPE_002311,patent,entity_recognition,research_paper,de,aerospace,True,patent,0.762
IPE_002312,patent,entity_recognition,technical_report,zh,automotive,True,patent,0.878
IPE_002313,patent,relation_extraction,research_paper,en,pharmaceutical,True,patent,0.905
IPE_002314,patent,relation_extraction,patent_application,fr,automotive,True,patent,0.923
IPE_002315,patent,knowledge_extraction,patent_application,ja,energy,True,patent,0.826
IPE_002316,patent,ip_detection,patent_application,es,pharmaceutical,True,patent,0.78
IPE_002317,patent,relation_extraction,technical_report,en,biotechnology,True,patent,0.936
IPE_002318,patent,knowledge_extraction,technical_report,fr,energy,True,patent,0.935
IPE_002319,patent,entity_recognition,meeting_minutes,es,pharmaceutical,True,patent,0.816
IPE_002320,patent,relation_extraction,research_paper,ja,energy,True,patent,0.857
IPE_002321,patent,ip_detection,patent_application,en,software,True,patent,0.75
IPE_002322,patent,relation_extraction,technical_report,ja,aerospace,True,patent,0.945
IPE_002323,patent,entity_recognition,legal_document,en,biotechnology,True,patent,0.78
IPE_002324,patent,knowledge_extraction,legal_document,ja,biotechnology,True,patent,0.843
IPE_002325,patent,entity_recognition,patent_application,es,biotechnology,True,patent,0.914
IPE_002326,patent,knowledge_extraction,legal_document,ja,manufacturing,True,patent,0.839
IPE_002327,patent,ip_detection,technical_report,es,automotive,True,patent,0.874
IPE_002328,patent,ip_detection,research_paper,de,pharmaceutical,True,patent,0.847
IPE_002329,patent,ip_detection,technical_report,es,aerospace,True,patent,0.888
IPE_002330,patent,ip_detection,meeting_minutes,fr,pharmaceutical,True,patent,0.805
IPE_002331,patent,entity_recognition,patent_application,zh,manufacturing,True,patent,0.915
IPE_002332,patent,entity_recognition,meeting_minutes,es,pharmaceutical,True,patent,0.805
IPE_002333,patent,entity_recognition,research_paper,fr,pharmaceutical,True,patent,0.898
IPE_002334,patent,entity_recognition,patent_application,ja,energy,True,patent,0.929
IPE_002335,patent,knowledge_extraction,patent_application,ja,biotechnology,True,patent,0.913
IPE_002336,patent,knowledge_extraction,meeting_minutes,de,manufacturing,True,patent,0.858
IPE_002337,patent,entity_recognition,legal_document,zh,software,True,patent,0.923
IPE_002338,patent,ip_detection,patent_application,es,automotive,True,patent,0.93
IPE_002339,patent,knowledge_extraction,legal_document,fr,aerospace,True,patent,0.793
IPE_002340,patent,entity_recognition,meeting_minutes,de,software,True,patent,0.75
IPE_002341,patent,entity_recognition,patent_application,en,energy,True,patent,0.773
IPE_002342,patent,knowledge_extraction,meeting_minutes,fr,aerospace,True,patent,0.818
IPE_002343,patent,relation_extraction,meeting_minutes,zh,biotechnology,True,patent,0.78
IPE_002344,patent,ip_detection,patent_application,de,biotechnology,True,patent,0.81
IPE_002345,patent,entity_recognition,legal_document,es,biotechnology,True,patent,0.782
IPE_002346,patent,entity_recognition,patent_application,fr,aerospace,True,patent,0.833
IPE_002347,patent,relation_extraction,meeting_minutes,en,pharmaceutical,True,patent,0.86
IPE_002348,patent,relation_extraction,research_paper,zh,pharmaceutical,True,patent,0.761
IPE_002349,patent,relation_extraction,legal_document,es,energy,True,patent,0.775
IPE_002350,patent,knowledge_extraction,research_paper,fr,biotechnology,True,patent,0.939
IPE_002351,patent,entity_recognition,patent_application,de,aerospace,True,patent,0.851
IPE_002352,patent,knowledge_extraction,research_paper,es,energy,True,patent,0.803
IPE_002353,patent,relation_extraction,legal_document,fr,pharmaceutical,True,patent,0.921
IPE_002354,patent,ip_detection,meeting_minutes,en,software,True,patent,0.89
IPE_002355,patent,ip_detection,research_paper,zh,aerospace,True,patent,0.779
IPE_002356,patent,entity_recognition,meeting_minutes,fr,energy,True,patent,0.857
IPE_002357,patent,relation_extraction,patent_application,de,pharmaceutical,True,patent,0.939
IPE_002358,patent,knowledge_extraction,technical_report,de,software,True,patent,0.909
IPE_002359,patent,knowledge_extraction,technical_report,en,biotechnology,True,patent,0.936
IPE_002360,patent,ip_detection,meeting_minutes,es,pharmaceutical,True,patent,0.792
IPE_002361,patent,relation_extraction,technical_report,es,manufacturing,True,patent,0.809
IPE_002362,patent,entity_recognition,meeting_minutes,zh,pharmaceutical,True,patent,0.936
IPE_002363,patent,knowledge_extraction,legal_document,es,software,True,patent,0.767
IPE_002364,patent,ip_detection,technical_report,en,pharmaceutical,True,patent,0.795
IPE_002365,patent,relation_extraction,legal_document,de,pharmaceutical,True,patent,0.898
IPE_002366,patent,knowledge_extraction,research_paper,de,aerospace,True,patent,0.885
IPE_002367,patent,ip_detection,legal_document,es,manufacturing,True,patent,0.765
IPE_002368,patent,knowledge_extraction,research_paper,es,software,True,patent,0.808
IPE_002369,patent,ip_detection,research_paper,en,aerospace,True,patent,0.827
IPE_002370,patent,relation_extraction,research_paper,de,energy,True,patent,0.947
IPE_002371,patent,relation_extraction,research_paper,en,aerospace,True,patent,0.848
IPE_002372,patent,ip_detection,research_paper,ja,software,True,patent,0.765
IPE_002373,patent,relation_extraction,patent_application,fr,energy,True,patent,0.81
IPE_002374,patent,relation_extraction,technical_report,fr,pharmaceutical,True,patent,0.936
IPE_002375,patent,entity_recognition,meeting_minutes,es,energy,True,patent,0.789
IPE_002376,patent,ip_detection,meeting_minutes,de,aerospace,True,patent,0.851
IPE_002377,patent,relation_extraction,meeting_minutes,zh,manufacturing,True,patent,0.878
IPE_002378,patent,knowledge_extraction,technical_report,en,aerospace,True,patent,0.776
IPE_002379,patent,knowledge_extraction,legal_document,de,software,True,patent,0.935
IPE_002380,patent,ip_detection,meeting_minutes,de,aerospace,True,patent,0.863
IPE_002381,patent,ip_detection,meeting_minutes,es,manufacturing,True,patent,0.949
IPE_002382,patent,knowledge_extraction,research_paper,es,aerospace,True,patent,0.75
IPE_002383,patent,ip_detection,meeting_minutes,en,manufacturing,True,patent,0.915
IPE_002384,patent,knowledge_extraction,technical_report,es,pharmaceutical,True,patent,0.902
IPE_002385,patent,ip_detection,legal_document,de,manufacturing,True,patent,0.812
IPE_002386,patent,relation_extraction,meeting_minutes,de,biotechnology,True,patent,0.828
IPE_002387,patent,knowledge_extraction,legal_document,ja,biotechnology,True,patent,0.896
IPE_002388,patent,knowledge_extraction,patent_application,fr,energy,True,patent,0.761
IPE_002389,patent,ip_detection,technical_report,es,manufacturing,True,patent,0.881
IPE_002390,patent,relation_extraction,patent_application,de,software,True,patent,0.885
IPE_002391,patent,knowledge_extraction,patent_application,es,manufacturing,True,patent,0.939
IPE_002392,patent,ip_detection,research_paper,zh,energy,True,patent,0.921
IPE_002393,patent,knowledge_extraction,meeting_minutes,zh,software,True,patent,0.855
IPE_002394,patent,relation_extraction,research_paper,fr,pharmaceutical,True,patent,0.808
IPE_002395,patent,entity_recognition,patent_application,fr,aerospace,True,patent,0.834
IPE_002396,patent,knowledge_extraction,patent_application,ja,energy,True,patent,0.926
IPE_002397,patent,ip_detection,research_paper,de,automotive,True,patent,0.942
IPE_002398,patent,ip_detection,patent_application,en,pharmaceutical,True,patent,0.793
IPE_002399,patent,knowledge_extraction,research_paper,ja,software,True,patent,0.866
IPE_002400,patent,knowledge_extraction,meeting_minutes,en,manufacturing,True,patent,0.938
IPE_002401,patent,knowledge_extraction,legal_document,en,pharmaceutical,True,patent,0.87
IPE_002402,patent,relation_extraction,legal_document,fr,aerospace,True,patent,0.87
IPE_002403,patent,ip_detection,legal_document,zh,energy,True,patent,0.919
IPE_002404,patent,entity_recognition,patent_application,de,biotechnology,True,patent,0.929
IPE_002405,patent,ip_detection,research_paper,es,manufacturing,True,patent,0.815
IPE_002406,patent,relation_extraction,research_paper,ja,automotive,True,patent,0.932
IPE_002407,patent,relation_extraction,patent_application,ja,manufacturing,True,patent,0.828
IPE_002408,patent,knowledge_extraction,technical_report,zh,pharmaceutical,True,patent,0.863
IPE_002409,patent,ip_detection,technical_report,fr,aerospace,True,patent,0.872
IPE_002410,patent,entity_recognition,research_paper,ja,aerospace,True,patent,0.91
IPE_002411,patent,ip_detection,research_paper,fr,automotive,True,patent,0.883
IPE_002412,patent,knowledge_extraction,meeting_minutes,de,manufacturing,True,patent,0.804
IPE_002413,patent,entity_recognition,legal_document,es,energy,True,patent,0.839
IPE_002414,patent,ip_detection,legal_document,ja,software,True,patent,0.858
IPE_002415,patent,knowledge_extraction,meeting_minutes,zh,manufacturing,True,patent,0.863
IPE_002416,patent,knowledge_extraction,legal_document,ja,automotive,True,patent,0.95
IPE_002417,patent,knowledge_extraction,legal_document,en,energy,True,patent,0.848
IPE_002418,patent,ip_detection,legal_document,fr,manufacturing,True,patent,0.871
IPE_002419,patent,entity_recognition,legal_document,ja,aerospace,True,patent,0.853
IPE_002420,patent,ip_detection,meeting_minutes,ja,automotive,True,patent,0.817
IPE_002421,patent,ip_detection,patent_application,en,manufacturing,True,patent,0.925
IPE_002422,patent,entity_recognition,research_paper,en,biotechnology,True,patent,0.806
IPE_002423,patent,relation_extraction,technical_report,en,energy,True,patent,0.945
IPE_002424,patent,relation_extraction,technical_report,zh,pharmaceutical,True,patent,0.943
IPE_002425,patent,ip_detection,legal_document,es,biotechnology,True,patent,0.889
IPE_002426,patent,ip_detection,research_paper,zh,manufacturing,True,patent,0.758
IPE_002427,patent,knowledge_extraction,meeting_minutes,en,manufacturing,True,patent,0.75
IPE_002428,patent,entity_recognition,research_paper,de,biotechnology,True,patent,0.921
IPE_002429,patent,knowledge_extraction,research_paper,zh,software,True,patent,0.796
IPE_002430,patent,ip_detection,patent_application,ja,pharmaceutical,True,patent,0.758
IPE_002431,patent,relation_extraction,meeting_minutes,es,aerospace,True,patent,0.829
IPE_002432,patent,ip_detection,meeting_minutes,fr,aerospace,True,patent,0.901
IPE_002433,patent,knowledge_extraction,research_paper,de,automotive,True,patent,0.853
IPE_002434,patent,relation_extraction,patent_application,ja,automotive,True,patent,0.94
IPE_002435,patent,relation_extraction,legal_document,zh,pharmaceutical,True,patent,0.944
IPE_002436,patent,entity_recognition,research_paper,es,aerospace,True,patent,0.809
IPE_002437,patent,entity_recognition,legal_document,ja,manufacturing,True,patent,0.832
IPE_002438,patent,entity_recognition,technical_report,fr,biotechnology,True,patent,0.822
IPE_002439,patent,knowledge_extraction,research_paper,de,pharmaceutical,True,patent,0.864
IPE_002440,patent,knowledge_extraction,legal_document,ja,aerospace,True,patent,0.762
IPE_002441,patent,entity_recognition,research_paper,zh,automotive,True,patent,0.796
IPE_002442,patent,entity_recognition,legal_document,en,software,True,patent,0.921
IPE_002443,patent,ip_detection,research_paper,en,software,True,patent,0.817
IPE_002444,patent,entity_recognition,patent_application,ja,energy,True,patent,0.917
IPE_002445,patent,ip_detection,research_paper,de,aerospace,True,patent,0.762
IPE_002446,patent,knowledge_extraction,research_paper,es,software,True,patent,0.803
IPE_002447,patent,knowledge_extraction,legal_document,zh,aerospace,True,patent,0.769
IPE_002448,patent,knowledge_extraction,research_paper,fr,pharmaceutical,True,patent,0.948
IPE_002449,patent,ip_detection,legal_document,zh,pharmaceutical,True,patent,0.928
IPE_002450,patent,entity_recognition,legal_document,zh,aerospace,True,patent,0.755
IPE_002451,patent,entity_recognition,patent_application,fr,energy,True,patent,0.868
IPE_002452,patent,entity_recognition,research_paper,ja,energy,True,patent,0.767
IPE_002453,patent,ip_detection,research_paper,en,automotive,True,patent,0.849
IPE_002454,patent,knowledge_extraction,meeting_minutes,ja,energy,True,patent,0.806
IPE_002455,patent,entity_recognition,technical_report,zh,energy,True,patent,0.794
IPE_002456,patent,ip_detection,patent_application,de,energy,True,patent,0.895
IPE_002457,patent,relation_extraction,patent_application,en,automotive,True,patent,0.896
IPE_002458,patent,ip_detection,research_paper,zh,aerospace,True,patent,0.818
IPE_002459,patent,entity_recognition,research_paper,ja,energy,True,patent,0.752
IPE_002460,patent,entity_recognition,legal_document,es,manufacturing,True,patent,0.824
IPE_002461,patent,ip_detection,legal_document,es,software,True,patent,0.8
IPE_002462,patent,entity_recognition,meeting_minutes,de,pharmaceutical,True,patent,0.828
IPE_002463,trade_secret,relation_extraction,meeting_minutes,ja,aerospace,True,trade_secret,0.897
IPE_002464,trade_secret,entity_recognition,patent_application,de,manufacturing,True,trade_secret,0.83
IPE_002465,trade_secret,entity_recognition,research_paper,zh,energy,True,trade_secret,0.917
IPE_002466,trade_secret,ip_detection,technical_report,zh,software,True,trade_secret,0.937
IPE_002467,trade_secret,knowledge_extraction,meeting_minutes,en,energy,True,trade_secret,0.808
IPE_002468,trade_secret,ip_detection,patent_application,es,software,True,trade_secret,0.941
IPE_002469,trade_secret,relation_extraction,technical_report,ja,aerospace,True,trade_secret,0.834
IPE_002470,trade_secret,knowledge_extraction,patent_application,es,software,True,trade_secret,0.829
IPE_002471,trade_secret,ip_detection,patent_application,zh,software,True,trade_secret,0.945
IPE_002472,trade_secret,entity_recognition,patent_application,de,energy,True,trade_secret,0.83
IPE_002473,trade_secret,relation_extraction,technical_report,zh,biotechnology,True,trade_secret,0.844
IPE_002474,trade_secret,entity_recognition,research_paper,es,energy,True,trade_secret,0.883
IPE_002475,trade_secret,relation_extraction,research_paper,zh,automotive,True,trade_secret,0.946
IPE_002476,trade_secret,knowledge_extraction,legal_document,fr,automotive,True,trade_secret,0.947
IPE_002477,trade_secret,entity_recognition,patent_application,de,pharmaceutical,True,trade_secret,0.849
IPE_002478,trade_secret,knowledge_extraction,technical_report,zh,software,True,trade_secret,0.949
IPE_002479,trade_secret,knowledge_extraction,patent_application,ja,software,True,trade_secret,0.816
IPE_002480,trade_secret,entity_recognition,meeting_minutes,de,pharmaceutical,True,trade_secret,0.839
IPE_002481,trade_secret,relation_extraction,legal_document,fr,biotechnology,True,trade_secret,0.886
IPE_002482,trade_secret,knowledge_extraction,research_paper,fr,manufacturing,True,trade_secret,0.832
IPE_002483,trade_secret,knowledge_extraction,patent_application,fr,pharmaceutical,True,trade_secret,0.876
IPE_002484,trade_secret,entity_recognition,research_paper,en,aerospace,True,trade_secret,0.943
IPE_002485,trade_secret,entity_recognition,technical_report,zh,automotive,True,trade_secret,0.937
IPE_002486,trade_secret,relation_extraction,meeting_minutes,en,biotechnology,True,trade_secret,0.917
IPE_002487,trade_secret,ip_detection,legal_document,zh,manufacturing,True,trade_secret,0.933
IPE_002488,trade_secret,knowledge_extraction,meeting_minutes,en,software,True,trade_secret,0.903
IPE_002489,trade_secret,ip_detection,legal_document,zh,manufacturing,True,trade_secret,0.872
IPE_002490,trade_secret,ip_detection,research_paper,ja,manufacturing,True,trade_secret,0.933
IPE_002491,trade_secret,knowledge_extraction,meeting_minutes,es,pharmaceutical,True,trade_secret,0.902
IPE_002492,trade_secret,ip_detection,patent_application,en,aerospace,True,trade_secret,0.817
IPE_002493,trade_secret,relation_extraction,research_paper,ja,pharmaceutical,True,trade_secret,0.848
IPE_002494,trade_secret,entity_recognition,patent_application,en,energy,True,trade_secret,0.819
IPE_002495,trade_secret,knowledge_extraction,patent_application,zh,manufacturing,True,trade_secret,0.908
IPE_002496,trade_secret,knowledge_extraction,technical_report,zh,pharmaceutical,True,trade_secret,0.88
IPE_002497,trade_secret,relation_extraction,patent_application,fr,biotechnology,True,trade_secret,0.861
IPE_002498,trade_secret,ip_detection,patent_application,es,pharmaceutical,True,trade_secret,0.9
IPE_002499,trade_secret,relation_extraction,patent_application,es,automotive,True,trade_secret,0.889
IPE_002500,trade_secret,knowledge_extraction,patent_application,fr,energy,True,trade_secret,0.924
IPE_002501,trade_secret,knowledge_extraction,patent_application,ja,automotive,True,trade_secret,0.869
IPE_002502,trade_secret,relation_extraction,meeting_minutes,de,automotive,True,trade_secret,0.8
IPE_002503,trade_secret,ip_detection,research_paper,en,pharmaceutical,True,trade_secret,0.943
IPE_002504,trade_secret,relation_extraction,research_paper,fr,pharmaceutical,True,trade_secret,0.813
IPE_002505,trade_secret,ip_detection,patent_application,en,aerospace,True,trade_secret,0.858
IPE_002506,trade_secret,entity_recognition,meeting_minutes,zh,software,True,trade_secret,0.936
IPE_002507,trade_secret,ip_detection,patent_application,fr,biotechnology,True,trade_secret,0.841
IPE_002508,trade_secret,entity_recognition,research_paper,en,automotive,True,trade_secret,0.942
IPE_002509,trade_secret,entity_recognition,technical_report,en,energy,True,trade_secret,0.92
IPE_002510,trade_secret,relation_extraction,research_paper,fr,aerospace,True,trade_secret,0.948
IPE_002511,trade_secret,ip_detection,patent_application,ja,manufacturing,True,trade_secret,0.823
IPE_002512,trade_secret,ip_detection,legal_document,fr,manufacturing,True,trade_secret,0.889
IPE_002513,trade_secret,relation_extraction,meeting_minutes,es,manufacturing,True,trade_secret,0.894
IPE_002514,trade_secret,relation_extraction,legal_document,es,aerospace,True,trade_secret,0.929
IPE_002515,trade_secret,ip_detection,patent_application,zh,manufacturing,True,trade_secret,0.831
IPE_002516,trade_secret,entity_recognition,research_paper,ja,biotechnology,True,trade_secret,0.862
IPE_002517,trade_secret,entity_recognition,legal_document,ja,aerospace,True,trade_secret,0.906
IPE_002518,trade_secret,relation_extraction,research_paper,fr,biotechnology,True,trade_secret,0.87
IPE_002519,trade_secret,knowledge_extraction,meeting_minutes,es,pharmaceutical,True,trade_secret,0.829
IPE_002520,trade_secret,ip_detection,research_paper,es,automotive,True,trade_secret,0.829
IPE_002521,trade_secret,entity_recognition,meeting_minutes,fr,automotive,True,trade_secret,0.926
IPE_002522,trade_secret,entity_recognition,patent_application,ja,automotive,True,trade_secret,0.883
IPE_002523,trade_secret,knowledge_extraction,meeting_minutes,fr,automotive,True,trade_secret,0.928
IPE_002524,trade_secret,relation_extraction,meeting_minutes,zh,automotive,True,trade_secret,0.804
IPE_002525,trade_secret,ip_detection,patent_application,ja,automotive,True,trade_secret,0.935
IPE_002526,trade_secret,ip_detection,technical_report,zh,software,True,trade_secret,0.81
IPE_002527,trade_secret,entity_recognition,technical_report,de,aerospace,True,trade_secret,0.883
IPE_002528,trade_secret,relation_extraction,meeting_minutes,fr,manufacturing,True,trade_secret,0.881
IPE_002529,trade_secret,entity_recognition,meeting_minutes,zh,pharmaceutical,True,trade_secret,0.818
IPE_002530,trade_secret,knowledge_extraction,research_paper,ja,biotechnology,True,trade_secret,0.899
IPE_002531,trade_secret,relation_extraction,patent_application,zh,pharmaceutical,True,trade_secret,0.886
IPE_002532,trade_secret,ip_detection,meeting_minutes,fr,biotechnology,True,trade_secret,0.826
IPE_002533,trade_secret,relation_extraction,patent_application,ja,pharmaceutical,True,trade_secret,0.898
IPE_002534,trade_secret,relation_extraction,research_paper,zh,pharmaceutical,True,trade_secret,0.933
IPE_002535,trade_secret,ip_detection,legal_document,ja,aerospace,True,trade_secret,0.933
IPE_002536,trade_secret,entity_recognition,legal_document,en,pharmaceutical,True,trade_secret,0.85
IPE_002537,trade_secret,ip_detection,research_paper,de,software,True,trade_secret,0.851
IPE_002538,trade_secret,relation_extraction,legal_document,en,aerospace,True,trade_secret,0.876
IPE_002539,trade_secret,ip_detection,legal_document,en,software,True,trade_secret,0.838
IPE_002540,trade_secret,entity_recognition,patent_application,fr,pharmaceutical,True,trade_secret,0.915
IPE_002541,trade_secret,ip_detection,research_paper,ja,biotechnology,True,trade_secret,0.839
IPE_002542,trade_secret,ip_detection,meeting_minutes,ja,pharmaceutical,True,trade_secret,0.812
IPE_002543,trade_secret,entity_recognition,legal_document,en,automotive,True,trade_secret,0.925
IPE_002544,trade_secret,entity_recognition,meeting_minutes,de,software,True,trade_secret,0.893
IPE_002545,trade_secret,ip_detection,technical_report,es,automotive,True,trade_secret,0.876
IPE_002546,trade_secret,entity_recognition,meeting_minutes,ja,aerospace,True,trade_secret,0.923
IPE_002547,trade_secret,ip_detection,technical_report,fr,automotive,True,trade_secret,0.856
IPE_002548,trade_secret,relation_extraction,patent_application,ja,pharmaceutical,True,trade_secret,0.817
IPE_002549,trade_secret,ip_detection,patent_application,en,aerospace,True,trade_secret,0.831
IPE_002550,trade_secret,relation_extraction,meeting_minutes,zh,pharmaceutical,True,trade_secret,0.879
IPE_002551,trade_secret,ip_detection,legal_document,fr,automotive,True,trade_secret,0.905
IPE_002552,trade_secret,ip_detection,technical_report,zh,manufacturing,True,trade_secret,0.878
IPE_002553,trade_secret,knowledge_extraction,meeting_minutes,fr,software,True,trade_secret,0.844
IPE_002554,trade_secret,ip_detection,research_paper,de,aerospace,True,trade_secret,0.807
IPE_002555,trade_secret,entity_recognition,patent_application,zh,aerospace,True,trade_secret,0.88
IPE_002556,trade_secret,relation_extraction,legal_document,fr,aerospace,True,trade_secret,0.918
IPE_002557,trade_secret,ip_detection,technical_report,es,automotive,True,trade_secret,0.814
IPE_002558,trade_secret,knowledge_extraction,research_paper,zh,pharmaceutical,True,trade_secret,0.916
IPE_002559,trade_secret,entity_recognition,legal_document,es,software,True,trade_secret,0.863
IPE_002560,trade_secret,entity_recognition,legal_document,zh,pharmaceutical,True,trade_secret,0.873
IPE_002561,trade_secret,entity_recognition,legal_document,ja,software,True,trade_secret,0.904
IPE_002562,trade_secret,relation_extraction,meeting_minutes,es,automotive,True,trade_secret,0.934
IPE_002563,trade_secret,entity_recognition,meeting_minutes,fr,biotechnology,True,trade_secret,0.94
IPE_002564,trade_secret,ip_detection,meeting_minutes,ja,biotechnology,True,trade_secret,0.867
IPE_002565,trade_secret,ip_detection,meeting_minutes,es,energy,True,trade_secret,0.926
IPE_002566,trade_secret,relation_extraction,research_paper,zh,biotechnology,True,trade_secret,0.837
IPE_002567,trade_secret,entity_recognition,technical_report,de,pharmaceutical,True,trade_secret,0.835
IPE_002568,trade_secret,entity_recognition,technical_report,en,software,True,trade_secret,0.833
IPE_002569,trade_secret,ip_detection,research_paper,es,software,True,trade_secret,0.818
IPE_002570,trade_secret,ip_detection,meeting_minutes,zh,energy,True,trade_secret,0.943
IPE_002571,trade_secret,ip_detection,legal_document,de,manufacturing,True,trade_secret,0.825
IPE_002572,trade_secret,knowledge_extraction,technical_report,ja,energy,True,trade_secret,0.908
IPE_002573,trade_secret,entity_recognition,patent_application,zh,energy,True,trade_secret,0.91
IPE_002574,trade_secret,ip_detection,patent_application,de,aerospace,True,trade_secret,0.912
IPE_002575,trade_secret,ip_detection,legal_document,zh,software,True,trade_secret,0.853
IPE_002576,trade_secret,entity_recognition,patent_application,fr,manufacturing,True,trade_secret,0.878
IPE_002577,trade_secret,relation_extraction,meeting_minutes,ja,biotechnology,True,trade_secret,0.883
IPE_002578,trade_secret,entity_recognition,meeting_minutes,fr,software,True,trade_secret,0.865
IPE_002579,trade_secret,knowledge_extraction,patent_application,fr,biotechnology,True,trade_secret,0.941
IPE_002580,trade_secret,ip_detection,meeting_minutes,fr,automotive,True,trade_secret,0.863
IPE_002581,trade_secret,knowledge_extraction,technical_report,fr,biotechnology,True,trade_secret,0.882
IPE_002582,trade_secret,knowledge_extraction,technical_report,en,energy,True,trade_secret,0.867
IPE_002583,trade_secret,entity_recognition,legal_document,en,aerospace,True,trade_secret,0.808
IPE_002584,trade_secret,entity_recognition,legal_document,fr,automotive,True,trade_secret,0.889
IPE_002585,trade_secret,ip_detection,legal_document,ja,biotechnology,True,trade_secret,0.806
IPE_002586,trade_secret,relation_extraction,technical_report,es,biotechnology,True,trade_secret,0.872
IPE_002587,trade_secret,relation_extraction,meeting_minutes,ja,manufacturing,True,trade_secret,0.88
IPE_002588,trade_secret,ip_detection,research_paper,zh,pharmaceutical,True,trade_secret,0.854
IPE_002589,trade_secret,relation_extraction,technical_report,zh,pharmaceutical,True,trade_secret,0.923
IPE_002590,trade_secret,knowledge_extraction,legal_document,zh,energy,True,trade_secret,0.846
IPE_002591,trade_secret,relation_extraction,patent_application,de,software,True,trade_secret,0.874
IPE_002592,trade_secret,entity_recognition,patent_application,ja,aerospace,True,trade_secret,0.866
IPE_002593,trade_secret,entity_recognition,research_paper,es,software,True,trade_secret,0.938
IPE_002594,trade_secret,entity_recognition,technical_report,en,software,True,trade_secret,0.917
IPE_002595,trade_secret,relation_extraction,patent_application,en,software,True,trade_secret,0.866
IPE_002596,trade_secret,entity_recognition,patent_application,fr,energy,True,trade_secret,0.935
IPE_002597,trade_secret,entity_recognition,meeting_minutes,de,biotechnology,True,trade_secret,0.932
IPE_002598,trade_secret,ip_detection,meeting_minutes,es,energy,True,trade_secret,0.824
IPE_002599,trade_secret,relation_extraction,research_paper,de,automotive,True,trade_secret,0.821
IPE_002600,trade_secret,ip_detection,research_paper,es,energy,True,trade_secret,0.881
IPE_002601,trade_secret,relation_extraction,legal_document,de,aerospace,True,trade_secret,0.878
IPE_002602,trade_secret,relation_extraction,meeting_minutes,fr,automotive,True,trade_secret,0.898
IPE_002603,trade_secret,knowledge_extraction,patent_application,de,software,True,trade_secret,0.92
IPE_002604,trade_secret,knowledge_extraction,legal_document,de,aerospace,True,trade_secret,0.825
IPE_002605,trade_secret,ip_detection,research_paper,zh,energy,True,trade_secret,0.859
IPE_002606,trade_secret,ip_detection,research_paper,fr,pharmaceutical,True,trade_secret,0.878
IPE_002607,trade_secret,knowledge_extraction,patent_application,zh,software,True,trade_secret,0.948
IPE_002608,trade_secret,relation_extraction,meeting_minutes,de,aerospace,True,trade_secret,0.865
IPE_002609,trade_secret,relation_extraction,research_paper,es,automotive,True,trade_secret,0.845
IPE_002610,trade_secret,relation_extraction,research_paper,de,pharmaceutical,True,trade_secret,0.945
IPE_002611,trade_secret,knowledge_extraction,legal_document,es,automotive,True,trade_secret,0.931
IPE_002612,trade_secret,relation_extraction,patent_application,zh,pharmaceutical,True,trade_secret,0.888
IPE_002613,trade_secret,entity_recognition,patent_application,fr,biotechnology,True,trade_secret,0.903
IPE_002614,trade_secret,relation_extraction,meeting_minutes,zh,energy,True,trade_secret,0.851
IPE_002615,trade_secret,knowledge_extraction,technical_report,de,manufacturing,True,trade_secret,0.936
IPE_002616,trade_secret,relation_extraction,research_paper,ja,energy,True,trade_secret,0.924
IPE_002617,trade_secret,knowledge_extraction,meeting_minutes,fr,biotechnology,True,trade_secret,0.874
IPE_002618,trade_secret,ip_detection,meeting_minutes,en,energy,True,trade_secret,0.942
IPE_002619,trade_secret,entity_recognition,technical_report,ja,automotive,True,trade_secret,0.806
IPE_002620,trade_secret,ip_detection,technical_report,ja,manufacturing,True,trade_secret,0.871
IPE_002621,trade_secret,relation_extraction,meeting_minutes,de,pharmaceutical,True,trade_secret,0.871
IPE_002622,trade_secret,ip_detection,technical_report,zh,automotive,True,trade_secret,0.935
IPE_002623,trade_secret,relation_extraction,technical_report,zh,software,True,trade_secret,0.817
IPE_002624,trade_secret,knowledge_extraction,patent_application,de,aerospace,True,trade_secret,0.9
IPE_002625,trade_secret,relation_extraction,legal_document,zh,pharmaceutical,True,trade_secret,0.925
IPE_002626,trade_secret,knowledge_extraction,legal_document,en,manufacturing,True,trade_secret,0.886
IPE_002627,trade_secret,relation_extraction,legal_document,zh,pharmaceutical,True,trade_secret,0.801
IPE_002628,trade_secret,knowledge_extraction,legal_document,de,energy,True,trade_secret,0.91
IPE_002629,trade_secret,knowledge_extraction,meeting_minutes,es,automotive,True,trade_secret,0.845
IPE_002630,trade_secret,ip_detection,research_paper,ja,software,True,trade_secret,0.907
IPE_002631,trade_secret,knowledge_extraction,technical_report,de,energy,True,trade_secret,0.885
IPE_002632,trade_secret,ip_detection,legal_document,ja,software,True,trade_secret,0.904
IPE_002633,trade_secret,knowledge_extraction,legal_document,zh,energy,True,trade_secret,0.88
IPE_002634,trade_secret,ip_detection,patent_application,es,energy,True,trade_secret,0.895
IPE_002635,trade_secret,relation_extraction,technical_report,zh,biotechnology,True,trade_secret,0.935
IPE_002636,trade_secret,entity_recognition,technical_report,zh,pharmaceutical,True,trade_secret,0.845
IPE_002637,trade_secret,knowledge_extraction,technical_report,de,aerospace,True,trade_secret,0.825
IPE_002638,trade_secret,ip_detection,technical_report,en,biotechnology,True,trade_secret,0.809
IPE_002639,trade_secret,relation_extraction,technical_report,en,pharmaceutical,True,trade_secret,0.943
IPE_002640,trade_secret,entity_recognition,research_paper,fr,manufacturing,True,trade_secret,0.901
IPE_002641,trade_secret,knowledge_extraction,research_paper,zh,biotechnology,True,trade_secret,0.894
IPE_002642,trade_secret,relation_extraction,legal_document,fr,software,True,trade_secret,0.902
IPE_002643,trade_secret,ip_detection,meeting_minutes,es,biotechnology,True,trade_secret,0.886
IPE_002644,trade_secret,relation_extraction,legal_document,es,manufacturing,True,trade_secret,0.814
IPE_002645,trade_secret,knowledge_extraction,meeting_minutes,es,biotechnology,True,trade_secret,0.828
IPE_002646,trade_secret,relation_extraction,research_paper,ja,software,True,trade_secret,0.892
IPE_002647,trade_secret,ip_detection,research_paper,ja,biotechnology,True,trade_secret,0.948
IPE_002648,trade_secret,knowledge_extraction,meeting_minutes,de,energy,True,trade_secret,0.913
IPE_002649,trade_secret,relation_extraction,technical_report,de,manufacturing,True,trade_secret,0.836
IPE_002650,trade_secret,ip_detection,legal_document,fr,pharmaceutical,True,trade_secret,0.842
IPE_002651,trade_secret,entity_recognition,legal_document,de,automotive,True,trade_secret,0.808
IPE_002652,trade_secret,ip_detection,technical_report,es,manufacturing,True,trade_secret,0.824
IPE_002653,trade_secret,entity_recognition,research_paper,zh,aerospace,True,trade_secret,0.944
IPE_002654,trade_secret,ip_detection,patent_application,ja,manufacturing,True,trade_secret,0.817
IPE_002655,trade_secret,ip_detection,research_paper,ja,manufacturing,True,trade_secret,0.883
IPE_002656,trade_secret,ip_detection,meeting_minutes,fr,manufacturing,True,trade_secret,0.821
IPE_002657,trade_secret,relation_extraction,patent_application,ja,energy,True,trade_secret,0.869
IPE_002658,trade_secret,entity_recognition,technical_report,en,software,True,trade_secret,0.911
IPE_002659,trade_secret,knowledge_extraction,patent_application,zh,pharmaceutical,True,trade_secret,0.817
IPE_002660,trade_secret,ip_detection,patent_application,de,biotechnology,True,trade_secret,0.808
IPE_002661,trade_secret,entity_recognition,legal_document,ja,software,True,trade_secret,0.871
IPE_002662,trade_secret,entity_recognition,meeting_minutes,es,automotive,True,trade_secret,0.832
IPE_002663,trade_secret,ip_detection,legal_document,ja,pharmaceutical,True,trade_secret,0.855
IPE_002664,trade_secret,knowledge_extraction,patent_application,ja,pharmaceutical,True,trade_secret,0.899
IPE_002665,trade_secret,knowledge_extraction,patent_application,es,aerospace,True,trade_secret,0.888
IPE_002666,trade_secret,entity_recognition,legal_document,zh,manufacturing,True,trade_secret,0.802
IPE_002667,trade_secret,knowledge_extraction,research_paper,en,pharmaceutical,True,trade_secret,0.81
IPE_002668,trade_secret,knowledge_extraction,meeting_minutes,en,software,True,trade_secret,0.897
IPE_002669,trade_secret,knowledge_extraction,meeting_minutes,fr,automotive,True,trade_secret,0.861
IPE_002670,trade_secret,ip_detection,research_paper,zh,biotechnology,True,trade_secret,0.857
IPE_002671,trade_secret,entity_recognition,legal_document,ja,pharmaceutical,True,trade_secret,0.892
IPE_002672,trade_secret,entity_recognition,technical_report,zh,biotechnology,True,trade_secret,0.847
IPE_002673,trade_secret,relation_extraction,research_paper,ja,software,True,trade_secret,0.893
IPE_002674,trade_secret,ip_detection,technical_report,ja,energy,True,trade_secret,0.839
IPE_002675,trade_secret,entity_recognition,technical_report,en,energy,True,trade_secret,0.871
IPE_002676,trade_secret,ip_detection,research_paper,en,pharmaceutical,True,trade_secret,0.826
IPE_002677,trade_secret,entity_recognition,meeting_minutes,es,aerospace,True,trade_secret,0.834
IPE_002678,trade_secret,entity_recognition,meeting_minutes,es,pharmaceutical,True,trade_secret,0.913
IPE_002679,trade_secret,relation_extraction,meeting_minutes,de,aerospace,True,trade_secret,0.924
IPE_002680,trade_secret,knowledge_extraction,research_paper,ja,aerospace,True,trade_secret,0.946
IPE_002681,trade_secret,ip_detection,technical_report,ja,biotechnology,True,trade_secret,0.911
IPE_002682,trade_secret,knowledge_extraction,technical_report,zh,biotechnology,True,trade_secret,0.846
IPE_002683,trade_secret,entity_recognition,legal_document,ja,software,True,trade_secret,0.886
IPE_002684,trade_secret,knowledge_extraction,legal_document,fr,biotechnology,True,trade_secret,0.926
IPE_002685,trade_secret,relation_extraction,patent_application,es,manufacturing,True,trade_secret,0.905
IPE_002686,trade_secret,relation_extraction,patent_application,es,manufacturing,True,trade_secret,0.841
IPE_002687,trade_secret,relation_extraction,patent_application,fr,pharmaceutical,True,trade_secret,0.814
IPE_002688,trade_secret,entity_recognition,meeting_minutes,es,software,True,trade_secret,0.823
IPE_002689,trade_secret,ip_detection,technical_report,ja,pharmaceutical,True,trade_secret,0.842
IPE_002690,trade_secret,entity_recognition,legal_document,fr,biotechnology,True,trade_secret,0.851
IPE_002691,trade_secret,entity_recognition,meeting_minutes,es,pharmaceutical,True,trade_secret,0.938
IPE_002692,trade_secret,entity_recognition,patent_application,de,manufacturing,True,trade_secret,0.858
IPE_002693,trade_secret,ip_detection,legal_document,es,pharmaceutical,True,trade_secret,0.843
IPE_002694,trade_secret,entity_recognition,technical_report,en,automotive,True,trade_secret,0.902
IPE_002695,trade_secret,knowledge_extraction,meeting_minutes,de,pharmaceutical,True,trade_secret,0.916
IPE_002696,trade_secret,knowledge_extraction,technical_report,en,manufacturing,True,trade_secret,0.874
IPE_002697,trade_secret,entity_recognition,research_paper,zh,manufacturing,True,trade_secret,0.845
IPE_002698,trade_secret,relation_extraction,technical_report,ja,automotive,True,trade_secret,0.932
IPE_002699,trade_secret,entity_recognition,research_paper,ja,automotive,True,trade_secret,0.946
IPE_002700,trade_secret,ip_detection,research_paper,fr,biotechnology,True,trade_secret,0.853
IPE_002701,trade_secret,ip_detection,legal_document,en,aerospace,True,trade_secret,0.869
IPE_002702,trade_secret,entity_recognition,legal_document,en,biotechnology,True,trade_secret,0.82
IPE_002703,trade_secret,relation_extraction,technical_report,zh,pharmaceutical,True,trade_secret,0.909
IPE_002704,trade_secret,entity_recognition,legal_document,zh,aerospace,True,trade_secret,0.841
IPE_002705,trade_secret,relation_extraction,patent_application,en,manufacturing,True,trade_secret,0.884
IPE_002706,trade_secret,knowledge_extraction,meeting_minutes,ja,pharmaceutical,True,trade_secret,0.906
IPE_002707,trade_secret,relation_extraction,meeting_minutes,de,pharmaceutical,True,trade_secret,0.911
IPE_002708,trade_secret,relation_extraction,meeting_minutes,zh,biotechnology,True,trade_secret,0.915
IPE_002709,trade_secret,relation_extraction,research_paper,de,aerospace,True,trade_secret,0.912
IPE_002710,trade_secret,knowledge_extraction,legal_document,ja,software,True,trade_secret,0.883
IPE_002711,trade_secret,knowledge_extraction,technical_report,zh,software,True,trade_secret,0.905
IPE_002712,trade_secret,entity_recognition,research_paper,es,biotechnology,True,trade_secret,0.835
IPE_002713,trade_secret,relation_extraction,legal_document,en,energy,True,trade_secret,0.904
IPE_002714,trade_secret,relation_extraction,meeting_minutes,es,biotechnology,True,trade_secret,0.819
IPE_002715,trade_secret,ip_detection,legal_document,de,energy,True,trade_secret,0.817
IPE_002716,trade_secret,relation_extraction,meeting_minutes,en,software,True,trade_secret,0.827
IPE_002717,trade_secret,knowledge_extraction,research_paper,ja,pharmaceutical,True,trade_secret,0.849
IPE_002718,trade_secret,relation_extraction,technical_report,zh,pharmaceutical,True,trade_secret,0.846
IPE_002719,trade_secret,knowledge_extraction,meeting_minutes,en,aerospace,True,trade_secret,0.806
IPE_002720,trade_secret,ip_detection,technical_report,ja,manufacturing,True,trade_secret,0.884
IPE_002721,trade_secret,relation_extraction,meeting_minutes,ja,aerospace,True,trade_secret,0.894
IPE_002722,trade_secret,relation_extraction,research_paper,zh,biotechnology,True,trade_secret,0.921
IPE_002723,trade_secret,relation_extraction,meeting_minutes,es,biotechnology,True,trade_secret,0.891
IPE_002724,trade_secret,entity_recognition,legal_document,en,biotechnology,True,trade_secret,0.922
IPE_002725,trade_secret,relation_extraction,technical_report,es,aerospace,True,trade_secret,0.934
IPE_002726,trade_secret,ip_detection,meeting_minutes,ja,aerospace,True,trade_secret,0.865
IPE_002727,trade_secret,entity_recognition,research_paper,es,manufacturing,True,trade_secret,0.849
IPE_002728,trade_secret,ip_detection,legal_document,en,automotive,True,trade_secret,0.9
IPE_002729,trade_secret,knowledge_extraction,meeting_minutes,es,pharmaceutical,True,trade_secret,0.908
IPE_002730,trade_secret,knowledge_extraction,patent_application,zh,automotive,True,trade_secret,0.894
IPE_002731,trade_secret,ip_detection,technical_report,ja,manufacturing,True,trade_secret,0.937
IPE_002732,trade_secret,relation_extraction,meeting_minutes,fr,aerospace,True,trade_secret,0.805
IPE_002733,trade_secret,knowledge_extraction,meeting_minutes,en,biotechnology,True,trade_secret,0.818
IPE_002734,trade_secret,relation_extraction,technical_report,de,pharmaceutical,True,trade_secret,0.858
IPE_002735,trade_secret,relation_extraction,research_paper,zh,automotive,True,trade_secret,0.887
IPE_002736,trade_secret,entity_recognition,meeting_minutes,es,biotechnology,True,trade_secret,0.947
IPE_002737,trade_secret,ip_detection,research_paper,de,aerospace,True,trade_secret,0.938
IPE_002738,trade_secret,entity_recognition,research_paper,fr,manufacturing,True,trade_secret,0.851
IPE_002739,trade_secret,entity_recognition,technical_report,de,aerospace,True,trade_secret,0.938
IPE_002740,trade_secret,ip_detection,technical_report,ja,biotechnology,True,trade_secret,0.934
IPE_002741,trade_secret,knowledge_extraction,meeting_minutes,es,aerospace,True,trade_secret,0.882
IPE_002742,trade_secret,relation_extraction,meeting_minutes,en,aerospace,True,trade_secret,0.827
IPE_002743,trade_secret,relation_extraction,technical_report,ja,energy,True,trade_secret,0.878
IPE_002744,trade_secret,knowledge_extraction,patent_application,de,software,True,trade_secret,0.854
IPE_002745,trade_secret,ip_detection,meeting_minutes,es,software,True,trade_secret,0.877
IPE_002746,trade_secret,entity_recognition,research_paper,zh,aerospace,True,trade_secret,0.84
IPE_002747,trade_secret,entity_recognition,meeting_minutes,en,biotechnology,True,trade_secret,0.867
IPE_002748,trade_secret,ip_detection,technical_report,ja,manufacturing,True,trade_secret,0.88
IPE_002749,trade_secret,knowledge_extraction,technical_report,es,automotive,True,trade_secret,0.833
IPE_002750,trade_secret,knowledge_extraction,technical_report,fr,aerospace,True,trade_secret,0.912
IPE_002751,trade_secret,ip_detection,legal_document,es,manufacturing,True,trade_secret,0.868
IPE_002752,trade_secret,ip_detection,patent_application,fr,biotechnology,True,trade_secret,0.84
IPE_002753,trade_secret,knowledge_extraction,legal_document,zh,manufacturing,True,trade_secret,0.913
IPE_002754,trade_secret,knowledge_extraction,technical_report,ja,biotechnology,True,trade_secret,0.86
IPE_002755,trade_secret,entity_recognition,meeting_minutes,fr,pharmaceutical,True,trade_secret,0.924
IPE_002756,trade_secret,relation_extraction,technical_report,zh,energy,True,trade_secret,0.921
IPE_002757,trade_secret,ip_detection,patent_application,es,aerospace,True,trade_secret,0.924
IPE_002758,trade_secret,knowledge_extraction,technical_report,zh,pharmaceutical,True,trade_secret,0.879
IPE_002759,trade_secret,ip_detection,legal_document,fr,automotive,True,trade_secret,0.819
IPE_002760,trade_secret,relation_extraction,legal_document,fr,aerospace,True,trade_secret,0.942
IPE_002761,trade_secret,ip_detection,patent_application,ja,biotechnology,True,trade_secret,0.841
IPE_002762,trade_secret,entity_recognition,patent_application,ja,software,True,trade_secret,0.943
IPE_002763,trade_secret,relation_extraction,legal_document,es,manufacturing,True,trade_secret,0.918
IPE_002764,trade_secret,entity_recognition,patent_application,zh,aerospace,True,trade_secret,0.913
IPE_002765,trade_secret,knowledge_extraction,meeting_minutes,es,aerospace,True,trade_secret,0.885
IPE_002766,trade_secret,knowledge_extraction,patent_application,es,biotechnology,True,trade_secret,0.919
IPE_002767,trade_secret,knowledge_extraction,technical_report,fr,aerospace,True,trade_secret,0.837
IPE_002768,trade_secret,ip_detection,meeting_minutes,zh,software,True,trade_secret,0.837
IPE_002769,trade_secret,ip_detection,technical_report,de,automotive,True,trade_secret,0.808
IPE_002770,trade_secret,relation_extraction,research_paper,ja,aerospace,True,trade_secret,0.918
IPE_002771,trade_secret,relation_extraction,legal_document,fr,energy,True,trade_secret,0.889
IPE_002772,trade_secret,relation_extraction,legal_document,fr,energy,True,trade_secret,0.873
IPE_002773,trade_secret,knowledge_extraction,research_paper,es,manufacturing,True,trade_secret,0.811
IPE_002774,trade_secret,entity_recognition,legal_document,en,energy,True,trade_secret,0.887
IPE_002775,trade_secret,entity_recognition,patent_application,en,biotechnology,True,trade_secret,0.886
IPE_002776,trade_secret,entity_recognition,research_paper,zh,manufacturing,True,trade_secret,0.845
IPE_002777,trade_secret,ip_detection,technical_report,fr,automotive,True,trade_secret,0.863
IPE_002778,trade_secret,knowledge_extraction,meeting_minutes,ja,software,True,trade_secret,0.852
IPE_002779,trade_secret,relation_extraction,research_paper,de,manufacturing,True,trade_secret,0.86
IPE_002780,trade_secret,knowledge_extraction,patent_application,fr,energy,True,trade_secret,0.937
IPE_002781,trade_secret,knowledge_extraction,legal_document,ja,biotechnology,True,trade_secret,0.865
IPE_002782,trade_secret,relation_extraction,meeting_minutes,en,aerospace,True,trade_secret,0.903
IPE_002783,trade_secret,relation_extraction,technical_report,en,pharmaceutical,True,trade_secret,0.873
IPE_002784,trade_secret,ip_detection,patent_application,ja,manufacturing,True,trade_secret,0.851
IPE_002785,trade_secret,entity_recognition,technical_report,fr,manufacturing,True,trade_secret,0.929
IPE_002786,trade_secret,relation_extraction,meeting_minutes,ja,energy,True,trade_secret,0.845
IPE_002787,trade_secret,relation_extraction,meeting_minutes,en,biotechnology,True,trade_secret,0.93
IPE_002788,trade_secret,entity_recognition,technical_report,fr,biotechnology,True,trade_secret,0.858
IPE_002789,trade_secret,relation_extraction,legal_document,en,energy,True,trade_secret,0.807
IPE_002790,trade_secret,ip_detection,legal_document,en,aerospace,True,trade_secret,0.819
IPE_002791,trade_secret,relation_extraction,patent_application,de,energy,True,trade_secret,0.823
IPE_002792,trade_secret,entity_recognition,research_paper,zh,biotechnology,True,trade_secret,0.888
IPE_002793,trade_secret,relation_extraction,patent_application,es,biotechnology,True,trade_secret,0.863
IPE_002794,trade_secret,entity_recognition,meeting_minutes,es,pharmaceutical,True,trade_secret,0.848
IPE_002795,trade_secret,knowledge_extraction,patent_application,de,biotechnology,True,trade_secret,0.829
IPE_002796,trade_secret,ip_detection,legal_document,es,aerospace,True,trade_secret,0.878
IPE_002797,trade_secret,knowledge_extraction,meeting_minutes,en,automotive,True,trade_secret,0.94
IPE_002798,trade_secret,relation_extraction,technical_report,es,aerospace,True,trade_secret,0.868
IPE_002799,trade_secret,knowledge_extraction,patent_application,es,energy,True,trade_secret,0.894
IPE_002800,trade_secret,knowledge_extraction,meeting_minutes,fr,software,True,trade_secret,0.809
IPE_002801,trade_secret,ip_detection,meeting_minutes,en,energy,True,trade_secret,0.948
IPE_002802,trade_secret,knowledge_extraction,patent_application,en,aerospace,True,trade_secret,0.842
IPE_002803,trade_secret,relation_extraction,meeting_minutes,es,software,True,trade_secret,0.849
IPE_002804,trade_secret,ip_detection,patent_application,fr,pharmaceutical,True,trade_secret,0.926
IPE_002805,trade_secret,entity_recognition,technical_report,es,software,True,trade_secret,0.875
IPE_002806,trade_secret,relation_extraction,legal_document,fr,aerospace,True,trade_secret,0.935
IPE_002807,trade_secret,relation_extraction,technical_report,ja,software,True,trade_secret,0.864
IPE_002808,trade_secret,entity_recognition,patent_application,fr,energy,True,trade_secret,0.879
IPE_002809,trade_secret,ip_detection,legal_document,zh,energy,True,trade_secret,0.866
IPE_002810,trade_secret,entity_recognition,technical_report,de,pharmaceutical,True,trade_secret,0.942
IPE_002811,trade_secret,relation_extraction,legal_document,es,automotive,True,trade_secret,0.831
IPE_002812,trade_secret,ip_detection,research_paper,de,manufacturing,True,trade_secret,0.9
IPE_002813,trade_secret,entity_recognition,meeting_minutes,zh,manufacturing,True,trade_secret,0.906
IPE_002814,trade_secret,ip_detection,technical_report,ja,energy,True,trade_secret,0.866
IPE_002815,trade_secret,knowledge_extraction,technical_report,de,biotechnology,True,trade_secret,0.841
IPE_002816,trade_secret,knowledge_extraction,legal_document,de,pharmaceutical,True,trade_secret,0.815
IPE_002817,trade_secret,ip_detection,patent_application,zh,software,True,trade_secret,0.819
IPE_002818,trade_secret,knowledge_extraction,legal_document,de,biotechnology,True,trade_secret,0.898
IPE_002819,trade_secret,relation_extraction,research_paper,en,software,True,trade_secret,0.829
IPE_002820,trade_secret,entity_recognition,technical_report,zh,energy,True,trade_secret,0.928
IPE_002821,trade_secret,knowledge_extraction,legal_document,zh,energy,True,trade_secret,0.901
IPE_002822,trade_secret,relation_extraction,research_paper,de,software,True,trade_secret,0.853
IPE_002823,trade_secret,relation_extraction,legal_document,zh,energy,True,trade_secret,0.802
IPE_002824,trade_secret,ip_detection,technical_report,zh,software,True,trade_secret,0.863
IPE_002825,trade_secret,entity_recognition,research_paper,fr,energy,True,trade_secret,0.825
IPE_002826,trade_secret,knowledge_extraction,technical_report,ja,manufacturing,True,trade_secret,0.863
IPE_002827,trade_secret,ip_detection,legal_document,zh,aerospace,True,trade_secret,0.939
IPE_002828,trade_secret,ip_detection,technical_report,zh,energy,True,trade_secret,0.823
IPE_002829,trade_secret,ip_detection,legal_document,de,aerospace,True,trade_secret,0.829
IPE_002830,trade_secret,ip_detection,technical_report,de,automotive,True,trade_secret,0.806
IPE_002831,trade_secret,entity_recognition,patent_application,zh,pharmaceutical,True,trade_secret,0.81
IPE_002832,trade_secret,ip_detection,meeting_minutes,fr,automotive,True,trade_secret,0.942
IPE_002833,trade_secret,ip_detection,technical_report,de,software,True,trade_secret,0.826
IPE_002834,trade_secret,entity_recognition,technical_report,zh,manufacturing,True,trade_secret,0.931
IPE_002835,trade_secret,knowledge_extraction,patent_application,ja,biotechnology,True,trade_secret,0.827
IPE_002836,trade_secret,relation_extraction,meeting_minutes,es,automotive,True,trade_secret,0.901
IPE_002837,trade_secret,relation_extraction,meeting_minutes,de,automotive,True,trade_secret,0.805
IPE_002838,trade_secret,knowledge_extraction,technical_report,es,aerospace,True,trade_secret,0.942
IPE_002839,trade_secret,knowledge_extraction,technical_report,de,aerospace,True,trade_secret,0.92
IPE_002840,trade_secret,relation_extraction,technical_report,fr,aerospace,True,trade_secret,0.944
IPE_002841,trade_secret,knowledge_extraction,meeting_minutes,en,manufacturing,True,trade_secret,0.897
IPE_002842,trade_secret,ip_detection,technical_report,es,software,True,trade_secret,0.917
IPE_002843,trade_secret,knowledge_extraction,meeting_minutes,zh,aerospace,True,trade_secret,0.891
IPE_002844,trade_secret,ip_detection,technical_report,en,automotive,True,trade_secret,0.826
IPE_002845,trade_secret,knowledge_extraction,research_paper,ja,automotive,True,trade_secret,0.822
IPE_002846,trade_secret,entity_recognition,technical_report,fr,automotive,True,trade_secret,0.896
IPE_002847,trade_secret,relation_extraction,legal_document,fr,manufacturing,True,trade_secret,0.879
IPE_002848,trade_secret,knowledge_extraction,technical_report,en,aerospace,True,trade_secret,0.848
IPE_002849,trade_secret,entity_recognition,patent_application,ja,manufacturing,True,trade_secret,0.853
IPE_002850,trade_secret,relation_extraction,meeting_minutes,en,manufacturing,True,trade_secret,0.841
IPE_002851,trade_secret,entity_recognition,technical_report,en,pharmaceutical,True,trade_secret,0.939
IPE_002852,trade_secret,entity_recognition,technical_report,zh,software,True,trade_secret,0.936
IPE_002853,trade_secret,ip_detection,patent_application,fr,software,True,trade_secret,0.808
IPE_002854,trade_secret,entity_recognition,research_paper,fr,biotechnology,True,trade_secret,0.821
IPE_002855,trade_secret,relation_extraction,meeting_minutes,de,energy,True,trade_secret,0.827
IPE_002856,trade_secret,entity_recognition,research_paper,ja,pharmaceutical,True,trade_secret,0.949
IPE_002857,trade_secret,entity_recognition,research_paper,zh,energy,True,trade_secret,0.853
IPE_002858,trade_secret,ip_detection,technical_report,zh,pharmaceutical,True,trade_secret,0.865
IPE_002859,trade_secret,entity_recognition,technical_report,zh,biotechnology,True,trade_secret,0.869
IPE_002860,trade_secret,knowledge_extraction,patent_application,de,automotive,True,trade_secret,0.925
IPE_002861,trade_secret,relation_extraction,technical_report,de,energy,True,trade_secret,0.921
IPE_002862,trade_secret,entity_recognition,technical_report,es,biotechnology,True,trade_secret,0.93
IPE_002863,trade_secret,knowledge_extraction,technical_report,en,aerospace,True,trade_secret,0.875
IPE_002864,trade_secret,entity_recognition,meeting_minutes,zh,energy,True,trade_secret,0.933
IPE_002865,trade_secret,relation_extraction,patent_application,es,energy,True,trade_secret,0.803
IPE_002866,trade_secret,entity_recognition,legal_document,fr,pharmaceutical,True,trade_secret,0.871
IPE_002867,trade_secret,entity_recognition,research_paper,en,automotive,True,trade_secret,0.821
IPE_002868,trade_secret,entity_recognition,meeting_minutes,ja,automotive,True,trade_secret,0.886
IPE_002869,trade_secret,knowledge_extraction,legal_document,fr,energy,True,trade_secret,0.872
IPE_002870,trade_secret,entity_recognition,legal_document,de,manufacturing,True,trade_secret,0.932
IPE_002871,trade_secret,ip_detection,meeting_minutes,zh,biotechnology,True,trade_secret,0.919
IPE_002872,trade_secret,relation_extraction,meeting_minutes,en,automotive,True,trade_secret,0.831
IPE_002873,trade_secret,knowledge_extraction,legal_document,es,aerospace,True,trade_secret,0.942
IPE_002874,trade_secret,relation_extraction,meeting_minutes,en,energy,True,trade_secret,0.888
IPE_002875,trade_secret,ip_detection,research_paper,en,aerospace,True,trade_secret,0.932
IPE_002876,trade_secret,relation_extraction,meeting_minutes,en,pharmaceutical,True,trade_secret,0.85
IPE_002877,trade_secret,ip_detection,research_paper,ja,biotechnology,True,trade_secret,0.852
IPE_002878,trade_secret,knowledge_extraction,patent_application,de,automotive,True,trade_secret,0.849
IPE_002879,trade_secret,entity_recognition,legal_document,zh,pharmaceutical,True,trade_secret,0.908
IPE_002880,trade_secret,ip_detection,meeting_minutes,zh,aerospace,True,trade_secret,0.85
IPE_002881,trade_secret,ip_detection,research_paper,zh,automotive,True,trade_secret,0.871
IPE_002882,trade_secret,ip_detection,research_paper,en,aerospace,True,trade_secret,0.8
IPE_002883,trade_secret,entity_recognition,meeting_minutes,ja,biotechnology,True,trade_secret,0.802
IPE_002884,trade_secret,relation_extraction,meeting_minutes,es,pharmaceutical,True,trade_secret,0.886
IPE_002885,trade_secret,entity_recognition,technical_report,de,pharmaceutical,True,trade_secret,0.899
IPE_002886,trade_secret,knowledge_extraction,technical_report,fr,software,True,trade_secret,0.924
IPE_002887,trade_secret,ip_detection,research_paper,zh,pharmaceutical,True,trade_secret,0.931
IPE_002888,trade_secret,entity_recognition,legal_document,es,manufacturing,True,trade_secret,0.858
IPE_002889,trade_secret,entity_recognition,technical_report,es,aerospace,True,trade_secret,0.946
IPE_002890,trade_secret,entity_recognition,patent_application,de,software,True,trade_secret,0.946
IPE_002891,trade_secret,entity_recognition,technical_report,en,energy,True,trade_secret,0.947
IPE_002892,trade_secret,ip_detection,legal_document,ja,biotechnology,True,trade_secret,0.888
IPE_002893,trade_secret,relation_extraction,meeting_minutes,es,manufacturing,True,trade_secret,0.851
IPE_002894,trade_secret,knowledge_extraction,meeting_minutes,de,pharmaceutical,True,trade_secret,0.847
IPE_002895,trade_secret,relation_extraction,meeting_minutes,de,software,True,trade_secret,0.82
IPE_002896,trade_secret,entity_recognition,patent_application,en,automotive,True,trade_secret,0.87
IPE_002897,trade_secret,relation_extraction,meeting_minutes,es,aerospace,True,trade_secret,0.944
IPE_002898,trade_secret,entity_recognition,meeting_minutes,es,manufacturing,True,trade_secret,0.841
IPE_002899,trade_secret,knowledge_extraction,technical_report,es,biotechnology,True,trade_secret,0.83
IPE_002900,trade_secret,entity_recognition,meeting_minutes,zh,energy,True,trade_secret,0.937
IPE_002901,trade_secret,ip_detection,legal_document,de,manufacturing,True,trade_secret,0.834
IPE_002902,trade_secret,ip_detection,technical_report,zh,software,True,trade_secret,0.907
IPE_002903,trade_secret,entity_recognition,meeting_minutes,fr,biotechnology,True,trade_secret,0.841
IPE_002904,trade_secret,relation_extraction,patent_application,ja,software,True,trade_secret,0.805
IPE_002905,trade_secret,ip_detection,legal_document,es,energy,True,trade_secret,0.879
IPE_002906,trade_secret,relation_extraction,legal_document,de,software,True,trade_secret,0.893
IPE_002907,trade_secret,ip_detection,patent_application,de,automotive,True,trade_secret,0.85
IPE_002908,trade_secret,entity_recognition,patent_application,ja,automotive,True,trade_secret,0.872
IPE_002909,trade_secret,knowledge_extraction,legal_document,fr,manufacturing,True,trade_secret,0.884
IPE_002910,trade_secret,relation_extraction,meeting_minutes,en,automotive,True,trade_secret,0.847
IPE_002911,trade_secret,entity_recognition,technical_report,es,pharmaceutical,True,trade_secret,0.807
IPE_002912,trade_secret,knowledge_extraction,patent_application,ja,aerospace,True,trade_secret,0.901
IPE_002913,trade_secret,entity_recognition,patent_application,de,software,True,trade_secret,0.921
IPE_002914,trade_secret,knowledge_extraction,technical_report,fr,biotechnology,True,trade_secret,0.853
IPE_002915,trade_secret,entity_recognition,legal_document,fr,software,True,trade_secret,0.949
IPE_002916,trade_secret,relation_extraction,meeting_minutes,de,aerospace,True,trade_secret,0.841
IPE_002917,trade_secret,entity_recognition,research_paper,en,automotive,True,trade_secret,0.834
IPE_002918,trade_secret,entity_recognition,technical_report,de,pharmaceutical,True,trade_secret,0.855
IPE_002919,trade_secret,ip_detection,technical_report,zh,manufacturing,True,trade_secret,0.926
IPE_002920,trade_secret,ip_detection,patent_application,ja,energy,True,trade_secret,0.882
IPE_002921,trade_secret,entity_recognition,technical_report,de,biotechnology,True,trade_secret,0.832
IPE_002922,trade_secret,relation_extraction,legal_document,de,aerospace,True,trade_secret,0.809
IPE_002923,trade_secret,relation_extraction,technical_report,zh,software,True,trade_secret,0.904
IPE_002924,trade_secret,entity_recognition,research_paper,en,manufacturing,True,trade_secret,0.908
IPE_002925,trade_secret,entity_recognition,legal_document,zh,manufacturing,True,trade_secret,0.879
IPE_002926,trade_secret,ip_detection,technical_report,en,software,True,trade_secret,0.875
IPE_002927,trade_secret,entity_recognition,patent_application,ja,automotive,True,trade_secret,0.894
IPE_002928,trade_secret,knowledge_extraction,research_paper,de,automotive,True,trade_secret,0.87
IPE_002929,trade_secret,relation_extraction,technical_report,es,energy,True,trade_secret,0.854
IPE_002930,trade_secret,ip_detection,patent_application,ja,software,True,trade_secret,0.83
IPE_002931,trade_secret,knowledge_extraction,meeting_minutes,zh,aerospace,True,trade_secret,0.839
IPE_002932,trade_secret,relation_extraction,meeting_minutes,fr,pharmaceutical,True,trade_secret,0.843
IPE_002933,trade_secret,knowledge_extraction,meeting_minutes,es,energy,True,trade_secret,0.847
IPE_002934,trade_secret,knowledge_extraction,meeting_minutes,fr,aerospace,True,trade_secret,0.879
IPE_002935,trade_secret,knowledge_extraction,technical_report,de,aerospace,True,trade_secret,0.856
IPE_002936,trade_secret,knowledge_extraction,patent_application,fr,manufacturing,True,trade_secret,0.853
IPE_002937,trade_secret,relation_extraction,research_paper,ja,manufacturing,True,trade_secret,0.807
IPE_002938,trade_secret,ip_detection,technical_report,ja,aerospace,True,trade_secret,0.898
IPE_002939,trade_secret,ip_detection,technical_report,en,energy,True,trade_secret,0.923
IPE_002940,trade_secret,entity_recognition,legal_document,fr,pharmaceutical,True,trade_secret,0.942
IPE_002941,trade_secret,knowledge_extraction,research_paper,de,pharmaceutical,True,trade_secret,0.819
IPE_002942,trade_secret,relation_extraction,research_paper,en,manufacturing,True,trade_secret,0.844
IPE_002943,trade_secret,relation_extraction,research_paper,en,manufacturing,True,trade_secret,0.949
IPE_002944,trade_secret,knowledge_extraction,legal_document,fr,manufacturing,True,trade_secret,0.94
IPE_002945,trade_secret,entity_recognition,legal_document,de,software,True,trade_secret,0.885
IPE_002946,trade_secret,relation_extraction,meeting_minutes,de,software,True,trade_secret,0.922
IPE_002947,trade_secret,knowledge_extraction,technical_report,de,aerospace,True,trade_secret,0.935
IPE_002948,trade_secret,ip_detection,legal_document,fr,biotechnology,True,trade_secret,0.826
IPE_002949,trade_secret,relation_extraction,technical_report,es,manufacturing,True,trade_secret,0.867
IPE_002950,trade_secret,entity_recognition,meeting_minutes,es,automotive,True,trade_secret,0.84
IPE_002951,trade_secret,relation_extraction,patent_application,es,software,True,trade_secret,0.854
IPE_002952,trade_secret,knowledge_extraction,research_paper,fr,automotive,True,trade_secret,0.945
IPE_002953,trade_secret,knowledge_extraction,technical_report,de,manufacturing,True,trade_secret,0.86
IPE_002954,trade_secret,ip_detection,technical_report,fr,software,True,trade_secret,0.81
IPE_002955,trade_secret,entity_recognition,legal_document,fr,energy,True,trade_secret,0.918
IPE_002956,trade_secret,relation_extraction,meeting_minutes,en,pharmaceutical,True,trade_secret,0.872
IPE_002957,trade_secret,relation_extraction,research_paper,fr,aerospace,True,trade_secret,0.914
IPE_002958,trade_secret,knowledge_extraction,meeting_minutes,ja,manufacturing,True,trade_secret,0.854
IPE_002959,trade_secret,knowledge_extraction,patent_application,de,pharmaceutical,True,trade_secret,0.881
IPE_002960,trade_secret,entity_recognition,research_paper,fr,biotechnology,True,trade_secret,0.82
IPE_002961,trade_secret,entity_recognition,patent_application,zh,pharmaceutical,True,trade_secret,0.926
IPE_002962,trade_secret,ip_detection,meeting_minutes,en,energy,True,trade_secret,0.92
IPE_002963,trade_secret,ip_detection,technical_report,de,software,True,trade_secret,0.912
IPE_002964,trade_secret,entity_recognition,technical_report,es,manufacturing,True,trade_secret,0.877
IPE_002965,trade_secret,ip_detection,technical_report,en,energy,True,trade_secret,0.858
IPE_002966,trade_secret,knowledge_extraction,technical_report,es,pharmaceutical,True,trade_secret,0.9
IPE_002967,trade_secret,relation_extraction,technical_report,es,biotechnology,True,trade_secret,0.834
IPE_002968,trade_secret,relation_extraction,legal_document,ja,automotive,True,trade_secret,0.896
IPE_002969,trade_secret,ip_detection,patent_application,fr,software,True,trade_secret,0.847
IPE_002970,trade_secret,ip_detection,meeting_minutes,es,aerospace,True,trade_secret,0.933
IPE_002971,trade_secret,knowledge_extraction,legal_document,es,energy,True,trade_secret,0.895
IPE_002972,trade_secret,knowledge_extraction,meeting_minutes,es,aerospace,True,trade_secret,0.926
IPE_002973,trade_secret,relation_extraction,meeting_minutes,fr,software,True,trade_secret,0.847
IPE_002974,trade_secret,relation_extraction,research_paper,es,energy,True,trade_secret,0.868
IPE_002975,trade_secret,knowledge_extraction,legal_document,es,pharmaceutical,True,trade_secret,0.83
IPE_002976,trade_secret,relation_extraction,research_paper,fr,energy,True,trade_secret,0.835
IPE_002977,trade_secret,entity_recognition,research_paper,de,manufacturing,True,trade_secret,0.923
IPE_002978,trade_secret,relation_extraction,legal_document,de,manufacturing,True,trade_secret,0.939
IPE_002979,trade_secret,relation_extraction,research_paper,ja,energy,True,trade_secret,0.927
IPE_002980,trade_secret,knowledge_extraction,meeting_minutes,fr,pharmaceutical,True,trade_secret,0.878
IPE_002981,trade_secret,entity_recognition,patent_application,en,aerospace,True,trade_secret,0.887
IPE_002982,trade_secret,ip_detection,meeting_minutes,zh,software,True,trade_secret,0.883
IPE_002983,trade_secret,relation_extraction,meeting_minutes,zh,biotechnology,True,trade_secret,0.934
IPE_002984,trade_secret,entity_recognition,legal_document,zh,biotechnology,True,trade_secret,0.915
IPE_002985,trade_secret,knowledge_extraction,legal_document,en,aerospace,True,trade_secret,0.828
IPE_002986,trade_secret,ip_detection,meeting_minutes,ja,manufacturing,True,trade_secret,0.879
IPE_002987,trade_secret,knowledge_extraction,legal_document,fr,energy,True,trade_secret,0.891
IPE_002988,trade_secret,knowledge_extraction,legal_document,en,aerospace,True,trade_secret,0.898
IPE_002989,trade_secret,knowledge_extraction,meeting_minutes,fr,energy,True,trade_secret,0.875
IPE_002990,trade_secret,ip_detection,research_paper,zh,biotechnology,True,trade_secret,0.815
IPE_002991,trade_secret,entity_recognition,research_paper,fr,manufacturing,True,trade_secret,0.911
IPE_002992,trade_secret,relation_extraction,technical_report,en,biotechnology,True,trade_secret,0.88
IPE_002993,trade_secret,knowledge_extraction,technical_report,ja,manufacturing,True,trade_secret,0.944
IPE_002994,trade_secret,relation_extraction,legal_document,ja,automotive,True,trade_secret,0.874
IPE_002995,trade_secret,entity_recognition,research_paper,zh,software,True,trade_secret,0.859
IPE_002996,trade_secret,relation_extraction,technical_report,es,aerospace,True,trade_secret,0.923
IPE_002997,trade_secret,relation_extraction,meeting_minutes,es,manufacturing,True,trade_secret,0.834
IPE_002998,trade_secret,entity_recognition,research_paper,ja,manufacturing,True,trade_secret,0.876
IPE_002999,trade_secret,knowledge_extraction,research_paper,es,software,True,trade_secret,0.918
IPE_003000,trade_secret,relation_extraction,legal_document,de,biotechnology,True,trade_secret,0.859
IPE_003001,trade_secret,ip_detection,research_paper,ja,energy,True,trade_secret,0.836
IPE_003002,trade_secret,entity_recognition,meeting_minutes,fr,software,True,trade_secret,0.843
IPE_003003,trade_secret,entity_recognition,research_paper,en,biotechnology,True,trade_secret,0.91
IPE_003004,trade_secret,knowledge_extraction,meeting_minutes,de,manufacturing,True,trade_secret,0.898
IPE_003005,trade_secret,knowledge_extraction,research_paper,es,aerospace,True,trade_secret,0.881
IPE_003006,trade_secret,ip_detection,research_paper,es,energy,True,trade_secret,0.877
IPE_003007,trade_secret,relation_extraction,research_paper,es,aerospace,True,trade_secret,0.86
IPE_003008,trade_secret,relation_extraction,research_paper,en,pharmaceutical,True,trade_secret,0.876
IPE_003009,trade_secret,relation_extraction,technical_report,zh,automotive,True,trade_secret,0.904
IPE_003010,trade_secret,relation_extraction,research_paper,fr,automotive,True,trade_secret,0.916
IPE_003011,trade_secret,knowledge_extraction,patent_application,fr,automotive,True,trade_secret,0.908
IPE_003012,trade_secret,knowledge_extraction,meeting_minutes,ja,automotive,True,trade_secret,0.838
IPE_003013,trade_secret,knowledge_extraction,technical_report,zh,manufacturing,True,trade_secret,0.888
IPE_003014,trade_secret,ip_detection,patent_application,en,automotive,True,trade_secret,0.818
IPE_003015,trade_secret,knowledge_extraction,technical_report,fr,biotechnology,True,trade_secret,0.864
IPE_003016,trade_secret,relation_extraction,legal_document,ja,automotive,True,trade_secret,0.815
IPE_003017,trade_secret,entity_recognition,research_paper,en,biotechnology,True,trade_secret,0.912
IPE_003018,trade_secret,entity_recognition,meeting_minutes,zh,aerospace,True,trade_secret,0.925
IPE_003019,trade_secret,relation_extraction,patent_application,fr,manufacturing,True,trade_secret,0.901
IPE_003020,trade_secret,knowledge_extraction,technical_report,en,pharmaceutical,True,trade_secret,0.878
IPE_003021,trade_secret,relation_extraction,patent_application,zh,pharmaceutical,True,trade_secret,0.925
IPE_003022,trade_secret,ip_detection,legal_document,de,software,True,trade_secret,0.907
IPE_003023,trade_secret,ip_detection,legal_document,zh,aerospace,True,trade_secret,0.816
IPE_003024,trade_secret,entity_recognition,technical_report,es,aerospace,True,trade_secret,0.88
IPE_003025,trade_secret,ip_detection,meeting_minutes,ja,software,True,trade_secret,0.847
IPE_003026,trade_secret,knowledge_extraction,meeting_minutes,de,manufacturing,True,trade_secret,0.853
IPE_003027,trade_secret,ip_detection,research_paper,de,biotechnology,True,trade_secret,0.891
IPE_003028,trade_secret,knowledge_extraction,meeting_minutes,fr,software,True,trade_secret,0.879
IPE_003029,trade_secret,knowledge_extraction,legal_document,de,aerospace,True,trade_secret,0.832
IPE_003030,trade_secret,ip_detection,research_paper,de,aerospace,True,trade_secret,0.856
IPE_003031,trade_secret,entity_recognition,technical_report,de,automotive,True,trade_secret,0.899
IPE_003032,trade_secret,relation_extraction,research_paper,es,pharmaceutical,True,trade_secret,0.916
IPE_003033,trade_secret,ip_detection,research_paper,es,biotechnology,True,trade_secret,0.841
IPE_003034,trade_secret,relation_extraction,legal_document,de,pharmaceutical,True,trade_secret,0.9
IPE_003035,trade_secret,relation_extraction,meeting_minutes,ja,automotive,True,trade_secret,0.854
IPE_003036,trade_secret,ip_detection,research_paper,ja,biotechnology,True,trade_secret,0.935
IPE_003037,trade_secret,ip_detection,meeting_minutes,de,manufacturing,True,trade_secret,0.893
IPE_003038,trade_secret,ip_detection,legal_document,es,manufacturing,True,trade_secret,0.943
IPE_003039,trade_secret,relation_extraction,research_paper,fr,aerospace,True,trade_secret,0.861
IPE_003040,trade_secret,entity_recognition,meeting_minutes,es,automotive,True,trade_secret,0.875
IPE_003041,trade_secret,relation_extraction,legal_document,de,software,True,trade_secret,0.855
IPE_003042,trade_secret,knowledge_extraction,legal_document,ja,manufacturing,True,trade_secret,0.883
IPE_003043,trade_secret,entity_recognition,technical_report,zh,aerospace,True,trade_secret,0.936
IPE_003044,trade_secret,entity_recognition,legal_document,zh,software,True,trade_secret,0.934
IPE_003045,trade_secret,relation_extraction,meeting_minutes,ja,aerospace,True,trade_secret,0.93
IPE_003046,trade_secret,entity_recognition,legal_document,es,software,True,trade_secret,0.884
IPE_003047,trade_secret,relation_extraction,research_paper,de,aerospace,True,trade_secret,0.926
IPE_003048,trade_secret,relation_extraction,technical_report,zh,energy,True,trade_secret,0.948
IPE_003049,trade_secret,relation_extraction,meeting_minutes,de,manufacturing,True,trade_secret,0.876
IPE_003050,trade_secret,relation_extraction,research_paper,en,automotive,True,trade_secret,0.907
IPE_003051,trade_secret,relation_extraction,patent_application,zh,pharmaceutical,True,trade_secret,0.823
IPE_003052,trade_secret,ip_detection,legal_document,zh,software,True,trade_secret,0.811
IPE_003053,trade_secret,entity_recognition,research_paper,fr,manufacturing,True,trade_secret,0.897
IPE_003054,trade_secret,relation_extraction,patent_application,en,biotechnology,True,trade_secret,0.855
IPE_003055,trade_secret,entity_recognition,research_paper,es,energy,True,trade_secret,0.81
IPE_003056,trade_secret,ip_detection,patent_application,ja,energy,True,trade_secret,0.803
IPE_003057,trade_secret,entity_recognition,research_paper,ja,aerospace,True,trade_secret,0.907
IPE_003058,trade_secret,ip_detection,technical_report,en,energy,True,trade_secret,0.915
IPE_003059,trade_secret,ip_detection,meeting_minutes,fr,biotechnology,True,trade_secret,0.812
IPE_003060,trade_secret,entity_recognition,technical_report,en,energy,True,trade_secret,0.882
IPE_003061,trade_secret,relation_extraction,technical_report,fr,pharmaceutical,True,trade_secret,0.822
IPE_003062,trade_secret,entity_recognition,technical_report,en,energy,True,trade_secret,0.875
IPE_003063,trade_secret,entity_recognition,meeting_minutes,zh,automotive,True,trade_secret,0.828
IPE_003064,trade_secret,ip_detection,patent_application,fr,energy,True,trade_secret,0.916
IPE_003065,trade_secret,relation_extraction,patent_application,ja,software,True,trade_secret,0.839
IPE_003066,trade_secret,knowledge_extraction,meeting_minutes,zh,aerospace,True,trade_secret,0.938
IPE_003067,trade_secret,ip_detection,technical_report,ja,energy,True,trade_secret,0.936
IPE_003068,trade_secret,ip_detection,legal_document,zh,pharmaceutical,True,trade_secret,0.856
IPE_003069,trade_secret,ip_detection,meeting_minutes,es,energy,True,trade_secret,0.895
IPE_003070,trade_secret,relation_extraction,patent_application,ja,software,True,trade_secret,0.923
IPE_003071,trade_secret,ip_detection,meeting_minutes,zh,energy,True,trade_secret,0.932
IPE_003072,trade_secret,entity_recognition,meeting_minutes,en,biotechnology,True,trade_secret,0.919
IPE_003073,trade_secret,entity_recognition,technical_report,en,automotive,True,trade_secret,0.852
IPE_003074,trade_secret,relation_extraction,patent_application,ja,automotive,True,trade_secret,0.919
IPE_003075,trade_secret,entity_recognition,legal_document,zh,software,True,trade_secret,0.914
IPE_003076,trade_secret,knowledge_extraction,legal_document,ja,software,True,trade_secret,0.875
IPE_003077,trade_secret,relation_extraction,meeting_minutes,fr,automotive,True,trade_secret,0.92
IPE_003078,trade_secret,ip_detection,technical_report,en,biotechnology,True,trade_secret,0.919
IPE_003079,trade_secret,relation_extraction,research_paper,es,energy,True,trade_secret,0.934
IPE_003080,trade_secret,entity_recognition,research_paper,en,biotechnology,True,trade_secret,0.94
IPE_003081,trade_secret,relation_extraction,legal_document,fr,software,True,trade_secret,0.948
IPE_003082,trade_secret,entity_recognition,legal_document,de,manufacturing,True,trade_secret,0.885
IPE_003083,trade_secret,knowledge_extraction,legal_document,fr,pharmaceutical,True,trade_secret,0.913
IPE_003084,trade_secret,knowledge_extraction,patent_application,fr,software,True,trade_secret,0.87
IPE_003085,trade_secret,entity_recognition,research_paper,en,software,True,trade_secret,0.801
IPE_003086,trade_secret,knowledge_extraction,technical_report,ja,manufacturing,True,trade_secret,0.917
IPE_003087,trade_secret,knowledge_extraction,meeting_minutes,fr,automotive,True,trade_secret,0.832
IPE_003088,trade_secret,ip_detection,meeting_minutes,es,biotechnology,True,trade_secret,0.932
IPE_003089,trade_secret,knowledge_extraction,patent_application,zh,aerospace,True,trade_secret,0.925
IPE_003090,trade_secret,knowledge_extraction,patent_application,zh,aerospace,True,trade_secret,0.831
IPE_003091,trade_secret,knowledge_extraction,research_paper,es,automotive,True,trade_secret,0.853
IPE_003092,trade_secret,knowledge_extraction,technical_report,zh,manufacturing,True,trade_secret,0.866
IPE_003093,trade_secret,knowledge_extraction,technical_report,ja,energy,True,trade_secret,0.839
IPE_003094,trade_secret,ip_detection,meeting_minutes,de,aerospace,True,trade_secret,0.9
IPE_003095,trade_secret,entity_recognition,legal_document,es,biotechnology,True,trade_secret,0.937
IPE_003096,trade_secret,ip_detection,technical_report,es,automotive,True,trade_secret,0.913
IPE_003097,trade_secret,ip_detection,meeting_minutes,ja,aerospace,True,trade_secret,0.868
IPE_003098,trade_secret,ip_detection,meeting_minutes,en,biotechnology,True,trade_secret,0.946
IPE_003099,trade_secret,ip_detection,patent_application,fr,software,True,trade_secret,0.944
IPE_003100,trade_secret,ip_detection,research_paper,en,pharmaceutical,True,trade_secret,0.839
IPE_003101,trade_secret,knowledge_extraction,legal_document,de,manufacturing,True,trade_secret,0.82
IPE_003102,trade_secret,entity_recognition,meeting_minutes,en,aerospace,True,trade_secret,0.812
IPE_003103,trade_secret,entity_recognition,patent_application,es,pharmaceutical,True,trade_secret,0.825
IPE_003104,trade_secret,knowledge_extraction,meeting_minutes,zh,aerospace,True,trade_secret,0.868
IPE_003105,trade_secret,entity_recognition,technical_report,es,automotive,True,trade_secret,0.812
IPE_003106,trade_secret,ip_detection,technical_report,es,pharmaceutical,True,trade_secret,0.834
IPE_003107,trade_secret,knowledge_extraction,technical_report,fr,aerospace,True,trade_secret,0.887
IPE_003108,trade_secret,knowledge_extraction,technical_report,zh,software,True,trade_secret,0.818
IPE_003109,trade_secret,knowledge_extraction,technical_report,ja,aerospace,True,trade_secret,0.905
IPE_003110,trade_secret,entity_recognition,research_paper,fr,automotive,True,trade_secret,0.832
IPE_003111,trade_secret,entity_recognition,meeting_minutes,zh,manufacturing,True,trade_secret,0.888
IPE_003112,trade_secret,knowledge_extraction,research_paper,zh,manufacturing,True,trade_secret,0.945
IPE_003113,trade_secret,entity_recognition,technical_report,de,software,True,trade_secret,0.912
IPE_003114,trade_secret,relation_extraction,research_paper,ja,automotive,True,trade_secret,0.882
IPE_003115,trade_secret,entity_recognition,technical_report,es,pharmaceutical,True,trade_secret,0.926
IPE_003116,trade_secret,relation_extraction,meeting_minutes,de,energy,True,trade_secret,0.896
IPE_003117,trade_secret,knowledge_extraction,meeting_minutes,fr,manufacturing,True,trade_secret,0.882
IPE_003118,trade_secret,knowledge_extraction,legal_document,es,manufacturing,True,trade_secret,0.878
IPE_003119,trade_secret,relation_extraction,legal_document,ja,automotive,True,trade_secret,0.949
IPE_003120,trade_secret,ip_detection,meeting_minutes,ja,automotive,True,trade_secret,0.833
IPE_003121,trade_secret,entity_recognition,patent_application,fr,software,True,trade_secret,0.89
IPE_003122,trade_secret,ip_detection,technical_report,fr,biotechnology,True,trade_secret,0.865
IPE_003123,trade_secret,ip_detection,legal_document,ja,biotechnology,True,trade_secret,0.91
IPE_003124,trade_secret,ip_detection,legal_document,fr,automotive,True,trade_secret,0.838
IPE_003125,trade_secret,knowledge_extraction,meeting_minutes,ja,manufacturing,True,trade_secret,0.918
IPE_003126,trade_secret,knowledge_extraction,technical_report,fr,aerospace,True,trade_secret,0.922
IPE_003127,trade_secret,relation_extraction,technical_report,ja,biotechnology,True,trade_secret,0.882
IPE_003128,trade_secret,ip_detection,research_paper,en,pharmaceutical,True,trade_secret,0.872
IPE_003129,trade_secret,relation_extraction,meeting_minutes,en,automotive,True,trade_secret,0.804
IPE_003130,trade_secret,entity_recognition,legal_document,de,aerospace,True,trade_secret,0.894
IPE_003131,trade_secret,ip_detection,meeting_minutes,en,software,True,trade_secret,0.843
IPE_003132,trade_secret,entity_recognition,research_paper,en,biotechnology,True,trade_secret,0.912
IPE_003133,trade_secret,ip_detection,meeting_minutes,es,biotechnology,True,trade_secret,0.948
IPE_003134,trade_secret,knowledge_extraction,legal_document,zh,software,True,trade_secret,0.852
IPE_003135,trade_secret,knowledge_extraction,patent_application,zh,pharmaceutical,True,trade_secret,0.92
IPE_003136,trade_secret,entity_recognition,technical_report,fr,software,True,trade_secret,0.929
IPE_003137,trade_secret,knowledge_extraction,technical_report,es,biotechnology,True,trade_secret,0.893
IPE_003138,trade_secret,entity_recognition,legal_document,en,biotechnology,True,trade_secret,0.906
IPE_003139,trade_secret,relation_extraction,research_paper,ja,biotechnology,True,trade_secret,0.806
IPE_003140,trade_secret,relation_extraction,technical_report,fr,software,True,trade_secret,0.873
IPE_003141,trade_secret,ip_detection,legal_document,de,software,True,trade_secret,0.909
IPE_003142,trade_secret,entity_recognition,technical_report,zh,biotechnology,True,trade_secret,0.877
IPE_003143,trade_secret,knowledge_extraction,meeting_minutes,fr,energy,True,trade_secret,0.801
IPE_003144,trade_secret,knowledge_extraction,technical_report,ja,aerospace,True,trade_secret,0.863
IPE_003145,trade_secret,ip_detection,patent_application,en,manufacturing,True,trade_secret,0.887
IPE_003146,trade_secret,relation_extraction,research_paper,en,manufacturing,True,trade_secret,0.939
IPE_003147,trade_secret,knowledge_extraction,patent_application,ja,biotechnology,True,trade_secret,0.903
IPE_003148,trade_secret,relation_extraction,research_paper,zh,energy,True,trade_secret,0.922
IPE_003149,trade_secret,entity_recognition,technical_report,ja,software,True,trade_secret,0.944
IPE_003150,trade_secret,knowledge_extraction,patent_application,fr,aerospace,True,trade_secret,0.849
IPE_003151,trade_secret,relation_extraction,legal_document,zh,software,True,trade_secret,0.822
IPE_003152,trade_secret,ip_detection,patent_application,en,manufacturing,True,trade_secret,0.903
IPE_003153,trade_secret,ip_detection,meeting_minutes,ja,automotive,True,trade_secret,0.803
IPE_003154,trade_secret,ip_detection,patent_application,fr,manufacturing,True,trade_secret,0.928
IPE_003155,trade_secret,entity_recognition,patent_application,es,biotechnology,True,trade_secret,0.841
IPE_003156,trade_secret,ip_detection,legal_document,es,software,True,trade_secret,0.92
IPE_003157,trade_secret,knowledge_extraction,patent_application,ja,automotive,True,trade_secret,0.916
IPE_003158,trade_secret,knowledge_extraction,legal_document,zh,software,True,trade_secret,0.887
IPE_003159,trade_secret,relation_extraction,legal_document,en,energy,True,trade_secret,0.804
IPE_003160,trade_secret,relation_extraction,technical_report,es,biotechnology,True,trade_secret,0.892
IPE_003161,trade_secret,entity_recognition,patent_application,de,software,True,trade_secret,0.814
IPE_003162,trade_secret,knowledge_extraction,patent_application,fr,pharmaceutical,True,trade_secret,0.853
IPE_003163,trade_secret,ip_detection,research_paper,ja,manufacturing,True,trade_secret,0.946
IPE_003164,trade_secret,knowledge_extraction,research_paper,es,automotive,True,trade_secret,0.864
IPE_003165,trade_secret,ip_detection,technical_report,zh,biotechnology,True,trade_secret,0.909
IPE_003166,trade_secret,ip_detection,meeting_minutes,en,biotechnology,True,trade_secret,0.89
IPE_003167,trade_secret,relation_extraction,technical_report,ja,pharmaceutical,True,trade_secret,0.887
IPE_003168,trade_secret,relation_extraction,legal_document,es,aerospace,True,trade_secret,0.946
IPE_003169,trade_secret,entity_recognition,patent_application,de,aerospace,True,trade_secret,0.91
IPE_003170,trade_secret,relation_extraction,legal_document,en,software,True,trade_secret,0.914
IPE_003171,trade_secret,ip_detection,meeting_minutes,es,software,True,trade_secret,0.869
IPE_003172,trade_secret,knowledge_extraction,technical_report,es,energy,True,trade_secret,0.849
IPE_003173,trade_secret,knowledge_extraction,research_paper,en,aerospace,True,trade_secret,0.882
IPE_003174,trade_secret,ip_detection,technical_report,en,pharmaceutical,True,trade_secret,0.807
IPE_003175,trade_secret,relation_extraction,technical_report,fr,manufacturing,True,trade_secret,0.922
IPE_003176,trade_secret,ip_detection,research_paper,en,pharmaceutical,True,trade_secret,0.849
IPE_003177,trade_secret,ip_detection,research_paper,es,pharmaceutical,True,trade_secret,0.93
IPE_003178,trade_secret,entity_recognition,research_paper,ja,software,True,trade_secret,0.803
IPE_003179,trade_secret,entity_recognition,legal_document,de,automotive,True,trade_secret,0.801
IPE_003180,trade_secret,ip_detection,technical_report,fr,automotive,True,trade_secret,0.826
IPE_003181,trade_secret,ip_detection,legal_document,es,software,True,trade_secret,0.832
IPE_003182,trade_secret,knowledge_extraction,legal_document,ja,manufacturing,True,trade_secret,0.927
IPE_003183,trade_secret,entity_recognition,patent_application,es,automotive,True,trade_secret,0.882
IPE_003184,trade_secret,ip_detection,patent_application,en,automotive,True,trade_secret,0.931
IPE_003185,trade_secret,ip_detection,patent_application,fr,biotechnology,True,trade_secret,0.908
IPE_003186,trade_secret,ip_detection,meeting_minutes,zh,software,True,trade_secret,0.836
IPE_003187,trade_secret,entity_recognition,technical_report,zh,aerospace,True,trade_secret,0.92
IPE_003188,trade_secret,ip_detection,patent_application,es,energy,True,trade_secret,0.885
IPE_003189,trade_secret,entity_recognition,technical_report,ja,biotechnology,True,trade_secret,0.844
IPE_003190,trade_secret,relation_extraction,research_paper,en,manufacturing,True,trade_secret,0.915
IPE_003191,trade_secret,entity_recognition,legal_document,ja,software,True,trade_secret,0.887
IPE_003192,trade_secret,knowledge_extraction,legal_document,zh,manufacturing,True,trade_secret,0.843
IPE_003193,trade_secret,relation_extraction,legal_document,de,automotive,True,trade_secret,0.906
IPE_003194,trade_secret,knowledge_extraction,legal_document,ja,software,True,trade_secret,0.925
IPE_003195,trade_secret,entity_recognition,research_paper,ja,pharmaceutical,True,trade_secret,0.907
IPE_003196,trade_secret,knowledge_extraction,technical_report,en,energy,True,trade_secret,0.902
IPE_003197,trade_secret,entity_recognition,patent_application,de,automotive,True,trade_secret,0.883
IPE_003198,trade_secret,ip_detection,patent_application,de,biotechnology,True,trade_secret,0.82
IPE_003199,trade_secret,relation_extraction,research_paper,en,biotechnology,True,trade_secret,0.937
IPE_003200,trade_secret,entity_recognition,meeting_minutes,es,energy,True,trade_secret,0.829
IPE_003201,trade_secret,entity_recognition,technical_report,en,manufacturing,True,trade_secret,0.862
IPE_003202,trade_secret,relation_extraction,meeting_minutes,fr,software,True,trade_secret,0.822
IPE_003203,trade_secret,entity_recognition,research_paper,ja,aerospace,True,trade_secret,0.8
IPE_003204,trade_secret,knowledge_extraction,meeting_minutes,es,energy,True,trade_secret,0.881
IPE_003205,trade_secret,knowledge_extraction,legal_document,fr,aerospace,True,trade_secret,0.891
IPE_003206,trade_secret,knowledge_extraction,research_paper,es,manufacturing,True,trade_secret,0.901
IPE_003207,trade_secret,ip_detection,meeting_minutes,fr,biotechnology,True,trade_secret,0.813
IPE_003208,trade_secret,ip_detection,meeting_minutes,es,automotive,True,trade_secret,0.938
IPE_003209,trade_secret,knowledge_extraction,technical_report,ja,automotive,True,trade_secret,0.834
IPE_003210,trade_secret,entity_recognition,patent_application,ja,energy,True,trade_secret,0.834
IPE_003211,trade_secret,relation_extraction,meeting_minutes,en,aerospace,True,trade_secret,0.898
IPE_003212,trade_secret,relation_extraction,technical_report,es,aerospace,True,trade_secret,0.833
IPE_003213,trade_secret,relation_extraction,patent_application,en,aerospace,True,trade_secret,0.942
IPE_003214,trade_secret,relation_extraction,legal_document,ja,energy,True,trade_secret,0.807
IPE_003215,trade_secret,knowledge_extraction,patent_application,ja,pharmaceutical,True,trade_secret,0.948
IPE_003216,trade_secret,entity_recognition,research_paper,es,software,True,trade_secret,0.892
IPE_003217,trade_secret,entity_recognition,technical_report,fr,biotechnology,True,trade_secret,0.917
IPE_003218,trade_secret,relation_extraction,patent_application,fr,pharmaceutical,True,trade_secret,0.863
IPE_003219,trade_secret,entity_recognition,legal_document,zh,software,True,trade_secret,0.946
IPE_003220,trade_secret,ip_detection,meeting_minutes,es,manufacturing,True,trade_secret,0.86
IPE_003221,trade_secret,entity_recognition,meeting_minutes,es,manufacturing,True,trade_secret,0.912
IPE_003222,trade_secret,knowledge_extraction,meeting_minutes,ja,software,True,trade_secret,0.838
IPE_003223,trade_secret,relation_extraction,meeting_minutes,en,aerospace,True,trade_secret,0.876
IPE_003224,trade_secret,relation_extraction,patent_application,en,automotive,True,trade_secret,0.843
IPE_003225,trade_secret,knowledge_extraction,meeting_minutes,en,manufacturing,True,trade_secret,0.84
IPE_003226,trade_secret,knowledge_extraction,meeting_minutes,ja,software,True,trade_secret,0.873
IPE_003227,trade_secret,ip_detection,meeting_minutes,fr,automotive,True,trade_secret,0.934
IPE_003228,trade_secret,ip_detection,patent_application,en,biotechnology,True,trade_secret,0.928
IPE_003229,trade_secret,entity_recognition,technical_report,en,biotechnology,True,trade_secret,0.934
IPE_003230,trade_secret,ip_detection,legal_document,ja,automotive,True,trade_secret,0.933
IPE_003231,trade_secret,ip_detection,technical_report,en,automotive,True,trade_secret,0.883
IPE_003232,trade_secret,relation_extraction,research_paper,en,automotive,True,trade_secret,0.915
IPE_003233,trade_secret,knowledge_extraction,research_paper,zh,energy,True,trade_secret,0.849
IPE_003234,trade_secret,entity_recognition,patent_application,fr,aerospace,True,trade_secret,0.925
IPE_003235,trade_secret,ip_detection,meeting_minutes,zh,biotechnology,True,trade_secret,0.844
IPE_003236,trade_secret,knowledge_extraction,research_paper,fr,manufacturing,True,trade_secret,0.88
IPE_003237,trade_secret,ip_detection,research_paper,zh,pharmaceutical,True,trade_secret,0.887
IPE_003238,trade_secret,ip_detection,legal_document,fr,energy,True,trade_secret,0.903
IPE_003239,trade_secret,relation_extraction,legal_document,ja,biotechnology,True,trade_secret,0.876
IPE_003240,trade_secret,ip_detection,patent_application,de,energy,True,trade_secret,0.87
IPE_003241,trade_secret,entity_recognition,meeting_minutes,fr,aerospace,True,trade_secret,0.818
IPE_003242,trade_secret,relation_extraction,patent_application,ja,energy,True,trade_secret,0.855
IPE_003243,trade_secret,entity_recognition,research_paper,es,pharmaceutical,True,trade_secret,0.834
IPE_003244,trade_secret,knowledge_extraction,technical_report,zh,aerospace,True,trade_secret,0.911
IPE_003245,trade_secret,ip_detection,patent_application,de,aerospace,True,trade_secret,0.873
IPE_003246,trade_secret,knowledge_extraction,patent_application,fr,energy,True,trade_secret,0.804
IPE_003247,trade_secret,relation_extraction,research_paper,en,software,True,trade_secret,0.925
IPE_003248,trade_secret,entity_recognition,research_paper,es,manufacturing,True,trade_secret,0.819
IPE_003249,trade_secret,ip_detection,research_paper,fr,biotechnology,True,trade_secret,0.883
IPE_003250,trade_secret,knowledge_extraction,legal_document,de,manufacturing,True,trade_secret,0.904
IPE_003251,trade_secret,knowledge_extraction,technical_report,fr,aerospace,True,trade_secret,0.827
IPE_003252,trade_secret,relation_extraction,research_paper,ja,manufacturing,True,trade_secret,0.881
IPE_003253,trade_secret,knowledge_extraction,meeting_minutes,de,energy,True,trade_secret,0.838
IPE_003254,trade_secret,relation_extraction,technical_report,zh,energy,True,trade_secret,0.91
IPE_003255,trade_secret,ip_detection,research_paper,es,biotechnology,True,trade_secret,0.837
IPE_003256,trade_secret,relation_extraction,patent_application,es,energy,True,trade_secret,0.874
IPE_003257,trade_secret,knowledge_extraction,technical_report,en,software,True,trade_secret,0.87
IPE_003258,trade_secret,relation_extraction,meeting_minutes,en,pharmaceutical,True,trade_secret,0.866
IPE_003259,trade_secret,knowledge_extraction,meeting_minutes,en,biotechnology,True,trade_secret,0.874
IPE_003260,trade_secret,knowledge_extraction,technical_report,de,software,True,trade_secret,0.851
IPE_003261,trade_secret,entity_recognition,patent_application,zh,automotive,True,trade_secret,0.901
IPE_003262,trade_secret,ip_detection,technical_report,zh,software,True,trade_secret,0.853
IPE_003263,trade_secret,ip_detection,patent_application,en,software,True,trade_secret,0.81
IPE_003264,trade_secret,knowledge_extraction,research_paper,ja,biotechnology,True,trade_secret,0.875
IPE_003265,trade_secret,ip_detection,research_paper,es,automotive,True,trade_secret,0.912
IPE_003266,trade_secret,relation_extraction,technical_report,fr,automotive,True,trade_secret,0.834
IPE_003267,trade_secret,relation_extraction,research_paper,fr,energy,True,trade_secret,0.839
IPE_003268,trade_secret,relation_extraction,research_paper,de,automotive,True,trade_secret,0.941
IPE_003269,trade_secret,entity_recognition,technical_report,ja,software,True,trade_secret,0.859
IPE_003270,trade_secret,knowledge_extraction,meeting_minutes,de,aerospace,True,trade_secret,0.874
IPE_003271,trade_secret,entity_recognition,research_paper,fr,software,True,trade_secret,0.852
IPE_003272,trade_secret,knowledge_extraction,patent_application,zh,manufacturing,True,trade_secret,0.932
IPE_003273,trade_secret,knowledge_extraction,legal_document,ja,software,True,trade_secret,0.908
IPE_003274,trade_secret,ip_detection,legal_document,en,pharmaceutical,True,trade_secret,0.874
IPE_003275,trade_secret,ip_detection,legal_document,fr,energy,True,trade_secret,0.834
IPE_003276,trade_secret,knowledge_extraction,patent_application,de,manufacturing,True,trade_secret,0.816
IPE_003277,trade_secret,ip_detection,technical_report,zh,automotive,True,trade_secret,0.83
IPE_003278,trade_secret,knowledge_extraction,patent_application,zh,manufacturing,True,trade_secret,0.883
IPE_003279,trade_secret,knowledge_extraction,patent_application,de,energy,True,trade_secret,0.941
IPE_003280,trade_secret,relation_extraction,legal_document,ja,software,True,trade_secret,0.869
IPE_003281,trade_secret,knowledge_extraction,technical_report,fr,manufacturing,True,trade_secret,0.843
IPE_003282,trade_secret,knowledge_extraction,research_paper,fr,automotive,True,trade_secret,0.916
IPE_003283,trade_secret,entity_recognition,meeting_minutes,zh,pharmaceutical,True,trade_secret,0.82
IPE_003284,trade_secret,relation_extraction,research_paper,fr,aerospace,True,trade_secret,0.873
IPE_003285,trade_secret,relation_extraction,meeting_minutes,zh,automotive,True,trade_secret,0.913
IPE_003286,trade_secret,ip_detection,legal_document,zh,manufacturing,True,trade_secret,0.85
IPE_003287,trade_secret,entity_recognition,legal_document,fr,aerospace,True,trade_secret,0.845
IPE_003288,trade_secret,entity_recognition,meeting_minutes,es,pharmaceutical,True,trade_secret,0.949
IPE_003289,trade_secret,knowledge_extraction,meeting_minutes,en,software,True,trade_secret,0.838
IPE_003290,trade_secret,entity_recognition,patent_application,zh,aerospace,True,trade_secret,0.837
IPE_003291,trade_secret,relation_extraction,research_paper,zh,software,True,trade_secret,0.868
IPE_003292,trade_secret,entity_recognition,meeting_minutes,es,manufacturing,True,trade_secret,0.887
IPE_003293,trade_secret,knowledge_extraction,patent_application,ja,software,True,trade_secret,0.829
IPE_003294,trade_secret,knowledge_extraction,technical_report,zh,automotive,True,trade_secret,0.88
IPE_003295,trade_secret,ip_detection,research_paper,fr,pharmaceutical,True,trade_secret,0.881
IPE_003296,trade_secret,knowledge_extraction,patent_application,ja,manufacturing,True,trade_secret,0.896
IPE_003297,trade_secret,knowledge_extraction,meeting_minutes,fr,aerospace,True,trade_secret,0.887
IPE_003298,trade_secret,relation_extraction,research_paper,es,pharmaceutical,True,trade_secret,0.932
IPE_003299,trade_secret,entity_recognition,technical_report,ja,biotechnology,True,trade_secret,0.908
IPE_003300,trade_secret,relation_extraction,technical_report,zh,automotive,True,trade_secret,0.93
IPE_003301,trade_secret,relation_extraction,legal_document,fr,aerospace,True,trade_secret,0.805
IPE_003302,trade_secret,relation_extraction,meeting_minutes,en,pharmaceutical,True,trade_secret,0.907
IPE_003303,trade_secret,ip_detection,patent_application,de,biotechnology,True,trade_secret,0.927
IPE_003304,trade_secret,relation_extraction,research_paper,es,manufacturing,True,trade_secret,0.88
IPE_003305,trade_secret,knowledge_extraction,technical_report,en,software,True,trade_secret,0.809
IPE_003306,trade_secret,entity_recognition,patent_application,es,aerospace,True,trade_secret,0.819
IPE_003307,trade_secret,knowledge_extraction,research_paper,zh,software,True,trade_secret,0.916
IPE_003308,trade_secret,knowledge_extraction,research_paper,de,biotechnology,True,trade_secret,0.869
IPE_003309,trade_secret,ip_detection,technical_report,zh,energy,True,trade_secret,0.804
IPE_003310,trade_secret,knowledge_extraction,meeting_minutes,de,pharmaceutical,True,trade_secret,0.854
IPE_003311,trade_secret,ip_detection,research_paper,zh,software,True,trade_secret,0.897
IPE_003312,trade_secret,relation_extraction,patent_application,es,energy,True,trade_secret,0.84
IPE_003313,trade_secret,entity_recognition,research_paper,zh,pharmaceutical,True,trade_secret,0.895
IPE_003314,trade_secret,knowledge_extraction,patent_application,de,biotechnology,True,trade_secret,0.873
IPE_003315,trade_secret,relation_extraction,meeting_minutes,fr,biotechnology,True,trade_secret,0.87
IPE_003316,trade_secret,knowledge_extraction,meeting_minutes,en,automotive,True,trade_secret,0.823
IPE_003317,trade_secret,knowledge_extraction,technical_report,en,biotechnology,True,trade_secret,0.849
IPE_003318,trade_secret,knowledge_extraction,technical_report,fr,energy,True,trade_secret,0.844
IPE_003319,trade_secret,knowledge_extraction,legal_document,fr,energy,True,trade_secret,0.905
IPE_003320,trade_secret,entity_recognition,research_paper,fr,automotive,True,trade_secret,0.921
IPE_003321,trade_secret,ip_detection,technical_report,de,biotechnology,True,trade_secret,0.921
IPE_003322,trade_secret,entity_recognition,legal_document,de,automotive,True,trade_secret,0.869
IPE_003323,trade_secret,relation_extraction,research_paper,fr,aerospace,True,trade_secret,0.853
IPE_003324,trade_secret,knowledge_extraction,meeting_minutes,es,energy,True,trade_secret,0.813
IPE_003325,trade_secret,relation_extraction,meeting_minutes,en,manufacturing,True,trade_secret,0.947
IPE_003326,trade_secret,relation_extraction,research_paper,zh,manufacturing,True,trade_secret,0.865
IPE_003327,trade_secret,ip_detection,technical_report,fr,biotechnology,True,trade_secret,0.802
IPE_003328,trade_secret,relation_extraction,research_paper,de,energy,True,trade_secret,0.801
IPE_003329,trade_secret,relation_extraction,patent_application,zh,software,True,trade_secret,0.933
IPE_003330,trade_secret,entity_recognition,patent_application,ja,pharmaceutical,True,trade_secret,0.922
IPE_003331,trade_secret,relation_extraction,patent_application,ja,pharmaceutical,True,trade_secret,0.893
IPE_003332,trade_secret,knowledge_extraction,meeting_minutes,es,energy,True,trade_secret,0.919
IPE_003333,trade_secret,ip_detection,technical_report,zh,energy,True,trade_secret,0.901
IPE_003334,trade_secret,relation_extraction,legal_document,fr,software,True,trade_secret,0.935
IPE_003335,trade_secret,ip_detection,meeting_minutes,en,aerospace,True,trade_secret,0.9
IPE_003336,trade_secret,ip_detection,meeting_minutes,de,biotechnology,True,trade_secret,0.836
IPE_003337,trade_secret,ip_detection,patent_application,zh,biotechnology,True,trade_secret,0.907
IPE_003338,trade_secret,knowledge_extraction,research_paper,fr,software,True,trade_secret,0.836
IPE_003339,trade_secret,relation_extraction,legal_document,fr,energy,True,trade_secret,0.929
IPE_003340,trade_secret,knowledge_extraction,meeting_minutes,es,biotechnology,True,trade_secret,0.831
IPE_003341,trade_secret,ip_detection,legal_document,zh,automotive,True,trade_secret,0.817
IPE_003342,trade_secret,knowledge_extraction,technical_report,de,software,True,trade_secret,0.926
IPE_003343,trade_secret,entity_recognition,research_paper,fr,automotive,True,trade_secret,0.869
IPE_003344,trade_secret,knowledge_extraction,technical_report,de,aerospace,True,trade_secret,0.833
IPE_003345,trade_secret,relation_extraction,patent_application,en,software,True,trade_secret,0.835
IPE_003346,trade_secret,relation_extraction,meeting_minutes,en,pharmaceutical,True,trade_secret,0.869
IPE_003347,trade_secret,relation_extraction,legal_document,es,biotechnology,True,trade_secret,0.861
IPE_003348,trade_secret,relation_extraction,technical_report,ja,manufacturing,True,trade_secret,0.875
IPE_003349,trade_secret,knowledge_extraction,patent_application,fr,manufacturing,True,trade_secret,0.927
IPE_003350,trade_secret,entity_recognition,patent_application,fr,automotive,True,trade_secret,0.912
IPE_003351,trade_secret,entity_recognition,research_paper,de,pharmaceutical,True,trade_secret,0.949
IPE_003352,trade_secret,entity_recognition,legal_document,en,manufacturing,True,trade_secret,0.83
IPE_003353,trade_secret,knowledge_extraction,patent_application,ja,automotive,True,trade_secret,0.95
IPE_003354,trade_secret,ip_detection,meeting_minutes,ja,automotive,True,trade_secret,0.806
IPE_003355,trade_secret,entity_recognition,technical_report,zh,biotechnology,True,trade_secret,0.91
IPE_003356,trade_secret,knowledge_extraction,legal_document,fr,automotive,True,trade_secret,0.931
IPE_003357,trade_secret,relation_extraction,legal_document,fr,automotive,True,trade_secret,0.914
IPE_003358,trade_secret,entity_recognition,meeting_minutes,en,manufacturing,True,trade_secret,0.826
IPE_003359,trade_secret,entity_recognition,technical_report,zh,pharmaceutical,True,trade_secret,0.832
IPE_003360,trade_secret,knowledge_extraction,legal_document,en,aerospace,True,trade_secret,0.875
IPE_003361,trade_secret,ip_detection,legal_document,fr,software,True,trade_secret,0.852
IPE_003362,trade_secret,knowledge_extraction,legal_document,zh,automotive,True,trade_secret,0.95
IPE_003363,trade_secret,relation_extraction,patent_application,zh,automotive,True,trade_secret,0.916
IPE_003364,trade_secret,relation_extraction,meeting_minutes,es,biotechnology,True,trade_secret,0.842
IPE_003365,trade_secret,knowledge_extraction,patent_application,en,manufacturing,True,trade_secret,0.88
IPE_003366,trade_secret,ip_detection,meeting_minutes,fr,manufacturing,True,trade_secret,0.879
IPE_003367,trade_secret,ip_detection,patent_application,de,biotechnology,True,trade_secret,0.947
IPE_003368,trade_secret,entity_recognition,patent_application,en,pharmaceutical,True,trade_secret,0.832
IPE_003369,trade_secret,relation_extraction,technical_report,ja,biotechnology,True,trade_secret,0.851
IPE_003370,trade_secret,knowledge_extraction,legal_document,ja,automotive,True,trade_secret,0.854
IPE_003371,trade_secret,ip_detection,research_paper,ja,pharmaceutical,True,trade_secret,0.859
IPE_003372,trade_secret,entity_recognition,research_paper,ja,biotechnology,True,trade_secret,0.922
IPE_003373,trade_secret,entity_recognition,technical_report,en,automotive,True,trade_secret,0.941
IPE_003374,trade_secret,entity_recognition,meeting_minutes,ja,automotive,True,trade_secret,0.853
IPE_003375,trade_secret,knowledge_extraction,technical_report,zh,automotive,True,trade_secret,0.874
IPE_003376,trade_secret,entity_recognition,patent_application,zh,aerospace,True,trade_secret,0.868
IPE_003377,trade_secret,relation_extraction,patent_application,de,pharmaceutical,True,trade_secret,0.853
IPE_003378,trade_secret,ip_detection,meeting_minutes,de,energy,True,trade_secret,0.833
IPE_003379,trade_secret,knowledge_extraction,legal_document,ja,manufacturing,True,trade_secret,0.908
IPE_003380,trade_secret,ip_detection,research_paper,de,aerospace,True,trade_secret,0.83
IPE_003381,trade_secret,entity_recognition,patent_application,es,energy,True,trade_secret,0.837
IPE_003382,trade_secret,relation_extraction,patent_application,fr,biotechnology,True,trade_secret,0.838
IPE_003383,trade_secret,relation_extraction,legal_document,zh,automotive,True,trade_secret,0.808
IPE_003384,trade_secret,entity_recognition,legal_document,de,software,True,trade_secret,0.866
IPE_003385,trade_secret,relation_extraction,patent_application,fr,energy,True,trade_secret,0.878
IPE_003386,trade_secret,relation_extraction,patent_application,ja,aerospace,True,trade_secret,0.88
IPE_003387,trade_secret,entity_recognition,meeting_minutes,ja,energy,True,trade_secret,0.827
IPE_003388,trade_secret,knowledge_extraction,legal_document,ja,energy,True,trade_secret,0.824
IPE_003389,trade_secret,ip_detection,legal_document,zh,manufacturing,True,trade_secret,0.811
IPE_003390,trade_secret,knowledge_extraction,research_paper,es,automotive,True,trade_secret,0.86
IPE_003391,trade_secret,entity_recognition,patent_application,zh,manufacturing,True,trade_secret,0.882
IPE_003392,trade_secret,relation_extraction,patent_application,es,aerospace,True,trade_secret,0.82
IPE_003393,trade_secret,relation_extraction,meeting_minutes,es,aerospace,True,trade_secret,0.88
IPE_003394,trade_secret,entity_recognition,legal_document,zh,aerospace,True,trade_secret,0.89
IPE_003395,trade_secret,entity_recognition,legal_document,es,energy,True,trade_secret,0.834
IPE_003396,trade_secret,entity_recognition,research_paper,es,biotechnology,True,trade_secret,0.945
IPE_003397,trade_secret,ip_detection,patent_application,ja,pharmaceutical,True,trade_secret,0.928
IPE_003398,trade_secret,entity_recognition,legal_document,fr,software,True,trade_secret,0.928
IPE_003399,trade_secret,knowledge_extraction,meeting_minutes,zh,automotive,True,trade_secret,0.911
IPE_003400,trade_secret,relation_extraction,technical_report,en,biotechnology,True,trade_secret,0.881
IPE_003401,trade_secret,knowledge_extraction,research_paper,fr,biotechnology,True,trade_secret,0.941
IPE_003402,trade_secret,entity_recognition,meeting_minutes,es,energy,True,trade_secret,0.892
IPE_003403,trade_secret,relation_extraction,meeting_minutes,zh,biotechnology,True,trade_secret,0.877
IPE_003404,trade_secret,ip_detection,legal_document,en,aerospace,True,trade_secret,0.93
IPE_003405,trade_secret,ip_detection,research_paper,fr,biotechnology,True,trade_secret,0.821
IPE_003406,trade_secret,relation_extraction,legal_document,de,biotechnology,True,trade_secret,0.849
IPE_003407,trade_secret,relation_extraction,patent_application,es,manufacturing,True,trade_secret,0.903
IPE_003408,trade_secret,knowledge_extraction,legal_document,de,automotive,True,trade_secret,0.906
IPE_003409,trade_secret,entity_recognition,meeting_minutes,es,energy,True,trade_secret,0.831
IPE_003410,trade_secret,relation_extraction,research_paper,fr,pharmaceutical,True,trade_secret,0.892
IPE_003411,trade_secret,entity_recognition,research_paper,de,aerospace,True,trade_secret,0.815
IPE_003412,trade_secret,ip_detection,meeting_minutes,fr,software,True,trade_secret,0.828
IPE_003413,trade_secret,ip_detection,meeting_minutes,ja,aerospace,True,trade_secret,0.898
IPE_003414,trade_secret,knowledge_extraction,meeting_minutes,de,pharmaceutical,True,trade_secret,0.825
IPE_003415,trade_secret,knowledge_extraction,research_paper,es,energy,True,trade_secret,0.813
IPE_003416,trade_secret,entity_recognition,technical_report,zh,manufacturing,True,trade_secret,0.943
IPE_003417,trade_secret,relation_extraction,patent_application,ja,energy,True,trade_secret,0.827
IPE_003418,trade_secret,entity_recognition,research_paper,zh,aerospace,True,trade_secret,0.861
IPE_003419,trade_secret,ip_detection,legal_document,en,automotive,True,trade_secret,0.812
IPE_003420,trade_secret,entity_recognition,meeting_minutes,en,manufacturing,True,trade_secret,0.868
IPE_003421,trade_secret,ip_detection,meeting_minutes,ja,software,True,trade_secret,0.918
IPE_003422,trade_secret,ip_detection,legal_document,de,energy,True,trade_secret,0.808
IPE_003423,trade_secret,relation_extraction,technical_report,en,pharmaceutical,True,trade_secret,0.947
IPE_003424,trade_secret,relation_extraction,technical_report,en,automotive,True,trade_secret,0.843
IPE_003425,trade_secret,knowledge_extraction,technical_report,es,aerospace,True,trade_secret,0.926
IPE_003426,trade_secret,entity_recognition,technical_report,fr,pharmaceutical,True,trade_secret,0.949
IPE_003427,trade_secret,relation_extraction,patent_application,en,pharmaceutical,True,trade_secret,0.908
IPE_003428,trade_secret,ip_detection,technical_report,fr,energy,True,trade_secret,0.834
IPE_003429,trade_secret,relation_extraction,legal_document,en,manufacturing,True,trade_secret,0.861
IPE_003430,trade_secret,knowledge_extraction,patent_application,zh,software,True,trade_secret,0.807
IPE_003431,trade_secret,knowledge_extraction,legal_document,es,manufacturing,True,trade_secret,0.824
IPE_003432,trade_secret,knowledge_extraction,research_paper,es,aerospace,True,trade_secret,0.942
IPE_003433,trade_secret,relation_extraction,patent_application,fr,pharmaceutical,True,trade_secret,0.805
IPE_003434,trade_secret,ip_detection,patent_application,zh,manufacturing,True,trade_secret,0.897
IPE_003435,trade_secret,relation_extraction,technical_report,zh,aerospace,True,trade_secret,0.846
IPE_003436,trade_secret,entity_recognition,legal_document,en,aerospace,True,trade_secret,0.882
IPE_003437,trade_secret,ip_detection,patent_application,es,biotechnology,True,trade_secret,0.91
IPE_003438,trade_secret,entity_recognition,research_paper,ja,biotechnology,True,trade_secret,0.904
IPE_003439,trade_secret,relation_extraction,research_paper,fr,aerospace,True,trade_secret,0.836
IPE_003440,trade_secret,entity_recognition,research_paper,ja,biotechnology,True,trade_secret,0.898
IPE_003441,trade_secret,entity_recognition,technical_report,fr,software,True,trade_secret,0.804
IPE_003442,trade_secret,relation_extraction,legal_document,de,biotechnology,True,trade_secret,0.947
IPE_003443,trade_secret,entity_recognition,research_paper,de,biotechnology,True,trade_secret,0.846
IPE_003444,trade_secret,relation_extraction,meeting_minutes,fr,biotechnology,True,trade_secret,0.917
IPE_003445,trade_secret,entity_recognition,patent_application,de,biotechnology,True,trade_secret,0.933
IPE_003446,trade_secret,entity_recognition,patent_application,en,software,True,trade_secret,0.831
IPE_003447,trade_secret,relation_extraction,legal_document,ja,software,True,trade_secret,0.904
IPE_003448,trade_secret,knowledge_extraction,technical_report,es,biotechnology,True,trade_secret,0.836
IPE_003449,trade_secret,relation_extraction,research_paper,de,manufacturing,True,trade_secret,0.87
IPE_003450,trade_secret,entity_recognition,meeting_minutes,zh,energy,True,trade_secret,0.838
IPE_003451,trade_secret,relation_extraction,legal_document,ja,aerospace,True,trade_secret,0.902
IPE_003452,trade_secret,relation_extraction,research_paper,ja,biotechnology,True,trade_secret,0.909
IPE_003453,trade_secret,knowledge_extraction,legal_document,ja,manufacturing,True,trade_secret,0.802
IPE_003454,trade_secret,ip_detection,technical_report,fr,aerospace,True,trade_secret,0.859
IPE_003455,trade_secret,ip_detection,patent_application,fr,software,True,trade_secret,0.907
IPE_003456,trade_secret,entity_recognition,patent_application,fr,energy,True,trade_secret,0.826
IPE_003457,trade_secret,relation_extraction,legal_document,es,software,True,trade_secret,0.908
IPE_003458,trade_secret,ip_detection,meeting_minutes,zh,aerospace,True,trade_secret,0.864
IPE_003459,trade_secret,ip_detection,legal_document,ja,automotive,True,trade_secret,0.807
IPE_003460,trade_secret,knowledge_extraction,meeting_minutes,ja,aerospace,True,trade_secret,0.899
IPE_003461,trade_secret,entity_recognition,research_paper,ja,pharmaceutical,True,trade_secret,0.938
IPE_003462,trade_secret,relation_extraction,meeting_minutes,zh,aerospace,True,trade_secret,0.881
IPE_003463,trade_secret,entity_recognition,technical_report,fr,energy,True,trade_secret,0.823
IPE_003464,trade_secret,ip_detection,research_paper,de,aerospace,True,trade_secret,0.801
IPE_003465,trade_secret,entity_recognition,patent_application,de,software,True,trade_secret,0.94
IPE_003466,trade_secret,knowledge_extraction,technical_report,es,software,True,trade_secret,0.862
IPE_003467,trade_secret,relation_extraction,legal_document,es,aerospace,True,trade_secret,0.862
IPE_003468,trade_secret,entity_recognition,legal_document,ja,aerospace,True,trade_secret,0.946
IPE_003469,trade_secret,entity_recognition,meeting_minutes,en,aerospace,True,trade_secret,0.911
IPE_003470,trade_secret,relation_extraction,research_paper,zh,software,True,trade_secret,0.929
IPE_003471,trade_secret,knowledge_extraction,legal_document,zh,software,True,trade_secret,0.857
IPE_003472,trade_secret,ip_detection,research_paper,zh,pharmaceutical,True,trade_secret,0.814
IPE_003473,trade_secret,relation_extraction,legal_document,fr,biotechnology,True,trade_secret,0.937
IPE_003474,trade_secret,relation_extraction,technical_report,de,aerospace,True,trade_secret,0.843
IPE_003475,trade_secret,entity_recognition,patent_application,es,manufacturing,True,trade_secret,0.845
IPE_003476,trade_secret,knowledge_extraction,legal_document,zh,pharmaceutical,True,trade_secret,0.854
IPE_003477,trade_secret,entity_recognition,meeting_minutes,de,biotechnology,True,trade_secret,0.94
IPE_003478,trade_secret,relation_extraction,research_paper,es,energy,True,trade_secret,0.839
IPE_003479,trade_secret,relation_extraction,legal_document,ja,aerospace,True,trade_secret,0.86
IPE_003480,trade_secret,relation_extraction,patent_application,zh,biotechnology,True,trade_secret,0.916
IPE_003481,trade_secret,entity_recognition,meeting_minutes,es,pharmaceutical,True,trade_secret,0.9
IPE_003482,trade_secret,entity_recognition,meeting_minutes,de,biotechnology,True,trade_secret,0.924
IPE_003483,trade_secret,ip_detection,research_paper,fr,energy,True,trade_secret,0.847
IPE_003484,trade_secret,knowledge_extraction,technical_report,en,aerospace,True,trade_secret,0.857
IPE_003485,trade_secret,relation_extraction,legal_document,ja,automotive,True,trade_secret,0.844
IPE_003486,trade_secret,entity_recognition,research_paper,ja,manufacturing,True,trade_secret,0.877
IPE_003487,trade_secret,relation_extraction,technical_report,en,biotechnology,True,trade_secret,0.886
IPE_003488,trade_secret,relation_extraction,legal_document,ja,pharmaceutical,True,trade_secret,0.939
IPE_003489,trade_secret,relation_extraction,patent_application,ja,automotive,True,trade_secret,0.814
IPE_003490,trade_secret,relation_extraction,patent_application,en,manufacturing,True,trade_secret,0.817
IPE_003491,trade_secret,ip_detection,legal_document,de,manufacturing,True,trade_secret,0.913
IPE_003492,trade_secret,ip_detection,technical_report,zh,pharmaceutical,True,trade_secret,0.855
IPE_003493,trade_secret,ip_detection,meeting_minutes,es,biotechnology,True,trade_secret,0.801
IPE_003494,trade_secret,ip_detection,technical_report,es,software,True,trade_secret,0.832
IPE_003495,trade_secret,ip_detection,research_paper,zh,pharmaceutical,True,trade_secret,0.818
IPE_003496,trade_secret,relation_extraction,research_paper,fr,manufacturing,True,trade_secret,0.905
IPE_003497,trade_secret,relation_extraction,meeting_minutes,zh,manufacturing,True,trade_secret,0.89
IPE_003498,trade_secret,relation_extraction,legal_document,de,manufacturing,True,trade_secret,0.861
IPE_003499,trade_secret,relation_extraction,research_paper,en,energy,True,trade_secret,0.877
IPE_003500,trade_secret,entity_recognition,technical_report,en,pharmaceutical,True,trade_secret,0.861
IPE_003501,trade_secret,knowledge_extraction,research_paper,es,software,True,trade_secret,0.81
IPE_003502,trade_secret,relation_extraction,patent_application,ja,aerospace,True,trade_secret,0.837
IPE_003503,trade_secret,ip_detection,meeting_minutes,ja,aerospace,True,trade_secret,0.83
IPE_003504,trade_secret,ip_detection,technical_report,ja,automotive,True,trade_secret,0.855
IPE_003505,trade_secret,relation_extraction,patent_application,de,software,True,trade_secret,0.949
IPE_003506,trade_secret,knowledge_extraction,legal_document,zh,automotive,True,trade_secret,0.927
IPE_003507,trade_secret,knowledge_extraction,legal_document,de,energy,True,trade_secret,0.897
IPE_003508,trade_secret,relation_extraction,technical_report,fr,manufacturing,True,trade_secret,0.893
IPE_003509,trade_secret,relation_extraction,meeting_minutes,es,software,True,trade_secret,0.82
IPE_003510,trade_secret,knowledge_extraction,legal_document,en,automotive,True,trade_secret,0.8
IPE_003511,trade_secret,entity_recognition,research_paper,en,pharmaceutical,True,trade_secret,0.835
IPE_003512,trade_secret,knowledge_extraction,research_paper,fr,aerospace,True,trade_secret,0.855
IPE_003513,trade_secret,ip_detection,legal_document,de,aerospace,True,trade_secret,0.919
IPE_003514,trade_secret,relation_extraction,technical_report,ja,energy,True,trade_secret,0.806
IPE_003515,trade_secret,entity_recognition,patent_application,es,pharmaceutical,True,trade_secret,0.949
IPE_003516,trade_secret,knowledge_extraction,legal_document,ja,pharmaceutical,True,trade_secret,0.907
IPE_003517,trade_secret,entity_recognition,meeting_minutes,de,biotechnology,True,trade_secret,0.907
IPE_003518,trade_secret,relation_extraction,research_paper,de,automotive,True,trade_secret,0.821
IPE_003519,trade_secret,ip_detection,technical_report,de,aerospace,True,trade_secret,0.915
IPE_003520,trade_secret,knowledge_extraction,research_paper,en,pharmaceutical,True,trade_secret,0.857
IPE_003521,trade_secret,entity_recognition,research_paper,de,pharmaceutical,True,trade_secret,0.94
IPE_003522,trade_secret,ip_detection,patent_application,es,automotive,True,trade_secret,0.874
IPE_003523,trade_secret,relation_extraction,meeting_minutes,en,energy,True,trade_secret,0.896
IPE_003524,trade_secret,entity_recognition,research_paper,ja,biotechnology,True,trade_secret,0.805
IPE_003525,trade_secret,knowledge_extraction,patent_application,ja,aerospace,True,trade_secret,0.908
IPE_003526,trade_secret,knowledge_extraction,patent_application,en,manufacturing,True,trade_secret,0.9
IPE_003527,trade_secret,knowledge_extraction,research_paper,fr,software,True,trade_secret,0.948
IPE_003528,trade_secret,entity_recognition,legal_document,es,manufacturing,True,trade_secret,0.931
IPE_003529,trade_secret,knowledge_extraction,meeting_minutes,ja,manufacturing,True,trade_secret,0.824
IPE_003530,trade_secret,relation_extraction,legal_document,es,aerospace,True,trade_secret,0.881
IPE_003531,trade_secret,entity_recognition,research_paper,fr,manufacturing,True,trade_secret,0.91
IPE_003532,trade_secret,ip_detection,meeting_minutes,es,software,True,trade_secret,0.817
IPE_003533,trade_secret,ip_detection,legal_document,de,pharmaceutical,True,trade_secret,0.916
IPE_003534,trade_secret,knowledge_extraction,meeting_minutes,en,pharmaceutical,True,trade_secret,0.833
IPE_003535,trade_secret,relation_extraction,legal_document,es,automotive,True,trade_secret,0.898
IPE_003536,trade_secret,relation_extraction,patent_application,zh,energy,True,trade_secret,0.863
IPE_003537,trade_secret,knowledge_extraction,meeting_minutes,es,manufacturing,True,trade_secret,0.935
IPE_003538,trade_secret,knowledge_extraction,technical_report,es,manufacturing,True,trade_secret,0.889
IPE_003539,trade_secret,entity_recognition,technical_report,de,pharmaceutical,True,trade_secret,0.872
IPE_003540,trade_secret,entity_recognition,technical_report,es,biotechnology,True,trade_secret,0.833
IPE_003541,trade_secret,entity_recognition,patent_application,es,pharmaceutical,True,trade_secret,0.923
IPE_003542,trade_secret,relation_extraction,technical_report,en,aerospace,True,trade_secret,0.828
IPE_003543,trade_secret,relation_extraction,technical_report,de,biotechnology,True,trade_secret,0.877
IPE_003544,trade_secret,relation_extraction,technical_report,de,aerospace,True,trade_secret,0.895
IPE_003545,trade_secret,relation_extraction,technical_report,en,pharmaceutical,True,trade_secret,0.824
IPE_003546,trade_secret,knowledge_extraction,research_paper,es,biotechnology,True,trade_secret,0.828
IPE_003547,trade_secret,relation_extraction,patent_application,fr,biotechnology,True,trade_secret,0.941
IPE_003548,trade_secret,ip_detection,patent_application,es,automotive,True,trade_secret,0.817
IPE_003549,trade_secret,ip_detection,technical_report,ja,biotechnology,True,trade_secret,0.885
IPE_003550,trade_secret,ip_detection,technical_report,ja,aerospace,True,trade_secret,0.872
IPE_003551,trade_secret,entity_recognition,patent_application,fr,aerospace,True,trade_secret,0.916
IPE_003552,trade_secret,knowledge_extraction,legal_document,en,automotive,True,trade_secret,0.865
IPE_003553,trade_secret,relation_extraction,research_paper,zh,energy,True,trade_secret,0.922
IPE_003554,trade_secret,entity_recognition,research_paper,ja,aerospace,True,trade_secret,0.936
IPE_003555,trade_secret,ip_detection,research_paper,de,software,True,trade_secret,0.864
IPE_003556,trade_secret,knowledge_extraction,research_paper,fr,biotechnology,True,trade_secret,0.92
IPE_003557,trade_secret,relation_extraction,meeting_minutes,en,aerospace,True,trade_secret,0.835
IPE_003558,trade_secret,entity_recognition,patent_application,de,aerospace,True,trade_secret,0.828
IPE_003559,trade_secret,relation_extraction,meeting_minutes,zh,automotive,True,trade_secret,0.849
IPE_003560,trade_secret,ip_detection,technical_report,fr,manufacturing,True,trade_secret,0.903
IPE_003561,trade_secret,knowledge_extraction,legal_document,fr,pharmaceutical,True,trade_secret,0.932
IPE_003562,trade_secret,relation_extraction,legal_document,de,manufacturing,True,trade_secret,0.856
IPE_003563,trade_secret,ip_detection,research_paper,es,pharmaceutical,True,trade_secret,0.888
IPE_003564,trade_secret,entity_recognition,meeting_minutes,fr,pharmaceutical,True,trade_secret,0.941
IPE_003565,trade_secret,ip_detection,meeting_minutes,zh,automotive,True,trade_secret,0.834
IPE_003566,trade_secret,relation_extraction,meeting_minutes,es,software,True,trade_secret,0.866
IPE_003567,trade_secret,ip_detection,research_paper,de,aerospace,True,trade_secret,0.84
IPE_003568,trade_secret,ip_detection,meeting_minutes,zh,automotive,True,trade_secret,0.881
IPE_003569,trade_secret,entity_recognition,meeting_minutes,en,automotive,True,trade_secret,0.898
IPE_003570,trade_secret,relation_extraction,meeting_minutes,fr,software,True,trade_secret,0.894
IPE_003571,trade_secret,relation_extraction,patent_application,de,aerospace,True,trade_secret,0.817
IPE_003572,trade_secret,knowledge_extraction,meeting_minutes,fr,biotechnology,True,trade_secret,0.824
IPE_003573,trade_secret,ip_detection,patent_application,zh,pharmaceutical,True,trade_secret,0.939
IPE_003574,trade_secret,relation_extraction,legal_document,de,software,True,trade_secret,0.928
IPE_003575,trade_secret,ip_detection,research_paper,en,software,True,trade_secret,0.839
IPE_003576,trade_secret,entity_recognition,technical_report,es,aerospace,True,trade_secret,0.834
IPE_003577,trade_secret,relation_extraction,legal_document,zh,manufacturing,True,trade_secret,0.819
IPE_003578,trade_secret,knowledge_extraction,meeting_minutes,fr,energy,True,trade_secret,0.895
IPE_003579,trade_secret,entity_recognition,meeting_minutes,ja,biotechnology,True,trade_secret,0.831
IPE_003580,trade_secret,entity_recognition,technical_report,zh,aerospace,True,trade_secret,0.922
IPE_003581,trade_secret,knowledge_extraction,meeting_minutes,ja,manufacturing,True,trade_secret,0.901
IPE_003582,trade_secret,knowledge_extraction,technical_report,zh,energy,True,trade_secret,0.802
IPE_003583,trade_secret,knowledge_extraction,patent_application,de,manufacturing,True,trade_secret,0.81
IPE_003584,trade_secret,entity_recognition,legal_document,ja,software,True,trade_secret,0.823
IPE_003585,trade_secret,knowledge_extraction,technical_report,ja,pharmaceutical,True,trade_secret,0.878
IPE_003586,trade_secret,ip_detection,meeting_minutes,zh,pharmaceutical,True,trade_secret,0.85
IPE_003587,trade_secret,knowledge_extraction,research_paper,en,software,True,trade_secret,0.907
IPE_003588,trade_secret,relation_extraction,technical_report,zh,aerospace,True,trade_secret,0.95
IPE_003589,trade_secret,entity_recognition,patent_application,fr,energy,True,trade_secret,0.942
IPE_003590,trade_secret,relation_extraction,technical_report,es,energy,True,trade_secret,0.802
IPE_003591,trade_secret,ip_detection,research_paper,de,manufacturing,True,trade_secret,0.807
IPE_003592,trade_secret,relation_extraction,patent_application,zh,energy,True,trade_secret,0.818
IPE_003593,trade_secret,entity_recognition,technical_report,es,aerospace,True,trade_secret,0.936
IPE_003594,trade_secret,entity_recognition,patent_application,es,biotechnology,True,trade_secret,0.908
IPE_003595,trade_secret,relation_extraction,meeting_minutes,es,manufacturing,True,trade_secret,0.941
IPE_003596,trade_secret,entity_recognition,legal_document,ja,software,True,trade_secret,0.825
IPE_003597,trade_secret,knowledge_extraction,research_paper,fr,biotechnology,True,trade_secret,0.922
IPE_003598,trade_secret,entity_recognition,research_paper,ja,automotive,True,trade_secret,0.928
IPE_003599,trade_secret,ip_detection,patent_application,es,automotive,True,trade_secret,0.856
IPE_003600,trade_secret,knowledge_extraction,meeting_minutes,fr,software,True,trade_secret,0.816
IPE_003601,trade_secret,entity_recognition,patent_application,zh,energy,True,trade_secret,0.822
IPE_003602,trade_secret,entity_recognition,meeting_minutes,zh,energy,True,trade_secret,0.945
IPE_003603,trade_secret,knowledge_extraction,meeting_minutes,ja,biotechnology,True,trade_secret,0.808
IPE_003604,trade_secret,ip_detection,research_paper,zh,automotive,True,trade_secret,0.858
IPE_003605,trade_secret,entity_recognition,patent_application,ja,pharmaceutical,True,trade_secret,0.859
IPE_003606,trade_secret,ip_detection,research_paper,ja,software,True,trade_secret,0.82
IPE_003607,trade_secret,relation_extraction,patent_application,de,automotive,True,trade_secret,0.912
IPE_003608,trade_secret,knowledge_extraction,research_paper,de,aerospace,True,trade_secret,0.844
IPE_003609,trade_secret,ip_detection,research_paper,es,energy,True,trade_secret,0.899
IPE_003610,trade_secret,knowledge_extraction,research_paper,de,automotive,True,trade_secret,0.92
IPE_003611,trade_secret,entity_recognition,meeting_minutes,fr,aerospace,True,trade_secret,0.875
IPE_003612,trade_secret,relation_extraction,meeting_minutes,fr,automotive,True,trade_secret,0.833
IPE_003613,trade_secret,ip_detection,legal_document,es,pharmaceutical,True,trade_secret,0.923
IPE_003614,trade_secret,knowledge_extraction,meeting_minutes,zh,software,True,trade_secret,0.877
IPE_003615,trade_secret,relation_extraction,technical_report,fr,aerospace,True,trade_secret,0.935
IPE_003616,trade_secret,entity_recognition,research_paper,en,aerospace,True,trade_secret,0.939
IPE_003617,trade_secret,relation_extraction,legal_document,de,automotive,True,trade_secret,0.834
IPE_003618,trade_secret,entity_recognition,research_paper,zh,manufacturing,True,trade_secret,0.829
IPE_003619,trade_secret,relation_extraction,meeting_minutes,en,software,True,trade_secret,0.949
IPE_003620,trade_secret,ip_detection,patent_application,zh,software,True,trade_secret,0.903
IPE_003621,trade_secret,relation_extraction,patent_application,zh,biotechnology,True,trade_secret,0.856
IPE_003622,trade_secret,relation_extraction,patent_application,es,biotechnology,True,trade_secret,0.883
IPE_003623,trade_secret,ip_detection,patent_application,de,aerospace,True,trade_secret,0.807
IPE_003624,trade_secret,relation_extraction,meeting_minutes,es,aerospace,True,trade_secret,0.909
IPE_003625,trade_secret,ip_detection,meeting_minutes,ja,pharmaceutical,True,trade_secret,0.846
IPE_003626,trade_secret,knowledge_extraction,technical_report,zh,pharmaceutical,True,trade_secret,0.836
IPE_003627,trade_secret,relation_extraction,legal_document,de,pharmaceutical,True,trade_secret,0.805
IPE_003628,trade_secret,relation_extraction,patent_application,de,manufacturing,True,trade_secret,0.807
IPE_003629,trade_secret,knowledge_extraction,patent_application,es,biotechnology,True,trade_secret,0.864
IPE_003630,trade_secret,knowledge_extraction,patent_application,en,energy,True,trade_secret,0.835
IPE_003631,trade_secret,knowledge_extraction,patent_application,de,software,True,trade_secret,0.865
IPE_003632,trade_secret,relation_extraction,research_paper,de,biotechnology,True,trade_secret,0.811
IPE_003633,trade_secret,knowledge_extraction,technical_report,fr,energy,True,trade_secret,0.87
IPE_003634,trade_secret,entity_recognition,meeting_minutes,fr,pharmaceutical,True,trade_secret,0.945
IPE_003635,trade_secret,knowledge_extraction,technical_report,zh,biotechnology,True,trade_secret,0.832
IPE_003636,trade_secret,ip_detection,patent_application,fr,biotechnology,True,trade_secret,0.873
IPE_003637,trade_secret,relation_extraction,research_paper,ja,automotive,True,trade_secret,0.807
IPE_003638,trade_secret,relation_extraction,research_paper,zh,energy,True,trade_secret,0.83
IPE_003639,trade_secret,entity_recognition,patent_application,es,automotive,True,trade_secret,0.81
IPE_003640,trade_secret,knowledge_extraction,meeting_minutes,ja,aerospace,True,trade_secret,0.802
IPE_003641,trade_secret,knowledge_extraction,patent_application,en,automotive,True,trade_secret,0.904
IPE_003642,trade_secret,ip_detection,research_paper,fr,energy,True,trade_secret,0.823
IPE_003643,trade_secret,relation_extraction,research_paper,es,automotive,True,trade_secret,0.834
IPE_003644,trade_secret,knowledge_extraction,meeting_minutes,de,automotive,True,trade_secret,0.88
IPE_003645,trade_secret,ip_detection,patent_application,ja,automotive,True,trade_secret,0.848
IPE_003646,trade_secret,ip_detection,patent_application,en,aerospace,True,trade_secret,0.857
IPE_003647,trade_secret,entity_recognition,research_paper,en,energy,True,trade_secret,0.936
IPE_003648,trade_secret,entity_recognition,meeting_minutes,es,manufacturing,True,trade_secret,0.811
IPE_003649,trade_secret,ip_detection,legal_document,de,pharmaceutical,True,trade_secret,0.871
IPE_003650,trade_secret,knowledge_extraction,patent_application,fr,automotive,True,trade_secret,0.873
IPE_003651,trade_secret,entity_recognition,technical_report,de,manufacturing,True,trade_secret,0.809
IPE_003652,trade_secret,knowledge_extraction,technical_report,zh,automotive,True,trade_secret,0.842
IPE_003653,trade_secret,knowledge_extraction,meeting_minutes,en,aerospace,True,trade_secret,0.902
IPE_003654,trade_secret,ip_detection,technical_report,de,automotive,True,trade_secret,0.917
IPE_003655,trade_secret,knowledge_extraction,technical_report,fr,manufacturing,True,trade_secret,0.824
IPE_003656,trade_secret,knowledge_extraction,patent_application,fr,pharmaceutical,True,trade_secret,0.948
IPE_003657,trade_secret,ip_detection,technical_report,en,manufacturing,True,trade_secret,0.885
IPE_003658,trade_secret,relation_extraction,patent_application,en,aerospace,True,trade_secret,0.838
IPE_003659,trade_secret,knowledge_extraction,patent_application,es,automotive,True,trade_secret,0.815
IPE_003660,trade_secret,entity_recognition,meeting_minutes,en,biotechnology,True,trade_secret,0.824
IPE_003661,trade_secret,ip_detection,technical_report,es,automotive,True,trade_secret,0.937
IPE_003662,trade_secret,knowledge_extraction,meeting_minutes,ja,energy,True,trade_secret,0.923
IPE_003663,trade_secret,ip_detection,patent_application,de,energy,True,trade_secret,0.931
IPE_003664,trade_secret,relation_extraction,technical_report,es,biotechnology,True,trade_secret,0.862
IPE_003665,trade_secret,relation_extraction,research_paper,en,pharmaceutical,True,trade_secret,0.849
IPE_003666,trade_secret,knowledge_extraction,research_paper,de,software,True,trade_secret,0.917
IPE_003667,trade_secret,relation_extraction,meeting_minutes,ja,software,True,trade_secret,0.824
IPE_003668,trade_secret,knowledge_extraction,research_paper,zh,biotechnology,True,trade_secret,0.917
IPE_003669,trade_secret,entity_recognition,patent_application,de,aerospace,True,trade_secret,0.863
IPE_003670,trade_secret,entity_recognition,meeting_minutes,zh,automotive,True,trade_secret,0.903
IPE_003671,trade_secret,ip_detection,meeting_minutes,de,biotechnology,True,trade_secret,0.866
IPE_003672,trade_secret,ip_detection,research_paper,zh,biotechnology,True,trade_secret,0.948
IPE_003673,trade_secret,knowledge_extraction,meeting_minutes,ja,aerospace,True,trade_secret,0.841
IPE_003674,trade_secret,entity_recognition,legal_document,en,biotechnology,True,trade_secret,0.857
IPE_003675,trade_secret,relation_extraction,patent_application,en,energy,True,trade_secret,0.83
IPE_003676,trade_secret,entity_recognition,patent_application,de,energy,True,trade_secret,0.941
IPE_003677,trade_secret,entity_recognition,patent_application,en,biotechnology,True,trade_secret,0.815
IPE_003678,trade_secret,ip_detection,patent_application,en,biotechnology,True,trade_secret,0.939
IPE_003679,trade_secret,ip_detection,meeting_minutes,es,energy,True,trade_secret,0.824
IPE_003680,trade_secret,knowledge_extraction,legal_document,fr,automotive,True,trade_secret,0.903
IPE_003681,trade_secret,knowledge_extraction,patent_application,de,energy,True,trade_secret,0.888
IPE_003682,trade_secret,relation_extraction,research_paper,es,pharmaceutical,True,trade_secret,0.875
IPE_003683,trade_secret,ip_detection,technical_report,es,energy,True,trade_secret,0.888
IPE_003684,trade_secret,entity_recognition,meeting_minutes,es,manufacturing,True,trade_secret,0.884
IPE_003685,trade_secret,entity_recognition,research_paper,en,automotive,True,trade_secret,0.909
IPE_003686,trade_secret,knowledge_extraction,research_paper,es,energy,True,trade_secret,0.817
IPE_003687,trade_secret,entity_recognition,meeting_minutes,es,software,True,trade_secret,0.818
IPE_003688,trade_secret,knowledge_extraction,legal_document,fr,pharmaceutical,True,trade_secret,0.901
IPE_003689,trade_secret,ip_detection,technical_report,zh,energy,True,trade_secret,0.941
IPE_003690,trade_secret,entity_recognition,legal_document,ja,biotechnology,True,trade_secret,0.822
IPE_003691,trade_secret,relation_extraction,patent_application,es,biotechnology,True,trade_secret,0.83
IPE_003692,trade_secret,ip_detection,patent_application,ja,energy,True,trade_secret,0.9
IPE_003693,trade_secret,entity_recognition,technical_report,fr,biotechnology,True,trade_secret,0.937
IPE_003694,trade_secret,knowledge_extraction,research_paper,ja,automotive,True,trade_secret,0.935
IPE_003695,trade_secret,knowledge_extraction,research_paper,de,aerospace,True,trade_secret,0.821
IPE_003696,trade_secret,ip_detection,research_paper,es,energy,True,trade_secret,0.876
IPE_003697,trade_secret,knowledge_extraction,meeting_minutes,de,automotive,True,trade_secret,0.929
IPE_003698,trade_secret,ip_detection,patent_application,ja,software,True,trade_secret,0.911
IPE_003699,trade_secret,knowledge_extraction,meeting_minutes,zh,energy,True,trade_secret,0.943
IPE_003700,trade_secret,relation_extraction,research_paper,en,energy,True,trade_secret,0.875
IPE_003701,trade_secret,knowledge_extraction,technical_report,de,aerospace,True,trade_secret,0.832
IPE_003702,trade_secret,knowledge_extraction,patent_application,fr,biotechnology,True,trade_secret,0.947
IPE_003703,trade_secret,entity_recognition,meeting_minutes,fr,pharmaceutical,True,trade_secret,0.947
IPE_003704,trade_secret,relation_extraction,research_paper,es,aerospace,True,trade_secret,0.9
IPE_003705,trade_secret,knowledge_extraction,meeting_minutes,ja,pharmaceutical,True,trade_secret,0.895
IPE_003706,trade_secret,entity_recognition,patent_application,de,software,True,trade_secret,0.808
IPE_003707,trade_secret,entity_recognition,meeting_minutes,de,energy,True,trade_secret,0.907
IPE_003708,trade_secret,entity_recognition,meeting_minutes,de,software,True,trade_secret,0.851
IPE_003709,trade_secret,ip_detection,legal_document,en,aerospace,True,trade_secret,0.863
IPE_003710,trade_secret,entity_recognition,research_paper,zh,pharmaceutical,True,trade_secret,0.875
IPE_003711,trade_secret,ip_detection,research_paper,es,automotive,True,trade_secret,0.94
IPE_003712,trade_secret,entity_recognition,research_paper,zh,biotechnology,True,trade_secret,0.801
IPE_003713,trade_secret,knowledge_extraction,legal_document,de,automotive,True,trade_secret,0.913
IPE_003714,trade_secret,ip_detection,meeting_minutes,ja,manufacturing,True,trade_secret,0.853
IPE_003715,trade_secret,entity_recognition,legal_document,en,automotive,True,trade_secret,0.912
IPE_003716,trade_secret,relation_extraction,technical_report,en,manufacturing,True,trade_secret,0.832
IPE_003717,trade_secret,relation_extraction,meeting_minutes,zh,automotive,True,trade_secret,0.937
IPE_003718,trade_secret,knowledge_extraction,technical_report,en,software,True,trade_secret,0.827
IPE_003719,trade_secret,knowledge_extraction,patent_application,fr,energy,True,trade_secret,0.925
IPE_003720,trade_secret,entity_recognition,meeting_minutes,en,energy,True,trade_secret,0.817
IPE_003721,trade_secret,relation_extraction,legal_document,en,pharmaceutical,True,trade_secret,0.926
IPE_003722,trade_secret,ip_detection,meeting_minutes,fr,aerospace,True,trade_secret,0.883
IPE_003723,trade_secret,entity_recognition,patent_application,ja,manufacturing,True,trade_secret,0.847
IPE_003724,trade_secret,knowledge_extraction,research_paper,zh,energy,True,trade_secret,0.83
IPE_003725,trade_secret,entity_recognition,technical_report,en,biotechnology,True,trade_secret,0.877
IPE_003726,trade_secret,relation_extraction,legal_document,es,automotive,True,trade_secret,0.825
IPE_003727,trade_secret,entity_recognition,patent_application,ja,energy,True,trade_secret,0.947
IPE_003728,trade_secret,entity_recognition,patent_application,de,pharmaceutical,True,trade_secret,0.899
IPE_003729,trade_secret,ip_detection,research_paper,fr,energy,True,trade_secret,0.84
IPE_003730,trade_secret,entity_recognition,meeting_minutes,en,software,True,trade_secret,0.899
IPE_003731,trade_secret,relation_extraction,research_paper,es,biotechnology,True,trade_secret,0.824
IPE_003732,trade_secret,ip_detection,legal_document,en,automotive,True,trade_secret,0.9
IPE_003733,trade_secret,relation_extraction,meeting_minutes,zh,aerospace,True,trade_secret,0.924
IPE_003734,trade_secret,entity_recognition,meeting_minutes,de,manufacturing,True,trade_secret,0.86
IPE_003735,trade_secret,ip_detection,patent_application,zh,biotechnology,True,trade_secret,0.862
IPE_003736,trade_secret,relation_extraction,research_paper,de,software,True,trade_secret,0.908
IPE_003737,trade_secret,ip_detection,patent_application,en,biotechnology,True,trade_secret,0.93
IPE_003738,trade_secret,knowledge_extraction,research_paper,en,automotive,True,trade_secret,0.845
IPE_003739,trade_secret,knowledge_extraction,patent_application,ja,biotechnology,True,trade_secret,0.842
IPE_003740,trade_secret,entity_recognition,technical_report,es,manufacturing,True,trade_secret,0.812
IPE_003741,trade_secret,ip_detection,patent_application,es,pharmaceutical,True,trade_secret,0.852
IPE_003742,trade_secret,relation_extraction,research_paper,zh,software,True,trade_secret,0.806
IPE_003743,trade_secret,ip_detection,meeting_minutes,fr,software,True,trade_secret,0.866
IPE_003744,trade_secret,relation_extraction,patent_application,es,energy,True,trade_secret,0.833
IPE_003745,trade_secret,relation_extraction,meeting_minutes,ja,manufacturing,True,trade_secret,0.923
IPE_003746,trade_secret,entity_recognition,technical_report,zh,pharmaceutical,True,trade_secret,0.847
IPE_003747,trade_secret,knowledge_extraction,research_paper,en,pharmaceutical,True,trade_secret,0.931
IPE_003748,trade_secret,entity_recognition,research_paper,zh,aerospace,True,trade_secret,0.88
IPE_003749,trade_secret,knowledge_extraction,technical_report,fr,energy,True,trade_secret,0.896
IPE_003750,trade_secret,knowledge_extraction,legal_document,en,automotive,True,trade_secret,0.806
IPE_003751,trade_secret,relation_extraction,meeting_minutes,fr,aerospace,True,trade_secret,0.893
IPE_003752,trade_secret,ip_detection,patent_application,fr,automotive,True,trade_secret,0.932
IPE_003753,trade_secret,relation_extraction,technical_report,en,software,True,trade_secret,0.882
IPE_003754,trade_secret,ip_detection,patent_application,ja,software,True,trade_secret,0.923
IPE_003755,trade_secret,entity_recognition,research_paper,fr,manufacturing,True,trade_secret,0.869
IPE_003756,trade_secret,entity_recognition,research_paper,zh,automotive,True,trade_secret,0.826
IPE_003757,trade_secret,ip_detection,legal_document,ja,biotechnology,True,trade_secret,0.866
IPE_003758,trade_secret,entity_recognition,legal_document,en,biotechnology,True,trade_secret,0.891
IPE_003759,trade_secret,ip_detection,legal_document,de,biotechnology,True,trade_secret,0.946
IPE_003760,trade_secret,relation_extraction,meeting_minutes,de,software,True,trade_secret,0.883
IPE_003761,trade_secret,knowledge_extraction,technical_report,de,biotechnology,True,trade_secret,0.884
IPE_003762,trade_secret,ip_detection,meeting_minutes,ja,biotechnology,True,trade_secret,0.833
IPE_003763,trade_secret,relation_extraction,research_paper,en,energy,True,trade_secret,0.842
IPE_003764,trade_secret,ip_detection,research_paper,ja,pharmaceutical,True,trade_secret,0.93
IPE_003765,trade_secret,entity_recognition,technical_report,es,manufacturing,True,trade_secret,0.915
IPE_003766,trade_secret,ip_detection,research_paper,de,pharmaceutical,True,trade_secret,0.828
IPE_003767,trade_secret,relation_extraction,research_paper,en,software,True,trade_secret,0.928
IPE_003768,trade_secret,ip_detection,patent_application,en,software,True,trade_secret,0.868
IPE_003769,trade_secret,ip_detection,patent_application,de,automotive,True,trade_secret,0.93
IPE_003770,trade_secret,relation_extraction,patent_application,fr,pharmaceutical,True,trade_secret,0.877
IPE_003771,trade_secret,relation_extraction,research_paper,en,aerospace,True,trade_secret,0.826
IPE_003772,trade_secret,entity_recognition,legal_document,de,energy,True,trade_secret,0.895
IPE_003773,trade_secret,ip_detection,meeting_minutes,zh,software,True,trade_secret,0.942
IPE_003774,trade_secret,ip_detection,patent_application,zh,aerospace,True,trade_secret,0.933
IPE_003775,trade_secret,ip_detection,technical_report,de,software,True,trade_secret,0.83
IPE_003776,trade_secret,relation_extraction,technical_report,de,energy,True,trade_secret,0.818
IPE_003777,trade_secret,ip_detection,technical_report,fr,manufacturing,True,trade_secret,0.862
IPE_003778,trade_secret,entity_recognition,technical_report,de,aerospace,True,trade_secret,0.82
IPE_003779,trade_secret,knowledge_extraction,meeting_minutes,zh,automotive,True,trade_secret,0.821
IPE_003780,trade_secret,knowledge_extraction,legal_document,es,pharmaceutical,True,trade_secret,0.928
IPE_003781,trade_secret,entity_recognition,legal_document,de,pharmaceutical,True,trade_secret,0.942
IPE_003782,trade_secret,relation_extraction,patent_application,en,aerospace,True,trade_secret,0.924
IPE_003783,trade_secret,knowledge_extraction,legal_document,de,automotive,True,trade_secret,0.823
IPE_003784,trade_secret,entity_recognition,patent_application,fr,pharmaceutical,True,trade_secret,0.942
IPE_003785,trade_secret,entity_recognition,meeting_minutes,es,energy,True,trade_secret,0.852
IPE_003786,trade_secret,ip_detection,technical_report,zh,manufacturing,True,trade_secret,0.946
IPE_003787,trade_secret,relation_extraction,meeting_minutes,fr,aerospace,True,trade_secret,0.852
IPE_003788,trade_secret,relation_extraction,patent_application,fr,aerospace,True,trade_secret,0.92
IPE_003789,trade_secret,ip_detection,research_paper,zh,energy,True,trade_secret,0.849
IPE_003790,trade_secret,relation_extraction,research_paper,en,pharmaceutical,True,trade_secret,0.946
IPE_003791,trade_secret,ip_detection,patent_application,zh,aerospace,True,trade_secret,0.804
IPE_003792,trade_secret,relation_extraction,research_paper,en,automotive,True,trade_secret,0.917
IPE_003793,trade_secret,entity_recognition,research_paper,en,energy,True,trade_secret,0.925
IPE_003794,trade_secret,entity_recognition,technical_report,ja,energy,True,trade_secret,0.852
IPE_003795,trade_secret,ip_detection,legal_document,ja,energy,True,trade_secret,0.898
IPE_003796,trade_secret,relation_extraction,technical_report,de,aerospace,True,trade_secret,0.928
IPE_003797,trade_secret,entity_recognition,research_paper,ja,pharmaceutical,True,trade_secret,0.867
IPE_003798,trade_secret,relation_extraction,patent_application,zh,software,True,trade_secret,0.836
IPE_003799,trade_secret,ip_detection,legal_document,de,software,True,trade_secret,0.917
IPE_003800,trade_secret,ip_detection,patent_application,es,aerospace,True,trade_secret,0.854
IPE_003801,trade_secret,relation_extraction,technical_report,fr,software,True,trade_secret,0.861
IPE_003802,trade_secret,knowledge_extraction,legal_document,es,pharmaceutical,True,trade_secret,0.848
IPE_003803,trade_secret,entity_recognition,technical_report,es,biotechnology,True,trade_secret,0.813
IPE_003804,trade_secret,ip_detection,patent_application,zh,energy,True,trade_secret,0.899
IPE_003805,trade_secret,knowledge_extraction,research_paper,ja,automotive,True,trade_secret,0.934
IPE_003806,trade_secret,ip_detection,patent_application,zh,aerospace,True,trade_secret,0.845
IPE_003807,trade_secret,knowledge_extraction,meeting_minutes,en,manufacturing,True,trade_secret,0.919
IPE_003808,trade_secret,relation_extraction,patent_application,fr,manufacturing,True,trade_secret,0.805
IPE_003809,trade_secret,knowledge_extraction,meeting_minutes,zh,pharmaceutical,True,trade_secret,0.839
IPE_003810,trade_secret,knowledge_extraction,research_paper,fr,energy,True,trade_secret,0.892
IPE_003811,trade_secret,entity_recognition,meeting_minutes,zh,manufacturing,True,trade_secret,0.869
IPE_003812,trade_secret,knowledge_extraction,patent_application,fr,biotechnology,True,trade_secret,0.807
IPE_003813,trade_secret,ip_detection,technical_report,es,software,True,trade_secret,0.849
IPE_003814,trade_secret,entity_recognition,meeting_minutes,de,biotechnology,True,trade_secret,0.928
IPE_003815,trade_secret,entity_recognition,patent_application,fr,software,True,trade_secret,0.899
IPE_003816,trade_secret,relation_extraction,research_paper,de,software,True,trade_secret,0.949
IPE_003817,trade_secret,ip_detection,research_paper,de,pharmaceutical,True,trade_secret,0.881
IPE_003818,trade_secret,ip_detection,technical_report,ja,manufacturing,True,trade_secret,0.943
IPE_003819,trade_secret,entity_recognition,legal_document,es,aerospace,True,trade_secret,0.901
IPE_003820,trade_secret,relation_extraction,legal_document,es,automotive,True,trade_secret,0.855
IPE_003821,trade_secret,knowledge_extraction,technical_report,ja,aerospace,True,trade_secret,0.85
IPE_003822,trade_secret,entity_recognition,technical_report,de,aerospace,True,trade_secret,0.889
IPE_003823,trade_secret,knowledge_extraction,patent_application,zh,pharmaceutical,True,trade_secret,0.934
IPE_003824,trade_secret,relation_extraction,patent_application,es,biotechnology,True,trade_secret,0.926
IPE_003825,trade_secret,relation_extraction,legal_document,es,manufacturing,True,trade_secret,0.847
IPE_003826,trade_secret,relation_extraction,legal_document,es,pharmaceutical,True,trade_secret,0.812
IPE_003827,trade_secret,ip_detection,patent_application,zh,automotive,True,trade_secret,0.817
IPE_003828,trade_secret,relation_extraction,meeting_minutes,de,biotechnology,True,trade_secret,0.902
IPE_003829,trade_secret,knowledge_extraction,research_paper,fr,aerospace,True,trade_secret,0.905
IPE_003830,trade_secret,knowledge_extraction,technical_report,ja,pharmaceutical,True,trade_secret,0.833
IPE_003831,trademark,ip_detection,research_paper,de,automotive,True,trademark,0.808
IPE_003832,trademark,relation_extraction,technical_report,fr,pharmaceutical,True,trademark,0.788
IPE_003833,trademark,entity_recognition,patent_application,ja,automotive,True,trademark,0.78
IPE_003834,trademark,ip_detection,meeting_minutes,ja,pharmaceutical,True,trademark,0.806
IPE_003835,trademark,entity_recognition,research_paper,fr,pharmaceutical,True,trademark,0.785
IPE_003836,trademark,ip_detection,legal_document,ja,aerospace,True,trademark,0.624
IPE_003837,trademark,ip_detection,patent_application,es,automotive,True,trademark,0.658
IPE_003838,trademark,relation_extraction,research_paper,fr,software,True,trademark,0.85
IPE_003839,trademark,relation_extraction,technical_report,de,energy,True,trademark,0.626
IPE_003840,trademark,relation_extraction,meeting_minutes,de,software,True,trademark,0.804
IPE_003841,trademark,ip_detection,meeting_minutes,zh,energy,True,trademark,0.632
IPE_003842,trademark,relation_extraction,meeting_minutes,fr,energy,True,trademark,0.616
IPE_003843,trademark,entity_recognition,research_paper,es,biotechnology,True,trademark,0.646
IPE_003844,trademark,knowledge_extraction,legal_document,zh,biotechnology,True,trademark,0.796
IPE_003845,trademark,relation_extraction,research_paper,ja,aerospace,True,trademark,0.698
IPE_003846,trademark,knowledge_extraction,research_paper,fr,manufacturing,True,trademark,0.718
IPE_003847,trademark,ip_detection,legal_document,de,automotive,True,trademark,0.81
IPE_003848,trademark,knowledge_extraction,research_paper,de,biotechnology,True,trademark,0.801
IPE_003849,trademark,ip_detection,patent_application,es,energy,True,trademark,0.676
IPE_003850,trademark,knowledge_extraction,meeting_minutes,ja,aerospace,True,trademark,0.712
IPE_003851,trademark,ip_detection,research_paper,zh,automotive,True,trademark,0.721
IPE_003852,trademark,ip_detection,technical_report,en,automotive,True,trademark,0.756
IPE_003853,trademark,ip_detection,research_paper,en,pharmaceutical,True,trademark,0.674
IPE_003854,trademark,relation_extraction,technical_report,en,automotive,True,trademark,0.718
IPE_003855,trademark,entity_recognition,patent_application,zh,energy,True,trademark,0.751
IPE_003856,trademark,knowledge_extraction,technical_report,fr,pharmaceutical,True,trademark,0.658
IPE_003857,trademark,knowledge_extraction,legal_document,en,automotive,True,trademark,0.698
IPE_003858,trademark,knowledge_extraction,patent_application,fr,aerospace,True,trademark,0.653
IPE_003859,trademark,entity_recognition,legal_document,fr,pharmaceutical,True,trademark,0.66
IPE_003860,trademark,ip_detection,research_paper,fr,pharmaceutical,True,trademark,0.616
IPE_003861,trademark,relation_extraction,technical_report,en,pharmaceutical,True,trademark,0.777
IPE_003862,trademark,ip_detection,patent_application,zh,aerospace,True,trademark,0.662
IPE_003863,trademark,relation_extraction,patent_application,fr,aerospace,True,trademark,0.695
IPE_003864,trademark,relation_extraction,patent_application,en,pharmaceutical,True,trademark,0.702
IPE_003865,trademark,knowledge_extraction,technical_report,es,manufacturing,True,trademark,0.769
IPE_003866,trademark,relation_extraction,legal_document,ja,biotechnology,True,trademark,0.703
IPE_003867,trademark,entity_recognition,meeting_minutes,de,manufacturing,True,trademark,0.601
IPE_003868,trademark,entity_recognition,meeting_minutes,zh,automotive,True,trademark,0.722
IPE_003869,trademark,knowledge_extraction,technical_report,es,aerospace,True,trademark,0.684
IPE_003870,trademark,relation_extraction,legal_document,en,biotechnology,True,trademark,0.821
IPE_003871,trademark,entity_recognition,patent_application,de,pharmaceutical,True,trademark,0.717
IPE_003872,trademark,entity_recognition,technical_report,fr,software,True,trademark,0.601
IPE_003873,trademark,entity_recognition,meeting_minutes,ja,energy,True,trademark,0.731
IPE_003874,trademark,entity_recognition,technical_report,fr,manufacturing,True,trademark,0.713
IPE_003875,trademark,ip_detection,technical_report,zh,aerospace,True,trademark,0.607
IPE_003876,trademark,relation_extraction,meeting_minutes,de,aerospace,True,trademark,0.777
IPE_003877,trademark,ip_detection,legal_document,zh,pharmaceutical,True,trademark,0.808
IPE_003878,trademark,relation_extraction,patent_application,en,aerospace,True,trademark,0.704
IPE_003879,trademark,relation_extraction,patent_application,zh,aerospace,True,trademark,0.656
IPE_003880,trademark,ip_detection,patent_application,fr,software,True,trademark,0.817
IPE_003881,trademark,ip_detection,legal_document,fr,energy,True,trademark,0.784
IPE_003882,trademark,relation_extraction,research_paper,fr,energy,True,trademark,0.727
IPE_003883,trademark,relation_extraction,technical_report,ja,automotive,True,trademark,0.795
IPE_003884,trademark,ip_detection,legal_document,es,aerospace,True,trademark,0.647
IPE_003885,trademark,entity_recognition,technical_report,es,manufacturing,True,trademark,0.73
IPE_003886,trademark,knowledge_extraction,legal_document,ja,software,True,trademark,0.739
IPE_003887,trademark,ip_detection,legal_document,en,aerospace,True,trademark,0.724
IPE_003888,trademark,knowledge_extraction,technical_report,es,biotechnology,True,trademark,0.847
IPE_003889,trademark,ip_detection,meeting_minutes,de,biotechnology,True,trademark,0.827
IPE_003890,trademark,entity_recognition,technical_report,de,pharmaceutical,True,trademark,0.836
IPE_003891,trademark,entity_recognition,patent_application,en,aerospace,True,trademark,0.714
IPE_003892,trademark,relation_extraction,research_paper,es,aerospace,True,trademark,0.826
IPE_003893,trademark,entity_recognition,meeting_minutes,ja,automotive,True,trademark,0.797
IPE_003894,trademark,relation_extraction,meeting_minutes,de,biotechnology,True,trademark,0.678
IPE_003895,trademark,ip_detection,research_paper,ja,aerospace,True,trademark,0.669
IPE_003896,trademark,entity_recognition,meeting_minutes,zh,biotechnology,True,trademark,0.819
IPE_003897,trademark,knowledge_extraction,research_paper,de,automotive,True,trademark,0.623
IPE_003898,trademark,entity_recognition,meeting_minutes,en,aerospace,True,trademark,0.776
IPE_003899,trademark,relation_extraction,patent_application,ja,software,True,trademark,0.64
IPE_003900,trademark,entity_recognition,meeting_minutes,en,pharmaceutical,True,trademark,0.701
IPE_003901,trademark,ip_detection,technical_report,de,pharmaceutical,True,trademark,0.622
IPE_003902,trademark,ip_detection,meeting_minutes,en,automotive,True,trademark,0.746
IPE_003903,trademark,ip_detection,technical_report,es,manufacturing,True,trademark,0.849
IPE_003904,trademark,ip_detection,meeting_minutes,es,energy,True,trademark,0.835
IPE_003905,trademark,ip_detection,research_paper,fr,software,True,trademark,0.732
IPE_003906,trademark,entity_recognition,technical_report,zh,software,True,trademark,0.703
IPE_003907,trademark,ip_detection,patent_application,es,biotechnology,True,trademark,0.817
IPE_003908,trademark,knowledge_extraction,technical_report,de,manufacturing,True,trademark,0.635
IPE_003909,trademark,entity_recognition,meeting_minutes,de,energy,True,trademark,0.811
IPE_003910,trademark,ip_detection,patent_application,en,biotechnology,True,trademark,0.845
IPE_003911,trademark,ip_detection,technical_report,es,software,True,trademark,0.628
IPE_003912,trademark,ip_detection,research_paper,ja,biotechnology,True,trademark,0.637
IPE_003913,trademark,ip_detection,research_paper,zh,aerospace,True,trademark,0.711
IPE_003914,trademark,ip_detection,meeting_minutes,de,automotive,True,trademark,0.782
IPE_003915,trademark,relation_extraction,legal_document,es,energy,True,trademark,0.762
IPE_003916,trademark,relation_extraction,research_paper,es,automotive,True,trademark,0.824
IPE_003917,trademark,relation_extraction,technical_report,en,aerospace,True,trademark,0.7
IPE_003918,trademark,entity_recognition,meeting_minutes,ja,aerospace,True,trademark,0.746
IPE_003919,trademark,knowledge_extraction,meeting_minutes,fr,manufacturing,True,trademark,0.739
IPE_003920,trademark,entity_recognition,meeting_minutes,fr,automotive,True,trademark,0.813
IPE_003921,trademark,knowledge_extraction,research_paper,es,automotive,True,trademark,0.841
IPE_003922,trademark,knowledge_extraction,legal_document,de,software,True,trademark,0.673
IPE_003923,trademark,relation_extraction,research_paper,de,automotive,True,trademark,0.726
IPE_003924,trademark,relation_extraction,technical_report,es,software,True,trademark,0.674
IPE_003925,trademark,knowledge_extraction,patent_application,es,manufacturing,True,trademark,0.741
IPE_003926,trademark,knowledge_extraction,research_paper,en,aerospace,True,trademark,0.71
IPE_003927,trademark,entity_recognition,patent_application,de,pharmaceutical,True,trademark,0.732
IPE_003928,trademark,entity_recognition,technical_report,fr,software,True,trademark,0.795
IPE_003929,trademark,relation_extraction,research_paper,fr,manufacturing,True,trademark,0.634
IPE_003930,trademark,ip_detection,meeting_minutes,es,biotechnology,True,trademark,0.673
IPE_003931,trademark,knowledge_extraction,research_paper,de,pharmaceutical,True,trademark,0.785
IPE_003932,trademark,knowledge_extraction,research_paper,ja,aerospace,True,trademark,0.712
IPE_003933,trademark,entity_recognition,technical_report,zh,manufacturing,True,trademark,0.729
IPE_003934,trademark,ip_detection,meeting_minutes,de,energy,True,trademark,0.73
IPE_003935,trademark,entity_recognition,legal_document,ja,automotive,True,trademark,0.666
IPE_003936,trademark,knowledge_extraction,research_paper,fr,software,True,trademark,0.669
IPE_003937,trademark,ip_detection,patent_application,fr,automotive,True,trademark,0.683
IPE_003938,trademark,ip_detection,legal_document,zh,biotechnology,True,trademark,0.652
IPE_003939,trademark,knowledge_extraction,meeting_minutes,fr,aerospace,True,trademark,0.791
IPE_003940,trademark,entity_recognition,patent_application,zh,pharmaceutical,True,trademark,0.604
IPE_003941,trademark,ip_detection,legal_document,de,software,True,trademark,0.762
IPE_003942,trademark,relation_extraction,technical_report,zh,manufacturing,True,trademark,0.629
IPE_003943,trademark,entity_recognition,patent_application,zh,pharmaceutical,True,trademark,0.746
IPE_003944,trademark,entity_recognition,research_paper,de,energy,True,trademark,0.68
IPE_003945,trademark,knowledge_extraction,legal_document,ja,software,True,trademark,0.784
IPE_003946,trademark,entity_recognition,technical_report,zh,biotechnology,True,trademark,0.802
IPE_003947,trademark,knowledge_extraction,research_paper,es,manufacturing,True,trademark,0.78
IPE_003948,trademark,relation_extraction,research_paper,en,energy,True,trademark,0.806
IPE_003949,trademark,knowledge_extraction,meeting_minutes,fr,automotive,True,trademark,0.652
IPE_003950,trademark,relation_extraction,legal_document,en,pharmaceutical,True,trademark,0.818
IPE_003951,trademark,ip_detection,legal_document,fr,automotive,True,trademark,0.791
IPE_003952,trademark,entity_recognition,legal_document,es,manufacturing,True,trademark,0.64
IPE_003953,trademark,knowledge_extraction,legal_document,es,pharmaceutical,True,trademark,0.828
IPE_003954,trademark,ip_detection,legal_document,zh,manufacturing,True,trademark,0.616
IPE_003955,trademark,knowledge_extraction,legal_document,fr,automotive,True,trademark,0.624
IPE_003956,trademark,ip_detection,technical_report,en,energy,True,trademark,0.741
IPE_003957,trademark,ip_detection,legal_document,zh,software,True,trademark,0.848
IPE_003958,trademark,knowledge_extraction,meeting_minutes,ja,energy,True,trademark,0.647
IPE_003959,trademark,relation_extraction,technical_report,ja,software,True,trademark,0.664
IPE_003960,trademark,entity_recognition,meeting_minutes,en,automotive,True,trademark,0.733
IPE_003961,trademark,relation_extraction,patent_application,es,automotive,True,trademark,0.602
IPE_003962,trademark,relation_extraction,research_paper,ja,aerospace,True,trademark,0.715
IPE_003963,trademark,relation_extraction,legal_document,en,automotive,True,trademark,0.731
IPE_003964,trademark,ip_detection,legal_document,fr,aerospace,True,trademark,0.825
IPE_003965,trademark,entity_recognition,patent_application,es,biotechnology,True,trademark,0.812
IPE_003966,trademark,entity_recognition,technical_report,zh,energy,True,trademark,0.691
IPE_003967,trademark,ip_detection,technical_report,de,biotechnology,True,trademark,0.765
IPE_003968,trademark,entity_recognition,legal_document,zh,pharmaceutical,True,trademark,0.824
IPE_003969,trademark,entity_recognition,legal_document,de,energy,True,trademark,0.802
IPE_003970,trademark,ip_detection,meeting_minutes,zh,pharmaceutical,True,trademark,0.739
IPE_003971,trademark,entity_recognition,legal_document,zh,aerospace,True,trademark,0.726
IPE_003972,trademark,ip_detection,patent_application,ja,software,True,trademark,0.77
IPE_003973,trademark,ip_detection,legal_document,es,manufacturing,True,trademark,0.842
IPE_003974,trademark,knowledge_extraction,technical_report,es,software,True,trademark,0.68
IPE_003975,trademark,relation_extraction,research_paper,zh,biotechnology,True,trademark,0.827
IPE_003976,trademark,knowledge_extraction,technical_report,fr,software,True,trademark,0.753
IPE_003977,trademark,ip_detection,technical_report,en,automotive,True,trademark,0.728
IPE_003978,trademark,ip_detection,technical_report,zh,manufacturing,True,trademark,0.771
IPE_003979,trademark,ip_detection,research_paper,es,biotechnology,True,trademark,0.77
IPE_003980,trademark,ip_detection,legal_document,en,automotive,True,trademark,0.768
IPE_003981,trademark,ip_detection,legal_document,es,manufacturing,True,trademark,0.792
IPE_003982,trademark,entity_recognition,research_paper,fr,manufacturing,True,trademark,0.683
IPE_003983,trademark,entity_recognition,technical_report,en,biotechnology,True,trademark,0.769
IPE_003984,trademark,knowledge_extraction,patent_application,ja,pharmaceutical,True,trademark,0.817
IPE_003985,trademark,relation_extraction,legal_document,ja,pharmaceutical,True,trademark,0.766
IPE_003986,trademark,ip_detection,technical_report,en,automotive,True,trademark,0.716
IPE_003987,trademark,entity_recognition,technical_report,en,biotechnology,True,trademark,0.747
IPE_003988,trademark,ip_detection,research_paper,zh,pharmaceutical,True,trademark,0.809
IPE_003989,trademark,relation_extraction,patent_application,de,software,True,trademark,0.777
IPE_003990,trademark,ip_detection,technical_report,es,energy,True,trademark,0.637
IPE_003991,trademark,ip_detection,legal_document,zh,energy,True,trademark,0.803
IPE_003992,trademark,ip_detection,legal_document,zh,pharmaceutical,True,trademark,0.778
IPE_003993,trademark,ip_detection,research_paper,de,software,True,trademark,0.841
IPE_003994,trademark,ip_detection,patent_application,fr,aerospace,True,trademark,0.77
IPE_003995,trademark,entity_recognition,research_paper,de,automotive,True,trademark,0.604
IPE_003996,trademark,entity_recognition,technical_report,en,energy,True,trademark,0.626
IPE_003997,trademark,relation_extraction,research_paper,en,automotive,True,trademark,0.62
IPE_003998,trademark,knowledge_extraction,research_paper,en,automotive,True,trademark,0.838
IPE_003999,trademark,ip_detection,research_paper,es,aerospace,True,trademark,0.704
IPE_004000,trademark,knowledge_extraction,patent_application,de,aerospace,True,trademark,0.622
IPE_004001,trademark,entity_recognition,technical_report,es,software,True,trademark,0.811
IPE_004002,trademark,ip_detection,patent_application,ja,biotechnology,True,trademark,0.796
IPE_004003,trademark,relation_extraction,research_paper,ja,energy,True,trademark,0.607
IPE_004004,trademark,entity_recognition,legal_document,de,automotive,True,trademark,0.752
IPE_004005,trademark,ip_detection,legal_document,ja,software,True,trademark,0.642
IPE_004006,trademark,entity_recognition,legal_document,zh,energy,True,trademark,0.719
IPE_004007,trademark,entity_recognition,research_paper,zh,automotive,True,trademark,0.645
IPE_004008,trademark,relation_extraction,meeting_minutes,ja,energy,True,trademark,0.718
IPE_004009,trademark,entity_recognition,patent_application,ja,manufacturing,True,trademark,0.747
IPE_004010,trademark,knowledge_extraction,technical_report,fr,software,True,trademark,0.682
IPE_004011,trademark,entity_recognition,meeting_minutes,ja,pharmaceutical,True,trademark,0.739
IPE_004012,trademark,ip_detection,technical_report,zh,aerospace,True,trademark,0.783
IPE_004013,trademark,entity_recognition,research_paper,ja,automotive,True,trademark,0.834
IPE_004014,trademark,entity_recognition,legal_document,en,energy,True,trademark,0.802
IPE_004015,trademark,knowledge_extraction,research_paper,fr,automotive,True,trademark,0.603
IPE_004016,trademark,relation_extraction,legal_document,fr,automotive,True,trademark,0.719
IPE_004017,trademark,relation_extraction,meeting_minutes,ja,aerospace,True,trademark,0.691
IPE_004018,trademark,ip_detection,research_paper,es,aerospace,True,trademark,0.646
IPE_004019,trademark,entity_recognition,meeting_minutes,fr,pharmaceutical,True,trademark,0.847
IPE_004020,trademark,relation_extraction,research_paper,es,software,True,trademark,0.715
IPE_004021,trademark,knowledge_extraction,technical_report,fr,manufacturing,True,trademark,0.625
IPE_004022,trademark,entity_recognition,patent_application,fr,aerospace,True,trademark,0.82
IPE_004023,trademark,knowledge_extraction,patent_application,fr,energy,True,trademark,0.829
IPE_004024,trademark,entity_recognition,patent_application,en,pharmaceutical,True,trademark,0.837
IPE_004025,trademark,relation_extraction,technical_report,ja,biotechnology,True,trademark,0.731
IPE_004026,trademark,relation_extraction,research_paper,ja,automotive,True,trademark,0.818
IPE_004027,trademark,knowledge_extraction,meeting_minutes,en,manufacturing,True,trademark,0.802
IPE_004028,trademark,relation_extraction,technical_report,fr,software,True,trademark,0.608
IPE_004029,trademark,relation_extraction,legal_document,fr,automotive,True,trademark,0.752
IPE_004030,trademark,relation_extraction,research_paper,en,biotechnology,True,trademark,0.78
IPE_004031,trademark,knowledge_extraction,patent_application,ja,automotive,True,trademark,0.743
IPE_004032,trademark,relation_extraction,technical_report,ja,pharmaceutical,True,trademark,0.754
IPE_004033,trademark,ip_detection,meeting_minutes,de,automotive,True,trademark,0.688
IPE_004034,trademark,relation_extraction,legal_document,es,energy,True,trademark,0.811
IPE_004035,trademark,relation_extraction,technical_report,fr,pharmaceutical,True,trademark,0.784
IPE_004036,trademark,ip_detection,research_paper,zh,energy,True,trademark,0.828
IPE_004037,trademark,relation_extraction,meeting_minutes,de,manufacturing,True,trademark,0.838
IPE_004038,trademark,relation_extraction,legal_document,de,biotechnology,True,trademark,0.77
IPE_004039,trademark,relation_extraction,research_paper,de,manufacturing,True,trademark,0.631
IPE_004040,trademark,relation_extraction,technical_report,fr,energy,True,trademark,0.735
IPE_004041,trademark,knowledge_extraction,legal_document,ja,aerospace,True,trademark,0.682
IPE_004042,trademark,knowledge_extraction,patent_application,zh,automotive,True,trademark,0.748
IPE_004043,trademark,ip_detection,patent_application,es,automotive,True,trademark,0.667
IPE_004044,trademark,entity_recognition,technical_report,fr,aerospace,True,trademark,0.719
IPE_004045,trademark,knowledge_extraction,research_paper,de,software,True,trademark,0.772
IPE_004046,trademark,ip_detection,patent_application,es,aerospace,True,trademark,0.662
IPE_004047,trademark,relation_extraction,technical_report,es,manufacturing,True,trademark,0.679
IPE_004048,trademark,relation_extraction,research_paper,en,software,True,trademark,0.785
IPE_004049,trademark,relation_extraction,legal_document,de,automotive,True,trademark,0.681
IPE_004050,trademark,relation_extraction,meeting_minutes,ja,energy,True,trademark,0.784
IPE_004051,trademark,entity_recognition,meeting_minutes,es,pharmaceutical,True,trademark,0.634
IPE_004052,trademark,relation_extraction,research_paper,de,pharmaceutical,True,trademark,0.787
IPE_004053,trademark,ip_detection,research_paper,fr,aerospace,True,trademark,0.788
IPE_004054,trademark,ip_detection,meeting_minutes,en,software,True,trademark,0.752
IPE_004055,trademark,entity_recognition,meeting_minutes,ja,aerospace,True,trademark,0.715
IPE_004056,trademark,knowledge_extraction,technical_report,fr,pharmaceutical,True,trademark,0.754
IPE_004057,trademark,knowledge_extraction,technical_report,en,automotive,True,trademark,0.742
IPE_004058,trademark,entity_recognition,technical_report,de,aerospace,True,trademark,0.601
IPE_004059,trademark,knowledge_extraction,research_paper,ja,biotechnology,True,trademark,0.646
IPE_004060,trademark,entity_recognition,research_paper,es,manufacturing,True,trademark,0.773
IPE_004061,trademark,knowledge_extraction,technical_report,es,energy,True,trademark,0.785
IPE_004062,trademark,ip_detection,patent_application,en,software,True,trademark,0.81
IPE_004063,trademark,knowledge_extraction,technical_report,de,manufacturing,True,trademark,0.616
IPE_004064,trademark,relation_extraction,meeting_minutes,es,biotechnology,True,trademark,0.649
IPE_004065,trademark,knowledge_extraction,patent_application,fr,manufacturing,True,trademark,0.705
IPE_004066,trademark,relation_extraction,legal_document,en,aerospace,True,trademark,0.828
IPE_004067,trademark,knowledge_extraction,meeting_minutes,en,automotive,True,trademark,0.815
IPE_004068,trademark,relation_extraction,legal_document,en,biotechnology,True,trademark,0.744
IPE_004069,trademark,relation_extraction,technical_report,fr,pharmaceutical,True,trademark,0.615
IPE_004070,trademark,entity_recognition,patent_application,es,automotive,True,trademark,0.829
IPE_004071,trademark,relation_extraction,patent_application,de,energy,True,trademark,0.713
IPE_004072,trademark,knowledge_extraction,legal_document,ja,energy,True,trademark,0.741
IPE_004073,trademark,entity_recognition,patent_application,ja,pharmaceutical,True,trademark,0.669
IPE_004074,trademark,ip_detection,legal_document,de,energy,True,trademark,0.776
IPE_004075,trademark,relation_extraction,legal_document,en,biotechnology,True,trademark,0.605
IPE_004076,trademark,knowledge_extraction,research_paper,zh,energy,True,trademark,0.633
IPE_004077,trademark,relation_extraction,legal_document,ja,aerospace,True,trademark,0.68
IPE_004078,trademark,knowledge_extraction,research_paper,fr,aerospace,True,trademark,0.798
IPE_004079,trademark,entity_recognition,legal_document,fr,energy,True,trademark,0.629
IPE_004080,trademark,relation_extraction,patent_application,ja,automotive,True,trademark,0.682
IPE_004081,trademark,ip_detection,legal_document,fr,manufacturing,True,trademark,0.757
IPE_004082,trademark,entity_recognition,patent_application,fr,manufacturing,True,trademark,0.789
IPE_004083,trademark,entity_recognition,research_paper,zh,pharmaceutical,True,trademark,0.687
IPE_004084,trademark,relation_extraction,research_paper,ja,energy,True,trademark,0.758
IPE_004085,trademark,knowledge_extraction,research_paper,fr,energy,True,trademark,0.641
IPE_004086,trademark,knowledge_extraction,research_paper,ja,manufacturing,True,trademark,0.653
IPE_004087,trademark,knowledge_extraction,technical_report,es,energy,True,trademark,0.635
IPE_004088,trademark,knowledge_extraction,meeting_minutes,zh,software,True,trademark,0.803
IPE_004089,trademark,relation_extraction,legal_document,zh,automotive,True,trademark,0.686
IPE_004090,trademark,knowledge_extraction,research_paper,zh,automotive,True,trademark,0.843
IPE_004091,trademark,knowledge_extraction,research_paper,es,manufacturing,True,trademark,0.735
IPE_004092,trademark,entity_recognition,legal_document,de,manufacturing,True,trademark,0.662
IPE_004093,trademark,knowledge_extraction,patent_application,fr,software,True,trademark,0.671
IPE_004094,trademark,entity_recognition,research_paper,de,manufacturing,True,trademark,0.65
IPE_004095,trademark,ip_detection,patent_application,en,software,True,trademark,0.824
IPE_004096,trademark,relation_extraction,research_paper,ja,manufacturing,True,trademark,0.606
IPE_004097,trademark,relation_extraction,research_paper,fr,biotechnology,True,trademark,0.615
IPE_004098,trademark,knowledge_extraction,patent_application,es,automotive,True,trademark,0.823
IPE_004099,trademark,knowledge_extraction,legal_document,ja,biotechnology,True,trademark,0.818
IPE_004100,trademark,entity_recognition,technical_report,es,manufacturing,True,trademark,0.693
IPE_004101,trademark,ip_detection,meeting_minutes,ja,pharmaceutical,True,trademark,0.801
IPE_004102,trademark,ip_detection,technical_report,ja,aerospace,True,trademark,0.769
IPE_004103,trademark,entity_recognition,research_paper,de,manufacturing,True,trademark,0.661
IPE_004104,trademark,entity_recognition,legal_document,zh,aerospace,True,trademark,0.78
IPE_004105,trademark,relation_extraction,legal_document,fr,manufacturing,True,trademark,0.693
IPE_004106,trademark,knowledge_extraction,technical_report,es,biotechnology,True,trademark,0.709
IPE_004107,trademark,ip_detection,legal_document,fr,automotive,True,trademark,0.713
IPE_004108,trademark,knowledge_extraction,meeting_minutes,en,aerospace,True,trademark,0.618
IPE_004109,trademark,entity_recognition,patent_application,de,software,True,trademark,0.638
IPE_004110,trademark,ip_detection,patent_application,ja,pharmaceutical,True,trademark,0.72
IPE_004111,trademark,relation_extraction,meeting_minutes,fr,energy,True,trademark,0.823
IPE_004112,trademark,relation_extraction,patent_application,en,automotive,True,trademark,0.795
IPE_004113,trademark,entity_recognition,technical_report,zh,pharmaceutical,True,trademark,0.81
IPE_004114,trademark,entity_recognition,research_paper,ja,energy,True,trademark,0.812
IPE_004115,trademark,knowledge_extraction,technical_report,de,energy,True,trademark,0.805
IPE_004116,trademark,relation_extraction,research_paper,fr,software,True,trademark,0.827
IPE_004117,trademark,relation_extraction,research_paper,en,software,True,trademark,0.641
IPE_004118,trademark,entity_recognition,patent_application,es,automotive,True,trademark,0.788
IPE_004119,trademark,entity_recognition,meeting_minutes,de,software,True,trademark,0.683
IPE_004120,trademark,knowledge_extraction,meeting_minutes,fr,software,True,trademark,0.612
IPE_004121,trademark,relation_extraction,patent_application,zh,pharmaceutical,True,trademark,0.75
IPE_004122,trademark,entity_recognition,patent_application,de,energy,True,trademark,0.706
IPE_004123,trademark,knowledge_extraction,legal_document,zh,automotive,True,trademark,0.656
IPE_004124,trademark,relation_extraction,meeting_minutes,ja,aerospace,True,trademark,0.813
IPE_004125,trademark,ip_detection,technical_report,ja,software,True,trademark,0.823
IPE_004126,trademark,entity_recognition,technical_report,de,aerospace,True,trademark,0.688
IPE_004127,trademark,entity_recognition,patent_application,ja,energy,True,trademark,0.682
IPE_004128,trademark,knowledge_extraction,research_paper,en,automotive,True,trademark,0.812
IPE_004129,trademark,relation_extraction,technical_report,de,automotive,True,trademark,0.828
IPE_004130,trademark,ip_detection,technical_report,de,aerospace,True,trademark,0.79
IPE_004131,trademark,knowledge_extraction,technical_report,zh,manufacturing,True,trademark,0.716
IPE_004132,trademark,entity_recognition,patent_application,de,energy,True,trademark,0.806
IPE_004133,trademark,ip_detection,legal_document,fr,pharmaceutical,True,trademark,0.743
IPE_004134,trademark,knowledge_extraction,patent_application,zh,biotechnology,True,trademark,0.75
IPE_004135,trademark,ip_detection,patent_application,ja,automotive,True,trademark,0.699
IPE_004136,trademark,entity_recognition,research_paper,fr,pharmaceutical,True,trademark,0.822
IPE_004137,trademark,ip_detection,technical_report,zh,energy,True,trademark,0.822
IPE_004138,trademark,entity_recognition,meeting_minutes,es,biotechnology,True,trademark,0.816
IPE_004139,trademark,knowledge_extraction,research_paper,zh,energy,True,trademark,0.686
IPE_004140,trademark,knowledge_extraction,technical_report,zh,pharmaceutical,True,trademark,0.7
IPE_004141,trademark,entity_recognition,research_paper,de,energy,True,trademark,0.818
IPE_004142,trademark,ip_detection,technical_report,es,aerospace,True,trademark,0.776
IPE_004143,trademark,ip_detection,legal_document,fr,automotive,True,trademark,0.678
IPE_004144,trademark,ip_detection,meeting_minutes,zh,automotive,True,trademark,0.68
IPE_004145,trademark,ip_detection,patent_application,de,software,True,trademark,0.776
IPE_004146,trademark,entity_recognition,meeting_minutes,en,biotechnology,True,trademark,0.765
IPE_004147,trademark,entity_recognition,technical_report,en,software,True,trademark,0.615
IPE_004148,trademark,ip_detection,meeting_minutes,es,energy,True,trademark,0.807
IPE_004149,trademark,entity_recognition,patent_application,de,manufacturing,True,trademark,0.673
IPE_004150,trademark,relation_extraction,patent_application,en,pharmaceutical,True,trademark,0.786
IPE_004151,trademark,knowledge_extraction,technical_report,zh,energy,True,trademark,0.794
IPE_004152,trademark,ip_detection,meeting_minutes,fr,pharmaceutical,True,trademark,0.634
IPE_004153,trademark,ip_detection,technical_report,de,automotive,True,trademark,0.699
IPE_004154,trademark,relation_extraction,patent_application,en,automotive,True,trademark,0.687
IPE_004155,trademark,ip_detection,technical_report,ja,manufacturing,True,trademark,0.615
IPE_004156,trademark,relation_extraction,technical_report,de,biotechnology,True,trademark,0.753
IPE_004157,trademark,knowledge_extraction,patent_application,fr,biotechnology,True,trademark,0.837
IPE_004158,trademark,knowledge_extraction,research_paper,en,energy,True,trademark,0.737
IPE_004159,trademark,relation_extraction,legal_document,de,biotechnology,True,trademark,0.65
IPE_004160,trademark,ip_detection,legal_document,ja,automotive,True,trademark,0.699
IPE_004161,trademark,knowledge_extraction,research_paper,de,manufacturing,True,trademark,0.832
IPE_004162,trademark,entity_recognition,research_paper,en,pharmaceutical,True,trademark,0.769
IPE_004163,trademark,knowledge_extraction,meeting_minutes,es,software,True,trademark,0.652
IPE_004164,trademark,knowledge_extraction,patent_application,fr,pharmaceutical,True,trademark,0.66
IPE_004165,trademark,relation_extraction,patent_application,es,software,True,trademark,0.777
IPE_004166,trademark,relation_extraction,legal_document,es,aerospace,True,trademark,0.675
IPE_004167,trademark,knowledge_extraction,patent_application,de,software,True,trademark,0.751
IPE_004168,trademark,relation_extraction,patent_application,zh,software,True,trademark,0.82
IPE_004169,trademark,entity_recognition,patent_application,en,software,True,trademark,0.661
IPE_004170,trademark,ip_detection,patent_application,es,aerospace,True,trademark,0.6
IPE_004171,trademark,knowledge_extraction,legal_document,ja,pharmaceutical,True,trademark,0.661
IPE_004172,trademark,ip_detection,research_paper,en,aerospace,True,trademark,0.773
IPE_004173,trademark,ip_detection,technical_report,de,pharmaceutical,True,trademark,0.725
IPE_004174,trademark,relation_extraction,meeting_minutes,fr,energy,True,trademark,0.663
IPE_004175,trademark,entity_recognition,meeting_minutes,zh,software,True,trademark,0.713
IPE_004176,trademark,ip_detection,research_paper,de,energy,True,trademark,0.693
IPE_004177,trademark,entity_recognition,research_paper,de,software,True,trademark,0.615
IPE_004178,trademark,knowledge_extraction,meeting_minutes,zh,manufacturing,True,trademark,0.614
IPE_004179,trademark,relation_extraction,meeting_minutes,ja,pharmaceutical,True,trademark,0.699
IPE_004180,trademark,entity_recognition,patent_application,fr,automotive,True,trademark,0.612
IPE_004181,trademark,entity_recognition,meeting_minutes,fr,aerospace,True,trademark,0.759
IPE_004182,trademark,knowledge_extraction,research_paper,de,biotechnology,True,trademark,0.689
IPE_004183,trademark,entity_recognition,research_paper,en,aerospace,True,trademark,0.722
IPE_004184,trademark,entity_recognition,legal_document,ja,automotive,True,trademark,0.757
IPE_004185,trademark,knowledge_extraction,research_paper,de,energy,True,trademark,0.61
IPE_004186,trademark,ip_detection,research_paper,ja,aerospace,True,trademark,0.834
IPE_004187,trademark,knowledge_extraction,technical_report,en,software,True,trademark,0.66
IPE_004188,trademark,ip_detection,legal_document,de,aerospace,True,trademark,0.743
IPE_004189,trademark,entity_recognition,meeting_minutes,de,energy,True,trademark,0.668
IPE_004190,trademark,knowledge_extraction,technical_report,es,biotechnology,True,trademark,0.63
IPE_004191,trademark,relation_extraction,patent_application,zh,automotive,True,trademark,0.765
IPE_004192,trademark,ip_detection,legal_document,fr,biotechnology,True,trademark,0.666
IPE_004193,trademark,ip_detection,patent_application,de,biotechnology,True,trademark,0.644
IPE_004194,trademark,relation_extraction,technical_report,en,automotive,True,trademark,0.847
IPE_004195,trademark,knowledge_extraction,technical_report,ja,aerospace,True,trademark,0.782
IPE_004196,trademark,ip_detection,research_paper,zh,pharmaceutical,True,trademark,0.778
IPE_004197,trademark,ip_detection,research_paper,en,manufacturing,True,trademark,0.691
IPE_004198,trademark,knowledge_extraction,research_paper,en,aerospace,True,trademark,0.756
IPE_004199,trademark,knowledge_extraction,legal_document,es,manufacturing,True,trademark,0.778
IPE_004200,trademark,entity_recognition,patent_application,fr,manufacturing,True,trademark,0.685
IPE_004201,trademark,knowledge_extraction,technical_report,en,automotive,True,trademark,0.645
IPE_004202,trademark,entity_recognition,legal_document,es,manufacturing,True,trademark,0.797
IPE_004203,trademark,ip_detection,technical_report,en,automotive,True,trademark,0.78
IPE_004204,trademark,knowledge_extraction,meeting_minutes,fr,pharmaceutical,True,trademark,0.67
IPE_004205,trademark,ip_detection,patent_application,en,manufacturing,True,trademark,0.792
IPE_004206,trademark,ip_detection,patent_application,es,software,True,trademark,0.632
IPE_004207,trademark,ip_detection,meeting_minutes,de,manufacturing,True,trademark,0.724
IPE_004208,trademark,ip_detection,research_paper,zh,manufacturing,True,trademark,0.723
IPE_004209,trademark,relation_extraction,legal_document,zh,software,True,trademark,0.729
IPE_004210,trademark,relation_extraction,technical_report,fr,energy,True,trademark,0.625
IPE_004211,trademark,entity_recognition,patent_application,ja,energy,True,trademark,0.676
IPE_004212,trademark,entity_recognition,legal_document,es,energy,True,trademark,0.613
IPE_004213,trademark,ip_detection,legal_document,ja,software,True,trademark,0.776
IPE_004214,trademark,entity_recognition,meeting_minutes,de,pharmaceutical,True,trademark,0.761
IPE_004215,trademark,ip_detection,legal_document,ja,pharmaceutical,True,trademark,0.765
IPE_004216,trademark,entity_recognition,patent_application,ja,automotive,True,trademark,0.638
IPE_004217,trademark,ip_detection,research_paper,ja,energy,True,trademark,0.824
IPE_004218,trademark,relation_extraction,technical_report,zh,energy,True,trademark,0.776
IPE_004219,trademark,entity_recognition,research_paper,ja,biotechnology,True,trademark,0.628
IPE_004220,trademark,knowledge_extraction,technical_report,en,manufacturing,True,trademark,0.706
IPE_004221,trademark,ip_detection,research_paper,de,biotechnology,True,trademark,0.765
IPE_004222,trademark,entity_recognition,patent_application,en,aerospace,True,trademark,0.848
IPE_004223,trademark,knowledge_extraction,research_paper,en,pharmaceutical,True,trademark,0.674
IPE_004224,trademark,knowledge_extraction,legal_document,zh,manufacturing,True,trademark,0.695
IPE_004225,trademark,entity_recognition,legal_document,zh,pharmaceutical,True,trademark,0.811
IPE_004226,trademark,ip_detection,legal_document,zh,automotive,True,trademark,0.719
IPE_004227,trademark,entity_recognition,legal_document,zh,software,True,trademark,0.819
IPE_004228,trademark,knowledge_extraction,research_paper,ja,manufacturing,True,trademark,0.649
IPE_004229,trademark,relation_extraction,legal_document,es,pharmaceutical,True,trademark,0.721
IPE_004230,trademark,entity_recognition,research_paper,fr,biotechnology,True,trademark,0.677
IPE_004231,trademark,entity_recognition,research_paper,de,pharmaceutical,True,trademark,0.848
IPE_004232,trademark,relation_extraction,research_paper,fr,aerospace,True,trademark,0.744
IPE_004233,trademark,ip_detection,technical_report,zh,automotive,True,trademark,0.651
IPE_004234,trademark,ip_detection,research_paper,de,automotive,True,trademark,0.734
IPE_004235,trademark,knowledge_extraction,technical_report,es,software,True,trademark,0.689
IPE_004236,trademark,entity_recognition,patent_application,en,aerospace,True,trademark,0.756
IPE_004237,trademark,ip_detection,technical_report,fr,energy,True,trademark,0.655
IPE_004238,trademark,entity_recognition,technical_report,en,biotechnology,True,trademark,0.656
IPE_004239,trademark,entity_recognition,legal_document,zh,aerospace,True,trademark,0.793
IPE_004240,trademark,entity_recognition,meeting_minutes,de,biotechnology,True,trademark,0.706
IPE_004241,trademark,entity_recognition,technical_report,ja,automotive,True,trademark,0.612
IPE_004242,trademark,knowledge_extraction,technical_report,en,energy,True,trademark,0.743
IPE_004243,trademark,entity_recognition,research_paper,de,manufacturing,True,trademark,0.678
IPE_004244,trademark,relation_extraction,research_paper,fr,software,True,trademark,0.745
IPE_004245,trademark,ip_detection,patent_application,ja,software,True,trademark,0.681
IPE_004246,trademark,entity_recognition,legal_document,ja,automotive,True,trademark,0.809
IPE_004247,trademark,knowledge_extraction,research_paper,zh,pharmaceutical,True,trademark,0.783
IPE_004248,trademark,relation_extraction,meeting_minutes,fr,automotive,True,trademark,0.84
IPE_004249,trademark,relation_extraction,legal_document,de,pharmaceutical,True,trademark,0.742
IPE_004250,trademark,relation_extraction,legal_document,zh,energy,True,trademark,0.702
IPE_004251,trademark,entity_recognition,legal_document,fr,aerospace,True,trademark,0.642
IPE_004252,trademark,relation_extraction,research_paper,zh,software,True,trademark,0.65
IPE_004253,trademark,entity_recognition,patent_application,de,pharmaceutical,True,trademark,0.794
IPE_004254,trademark,entity_recognition,research_paper,fr,biotechnology,True,trademark,0.723
IPE_004255,trademark,ip_detection,meeting_minutes,es,manufacturing,True,trademark,0.833
IPE_004256,trademark,knowledge_extraction,technical_report,es,software,True,trademark,0.736
IPE_004257,trademark,ip_detection,patent_application,ja,pharmaceutical,True,trademark,0.674
IPE_004258,trademark,ip_detection,research_paper,fr,automotive,True,trademark,0.735
IPE_004259,trademark,ip_detection,technical_report,fr,pharmaceutical,True,trademark,0.616
IPE_004260,trademark,ip_detection,legal_document,zh,pharmaceutical,True,trademark,0.822
IPE_004261,trademark,relation_extraction,patent_application,de,automotive,True,trademark,0.762
IPE_004262,trademark,ip_detection,patent_application,ja,software,True,trademark,0.798
IPE_004263,trademark,knowledge_extraction,meeting_minutes,de,manufacturing,True,trademark,0.744
IPE_004264,trademark,entity_recognition,research_paper,ja,manufacturing,True,trademark,0.764
IPE_004265,trademark,entity_recognition,legal_document,es,biotechnology,True,trademark,0.824
IPE_004266,trademark,entity_recognition,technical_report,zh,biotechnology,True,trademark,0.663
IPE_004267,trademark,relation_extraction,meeting_minutes,es,pharmaceutical,True,trademark,0.808
IPE_004268,trademark,ip_detection,technical_report,ja,energy,True,trademark,0.807
IPE_004269,trademark,entity_recognition,legal_document,ja,biotechnology,True,trademark,0.61
IPE_004270,trademark,ip_detection,legal_document,zh,aerospace,True,trademark,0.816
IPE_004271,trademark,relation_extraction,research_paper,en,manufacturing,True,trademark,0.754
IPE_004272,trademark,knowledge_extraction,patent_application,en,automotive,True,trademark,0.616
IPE_004273,trademark,entity_recognition,meeting_minutes,en,manufacturing,True,trademark,0.778
IPE_004274,trademark,ip_detection,technical_report,fr,energy,True,trademark,0.728
IPE_004275,trademark,entity_recognition,patent_application,es,energy,True,trademark,0.761
IPE_004276,trademark,relation_extraction,research_paper,fr,software,True,trademark,0.741
IPE_004277,trademark,knowledge_extraction,patent_application,zh,manufacturing,True,trademark,0.627
IPE_004278,trademark,ip_detection,research_paper,en,pharmaceutical,True,trademark,0.797
IPE_004279,trademark,ip_detection,patent_application,de,pharmaceutical,True,trademark,0.71
IPE_004280,trademark,entity_recognition,research_paper,fr,automotive,True,trademark,0.805
IPE_004281,trademark,relation_extraction,meeting_minutes,en,biotechnology,True,trademark,0.755
IPE_004282,trademark,relation_extraction,meeting_minutes,zh,biotechnology,True,trademark,0.656
IPE_004283,trademark,ip_detection,legal_document,fr,manufacturing,True,trademark,0.769
IPE_004284,trademark,knowledge_extraction,legal_document,es,energy,True,trademark,0.692
IPE_004285,trademark,entity_recognition,meeting_minutes,ja,automotive,True,trademark,0.78
IPE_004286,trademark,ip_detection,research_paper,fr,energy,True,trademark,0.725
IPE_004287,trademark,entity_recognition,research_paper,zh,pharmaceutical,True,trademark,0.842
IPE_004288,trademark,relation_extraction,technical_report,fr,software,True,trademark,0.793
IPE_004289,trademark,relation_extraction,patent_application,es,energy,True,trademark,0.823
IPE_004290,trademark,relation_extraction,research_paper,es,pharmaceutical,True,trademark,0.693
IPE_004291,trademark,entity_recognition,research_paper,de,aerospace,True,trademark,0.652
IPE_004292,trademark,relation_extraction,technical_report,ja,pharmaceutical,True,trademark,0.785
IPE_004293,trademark,ip_detection,technical_report,en,biotechnology,True,trademark,0.664
IPE_004294,trademark,relation_extraction,meeting_minutes,de,software,True,trademark,0.804
IPE_004295,trademark,entity_recognition,legal_document,en,aerospace,True,trademark,0.706
IPE_004296,trademark,ip_detection,legal_document,ja,pharmaceutical,True,trademark,0.746
IPE_004297,trademark,relation_extraction,legal_document,zh,automotive,True,trademark,0.735
IPE_004298,trademark,entity_recognition,technical_report,de,aerospace,True,trademark,0.686
IPE_004299,trademark,relation_extraction,legal_document,en,biotechnology,True,trademark,0.839
IPE_004300,trademark,relation_extraction,research_paper,en,pharmaceutical,True,trademark,0.621
IPE_004301,trademark,ip_detection,patent_application,fr,biotechnology,True,trademark,0.749
IPE_004302,trademark,relation_extraction,meeting_minutes,fr,manufacturing,True,trademark,0.84
IPE_004303,trademark,relation_extraction,patent_application,de,biotechnology,True,trademark,0.796
IPE_004304,trademark,ip_detection,technical_report,es,aerospace,True,trademark,0.837
IPE_004305,trademark,relation_extraction,research_paper,fr,pharmaceutical,True,trademark,0.693
IPE_004306,trademark,relation_extraction,legal_document,en,automotive,True,trademark,0.82
IPE_004307,trademark,knowledge_extraction,patent_application,zh,aerospace,True,trademark,0.768
IPE_004308,trademark,relation_extraction,patent_application,de,biotechnology,True,trademark,0.671
IPE_004309,trademark,relation_extraction,meeting_minutes,ja,software,True,trademark,0.808
IPE_004310,trademark,knowledge_extraction,meeting_minutes,es,automotive,True,trademark,0.834
IPE_004311,trademark,ip_detection,legal_document,es,biotechnology,True,trademark,0.642
IPE_004312,trademark,ip_detection,meeting_minutes,ja,manufacturing,True,trademark,0.843
IPE_004313,trademark,relation_extraction,legal_document,fr,manufacturing,True,trademark,0.687
IPE_004314,trademark,entity_recognition,patent_application,de,aerospace,True,trademark,0.795
IPE_004315,trademark,relation_extraction,meeting_minutes,de,aerospace,True,trademark,0.706
IPE_004316,trademark,ip_detection,research_paper,ja,manufacturing,True,trademark,0.729
IPE_004317,trademark,relation_extraction,patent_application,es,aerospace,True,trademark,0.636
IPE_004318,trademark,entity_recognition,research_paper,es,biotechnology,True,trademark,0.757
IPE_004319,trademark,entity_recognition,legal_document,en,manufacturing,True,trademark,0.624
IPE_004320,trademark,ip_detection,technical_report,de,aerospace,True,trademark,0.675
IPE_004321,trademark,entity_recognition,patent_application,ja,manufacturing,True,trademark,0.637
IPE_004322,trademark,relation_extraction,patent_application,ja,manufacturing,True,trademark,0.826
IPE_004323,trademark,relation_extraction,technical_report,ja,energy,True,trademark,0.681
IPE_004324,trademark,entity_recognition,patent_application,zh,software,True,trademark,0.634
IPE_004325,trademark,entity_recognition,legal_document,es,aerospace,True,trademark,0.811
IPE_004326,trademark,ip_detection,patent_application,zh,pharmaceutical,True,trademark,0.638
IPE_004327,trademark,knowledge_extraction,meeting_minutes,en,software,True,trademark,0.678
IPE_004328,trademark,ip_detection,research_paper,es,software,True,trademark,0.607
IPE_004329,trademark,ip_detection,legal_document,ja,software,True,trademark,0.813
IPE_004330,trademark,ip_detection,legal_document,ja,software,True,trademark,0.79
IPE_004331,trademark,relation_extraction,patent_application,es,manufacturing,True,trademark,0.614
IPE_004332,trademark,ip_detection,legal_document,es,manufacturing,True,trademark,0.652
IPE_004333,trademark,ip_detection,patent_application,es,automotive,True,trademark,0.626
IPE_004334,trademark,entity_recognition,legal_document,en,energy,True,trademark,0.703
IPE_004335,trademark,knowledge_extraction,legal_document,de,pharmaceutical,True,trademark,0.621
IPE_004336,trademark,relation_extraction,patent_application,de,pharmaceutical,True,trademark,0.752
IPE_004337,trademark,knowledge_extraction,legal_document,de,manufacturing,True,trademark,0.766
IPE_004338,trademark,ip_detection,meeting_minutes,zh,software,True,trademark,0.714
IPE_004339,trademark,knowledge_extraction,meeting_minutes,en,automotive,True,trademark,0.832
IPE_004340,trademark,ip_detection,technical_report,fr,pharmaceutical,True,trademark,0.664
IPE_004341,trademark,knowledge_extraction,patent_application,es,software,True,trademark,0.635
IPE_004342,trademark,ip_detection,technical_report,en,pharmaceutical,True,trademark,0.776
IPE_004343,trademark,entity_recognition,patent_application,ja,pharmaceutical,True,trademark,0.809
IPE_004344,trademark,knowledge_extraction,patent_application,es,pharmaceutical,True,trademark,0.706
IPE_004345,trademark,knowledge_extraction,technical_report,zh,energy,True,trademark,0.766
IPE_004346,trademark,ip_detection,legal_document,en,manufacturing,True,trademark,0.62
IPE_004347,trademark,entity_recognition,technical_report,ja,pharmaceutical,True,trademark,0.621
IPE_004348,trademark,knowledge_extraction,meeting_minutes,ja,pharmaceutical,True,trademark,0.728
IPE_004349,trademark,ip_detection,research_paper,en,aerospace,True,trademark,0.697
IPE_004350,trademark,relation_extraction,technical_report,es,biotechnology,True,trademark,0.815
IPE_004351,trademark,relation_extraction,legal_document,zh,manufacturing,True,trademark,0.772
IPE_004352,trademark,knowledge_extraction,technical_report,zh,aerospace,True,trademark,0.785
IPE_004353,trademark,ip_detection,technical_report,fr,automotive,True,trademark,0.623
IPE_004354,trademark,entity_recognition,research_paper,zh,energy,True,trademark,0.799
IPE_004355,trademark,knowledge_extraction,technical_report,es,software,True,trademark,0.752
IPE_004356,trademark,entity_recognition,patent_application,ja,software,True,trademark,0.732
IPE_004357,trademark,ip_detection,legal_document,en,pharmaceutical,True,trademark,0.765
IPE_004358,trademark,knowledge_extraction,technical_report,ja,biotechnology,True,trademark,0.623
IPE_004359,trademark,ip_detection,meeting_minutes,en,pharmaceutical,True,trademark,0.654
IPE_004360,trademark,relation_extraction,legal_document,en,aerospace,True,trademark,0.634
IPE_004361,trademark,ip_detection,technical_report,ja,biotechnology,True,trademark,0.732
IPE_004362,trademark,ip_detection,patent_application,fr,biotechnology,True,trademark,0.656
IPE_004363,trademark,relation_extraction,technical_report,es,automotive,True,trademark,0.826
IPE_004364,trademark,knowledge_extraction,technical_report,de,pharmaceutical,True,trademark,0.668
IPE_004365,trademark,knowledge_extraction,legal_document,de,software,True,trademark,0.602
IPE_004366,trademark,ip_detection,legal_document,zh,energy,True,trademark,0.704
IPE_004367,trademark,ip_detection,research_paper,es,energy,True,trademark,0.714
IPE_004368,trademark,knowledge_extraction,patent_application,en,manufacturing,True,trademark,0.821
IPE_004369,trademark,ip_detection,patent_application,zh,energy,True,trademark,0.795
IPE_004370,trademark,entity_recognition,patent_application,en,manufacturing,True,trademark,0.838
IPE_004371,trademark,relation_extraction,technical_report,ja,aerospace,True,trademark,0.624
IPE_004372,trademark,relation_extraction,technical_report,fr,pharmaceutical,True,trademark,0.608
IPE_004373,trademark,entity_recognition,patent_application,zh,aerospace,True,trademark,0.64
IPE_004374,trademark,ip_detection,meeting_minutes,es,energy,True,trademark,0.795
IPE_004375,trademark,entity_recognition,legal_document,es,pharmaceutical,True,trademark,0.673
IPE_004376,trademark,ip_detection,research_paper,es,energy,True,trademark,0.795
IPE_004377,trademark,knowledge_extraction,legal_document,es,biotechnology,True,trademark,0.671
IPE_004378,trademark,ip_detection,patent_application,zh,aerospace,True,trademark,0.631
IPE_004379,trademark,relation_extraction,technical_report,es,energy,True,trademark,0.656
IPE_004380,trademark,relation_extraction,research_paper,fr,pharmaceutical,True,trademark,0.797
IPE_004381,trademark,knowledge_extraction,patent_application,es,biotechnology,True,trademark,0.775
IPE_004382,trademark,knowledge_extraction,research_paper,fr,automotive,True,trademark,0.825
IPE_004383,trademark,ip_detection,legal_document,fr,manufacturing,True,trademark,0.839
IPE_004384,trademark,relation_extraction,legal_document,fr,energy,True,trademark,0.664
IPE_004385,trademark,relation_extraction,technical_report,de,automotive,True,trademark,0.833
IPE_004386,trademark,entity_recognition,technical_report,de,aerospace,True,trademark,0.693
IPE_004387,trademark,ip_detection,patent_application,de,aerospace,True,trademark,0.605
IPE_004388,trademark,relation_extraction,legal_document,en,aerospace,True,trademark,0.652
IPE_004389,trademark,ip_detection,research_paper,de,automotive,True,trademark,0.824
IPE_004390,trademark,ip_detection,patent_application,ja,automotive,True,trademark,0.696
IPE_004391,trademark,ip_detection,technical_report,ja,automotive,True,trademark,0.751
IPE_004392,trademark,entity_recognition,patent_application,de,energy,True,trademark,0.632
IPE_004393,trademark,relation_extraction,technical_report,zh,software,True,trademark,0.611
IPE_004394,trademark,relation_extraction,research_paper,de,pharmaceutical,True,trademark,0.611
IPE_004395,trademark,entity_recognition,legal_document,es,pharmaceutical,True,trademark,0.606
IPE_004396,trademark,relation_extraction,meeting_minutes,fr,biotechnology,True,trademark,0.805
IPE_004397,trademark,knowledge_extraction,research_paper,en,automotive,True,trademark,0.607
IPE_004398,trademark,relation_extraction,patent_application,de,pharmaceutical,True,trademark,0.764
IPE_004399,trademark,ip_detection,legal_document,es,manufacturing,True,trademark,0.686
IPE_004400,trademark,relation_extraction,legal_document,ja,manufacturing,True,trademark,0.679
IPE_004401,trademark,ip_detection,research_paper,es,energy,True,trademark,0.693
IPE_004402,trademark,ip_detection,research_paper,zh,pharmaceutical,True,trademark,0.839
IPE_004403,trademark,knowledge_extraction,meeting_minutes,ja,biotechnology,True,trademark,0.675
IPE_004404,trademark,entity_recognition,technical_report,de,aerospace,True,trademark,0.637
IPE_004405,trademark,knowledge_extraction,research_paper,es,software,True,trademark,0.643
IPE_004406,trademark,entity_recognition,patent_application,fr,biotechnology,True,trademark,0.837
IPE_004407,trademark,entity_recognition,patent_application,fr,aerospace,True,trademark,0.746
IPE_004408,trademark,knowledge_extraction,patent_application,ja,software,True,trademark,0.705
IPE_004409,trademark,knowledge_extraction,patent_application,zh,aerospace,True,trademark,0.679
IPE_004410,trademark,entity_recognition,patent_application,fr,aerospace,True,trademark,0.809
IPE_004411,trademark,relation_extraction,technical_report,en,aerospace,True,trademark,0.747
IPE_004412,trademark,ip_detection,patent_application,fr,automotive,True,trademark,0.725
IPE_004413,trademark,entity_recognition,legal_document,fr,manufacturing,True,trademark,0.832
IPE_004414,trademark,ip_detection,meeting_minutes,fr,energy,True,trademark,0.826
IPE_004415,trademark,entity_recognition,technical_report,zh,energy,True,trademark,0.624
IPE_004416,trademark,entity_recognition,legal_document,es,automotive,True,trademark,0.734
IPE_004417,trademark,knowledge_extraction,technical_report,en,aerospace,True,trademark,0.659
IPE_004418,trademark,ip_detection,legal_document,fr,biotechnology,True,trademark,0.699
IPE_004419,trademark,knowledge_extraction,technical_report,zh,energy,True,trademark,0.799
IPE_004420,trademark,relation_extraction,legal_document,fr,aerospace,True,trademark,0.779
IPE_004421,trademark,knowledge_extraction,meeting_minutes,en,manufacturing,True,trademark,0.802
IPE_004422,trademark,ip_detection,legal_document,zh,manufacturing,True,trademark,0.685
IPE_004423,trademark,ip_detection,research_paper,en,biotechnology,True,trademark,0.698
IPE_004424,trademark,ip_detection,legal_document,en,energy,True,trademark,0.608
IPE_004425,trademark,ip_detection,research_paper,en,energy,True,trademark,0.668
IPE_004426,trademark,relation_extraction,technical_report,ja,software,True,trademark,0.682
IPE_004427,trademark,ip_detection,technical_report,fr,aerospace,True,trademark,0.624
IPE_004428,trademark,relation_extraction,meeting_minutes,zh,automotive,True,trademark,0.672
IPE_004429,trademark,entity_recognition,patent_application,ja,software,True,trademark,0.695
IPE_004430,trademark,knowledge_extraction,legal_document,fr,biotechnology,True,trademark,0.8
IPE_004431,trademark,ip_detection,legal_document,fr,energy,True,trademark,0.66
IPE_004432,trademark,relation_extraction,research_paper,en,manufacturing,True,trademark,0.837
IPE_004433,trademark,relation_extraction,patent_application,zh,biotechnology,True,trademark,0.837
IPE_004434,trademark,relation_extraction,patent_application,de,software,True,trademark,0.755
IPE_004435,trademark,knowledge_extraction,meeting_minutes,fr,biotechnology,True,trademark,0.826
IPE_004436,trademark,knowledge_extraction,legal_document,de,aerospace,True,trademark,0.789
IPE_004437,trademark,ip_detection,patent_application,ja,aerospace,True,trademark,0.833
IPE_004438,trademark,entity_recognition,patent_application,es,aerospace,True,trademark,0.822
IPE_004439,trademark,entity_recognition,legal_document,es,aerospace,True,trademark,0.834
IPE_004440,trademark,relation_extraction,research_paper,zh,manufacturing,True,trademark,0.766
IPE_004441,trademark,entity_recognition,technical_report,ja,software,True,trademark,0.798
IPE_004442,trademark,entity_recognition,research_paper,ja,pharmaceutical,True,trademark,0.636
IPE_004443,trademark,knowledge_extraction,technical_report,en,pharmaceutical,True,trademark,0.784
IPE_004444,trademark,entity_recognition,technical_report,de,software,True,trademark,0.833
IPE_004445,trademark,relation_extraction,patent_application,zh,manufacturing,True,trademark,0.819
IPE_004446,trademark,knowledge_extraction,research_paper,fr,aerospace,True,trademark,0.749
IPE_004447,trademark,knowledge_extraction,meeting_minutes,fr,pharmaceutical,True,trademark,0.765
IPE_004448,trademark,knowledge_extraction,research_paper,ja,aerospace,True,trademark,0.732
IPE_004449,trademark,relation_extraction,research_paper,ja,biotechnology,True,trademark,0.706
IPE_004450,trademark,ip_detection,patent_application,fr,pharmaceutical,True,trademark,0.733
IPE_004451,trademark,relation_extraction,research_paper,de,biotechnology,True,trademark,0.686
IPE_004452,trademark,relation_extraction,research_paper,zh,software,True,trademark,0.818
IPE_004453,trademark,relation_extraction,patent_application,de,manufacturing,True,trademark,0.722
IPE_004454,trademark,entity_recognition,meeting_minutes,en,manufacturing,True,trademark,0.749
IPE_004455,trademark,knowledge_extraction,meeting_minutes,fr,manufacturing,True,trademark,0.755
IPE_004456,trademark,relation_extraction,meeting_minutes,en,biotechnology,True,trademark,0.629
IPE_004457,trademark,ip_detection,patent_application,de,biotechnology,True,trademark,0.778
IPE_004458,trademark,ip_detection,meeting_minutes,de,manufacturing,True,trademark,0.702
IPE_004459,trademark,ip_detection,meeting_minutes,zh,pharmaceutical,True,trademark,0.613
IPE_004460,trademark,knowledge_extraction,meeting_minutes,es,aerospace,True,trademark,0.679
IPE_004461,trademark,entity_recognition,patent_application,fr,manufacturing,True,trademark,0.843
IPE_004462,trademark,knowledge_extraction,technical_report,en,manufacturing,True,trademark,0.665
IPE_004463,trademark,entity_recognition,legal_document,es,manufacturing,True,trademark,0.674
IPE_004464,trademark,relation_extraction,patent_application,en,energy,True,trademark,0.631
IPE_004465,trademark,entity_recognition,research_paper,en,aerospace,True,trademark,0.815
IPE_004466,trademark,relation_extraction,legal_document,de,aerospace,True,trademark,0.76
IPE_004467,trademark,ip_detection,research_paper,en,pharmaceutical,True,trademark,0.759
IPE_004468,trademark,knowledge_extraction,technical_report,de,energy,True,trademark,0.7
IPE_004469,trademark,entity_recognition,research_paper,ja,pharmaceutical,True,trademark,0.714
IPE_004470,trademark,relation_extraction,technical_report,fr,biotechnology,True,trademark,0.654
IPE_004471,trademark,ip_detection,meeting_minutes,ja,aerospace,True,trademark,0.767
IPE_004472,trademark,entity_recognition,technical_report,en,manufacturing,True,trademark,0.64
IPE_004473,trademark,ip_detection,patent_application,de,automotive,True,trademark,0.785
IPE_004474,trademark,entity_recognition,meeting_minutes,fr,biotechnology,True,trademark,0.759
IPE_004475,trademark,ip_detection,patent_application,es,automotive,True,trademark,0.669
IPE_004476,trademark,entity_recognition,meeting_minutes,fr,biotechnology,True,trademark,0.683
IPE_004477,trademark,entity_recognition,research_paper,ja,automotive,True,trademark,0.839
IPE_004478,trademark,knowledge_extraction,technical_report,es,automotive,True,trademark,0.66
IPE_004479,trademark,knowledge_extraction,meeting_minutes,ja,aerospace,True,trademark,0.661
IPE_004480,trademark,knowledge_extraction,legal_document,de,automotive,True,trademark,0.651
IPE_004481,trademark,knowledge_extraction,technical_report,en,energy,True,trademark,0.708
IPE_004482,trademark,relation_extraction,patent_application,en,biotechnology,True,trademark,0.768
IPE_004483,trademark,knowledge_extraction,technical_report,de,biotechnology,True,trademark,0.608
IPE_004484,trademark,relation_extraction,patent_application,es,manufacturing,True,trademark,0.729
IPE_004485,trademark,entity_recognition,technical_report,fr,manufacturing,True,trademark,0.847
IPE_004486,trademark,relation_extraction,research_paper,fr,biotechnology,True,trademark,0.808
IPE_004487,trademark,entity_recognition,patent_application,zh,automotive,True,trademark,0.799
IPE_004488,trademark,ip_detection,meeting_minutes,de,manufacturing,True,trademark,0.709
IPE_004489,trademark,ip_detection,patent_application,zh,automotive,True,trademark,0.632
IPE_004490,trademark,entity_recognition,patent_application,de,automotive,True,trademark,0.725
IPE_004491,trademark,ip_detection,patent_application,ja,energy,True,trademark,0.602
IPE_004492,trademark,entity_recognition,technical_report,zh,energy,True,trademark,0.678
IPE_004493,trademark,knowledge_extraction,technical_report,es,manufacturing,True,trademark,0.619
IPE_004494,trademark,ip_detection,legal_document,es,manufacturing,True,trademark,0.773
IPE_004495,trademark,relation_extraction,meeting_minutes,zh,biotechnology,True,trademark,0.814
IPE_004496,trademark,knowledge_extraction,patent_application,es,pharmaceutical,True,trademark,0.79
IPE_004497,trademark,ip_detection,patent_application,zh,pharmaceutical,True,trademark,0.65
IPE_004498,trademark,relation_extraction,patent_application,zh,manufacturing,True,trademark,0.707
IPE_004499,trademark,ip_detection,patent_application,ja,software,True,trademark,0.665
IPE_004500,trademark,entity_recognition,patent_application,de,aerospace,True,trademark,0.65
IPE_004501,trademark,entity_recognition,legal_document,de,aerospace,True,trademark,0.63
IPE_004502,trademark,relation_extraction,patent_application,es,automotive,True,trademark,0.704
IPE_004503,trademark,relation_extraction,technical_report,de,aerospace,True,trademark,0.668
IPE_004504,trademark,ip_detection,research_paper,de,biotechnology,True,trademark,0.715
IPE_004505,trademark,ip_detection,patent_application,es,aerospace,True,trademark,0.818
IPE_004506,trademark,relation_extraction,patent_application,de,energy,True,trademark,0.673
IPE_004507,trademark,knowledge_extraction,legal_document,de,software,True,trademark,0.723
IPE_004508,trademark,entity_recognition,meeting_minutes,en,energy,True,trademark,0.685
IPE_004509,trademark,ip_detection,patent_application,zh,pharmaceutical,True,trademark,0.838
IPE_004510,trademark,knowledge_extraction,technical_report,fr,aerospace,True,trademark,0.774
IPE_004511,trademark,relation_extraction,research_paper,fr,biotechnology,True,trademark,0.654
IPE_004512,trademark,entity_recognition,legal_document,ja,biotechnology,True,trademark,0.736
IPE_004513,trademark,entity_recognition,legal_document,en,biotechnology,True,trademark,0.697
IPE_004514,trademark,entity_recognition,patent_application,zh,software,True,trademark,0.644
IPE_004515,trademark,entity_recognition,legal_document,fr,aerospace,True,trademark,0.765
IPE_004516,trademark,entity_recognition,legal_document,en,pharmaceutical,True,trademark,0.763
IPE_004517,trademark,entity_recognition,patent_application,en,manufacturing,True,trademark,0.737
IPE_004518,trademark,ip_detection,technical_report,ja,pharmaceutical,True,trademark,0.613
IPE_004519,trademark,knowledge_extraction,technical_report,es,manufacturing,True,trademark,0.809
IPE_004520,trademark,entity_recognition,legal_document,fr,manufacturing,True,trademark,0.831
IPE_004521,trademark,relation_extraction,patent_application,de,automotive,True,trademark,0.672
IPE_004522,trademark,ip_detection,patent_application,fr,energy,True,trademark,0.625
IPE_004523,trademark,ip_detection,meeting_minutes,es,aerospace,True,trademark,0.783
IPE_004524,trademark,ip_detection,meeting_minutes,fr,biotechnology,True,trademark,0.702
IPE_004525,trademark,entity_recognition,legal_document,ja,automotive,True,trademark,0.812
IPE_004526,trademark,ip_detection,research_paper,fr,biotechnology,True,trademark,0.811
IPE_004527,trademark,entity_recognition,technical_report,zh,manufacturing,True,trademark,0.717
IPE_004528,trademark,ip_detection,meeting_minutes,ja,biotechnology,True,trademark,0.734
IPE_004529,trademark,ip_detection,meeting_minutes,es,aerospace,True,trademark,0.632
IPE_004530,trademark,ip_detection,legal_document,ja,pharmaceutical,True,trademark,0.616
IPE_004531,trademark,knowledge_extraction,research_paper,es,manufacturing,True,trademark,0.779
IPE_004532,trademark,relation_extraction,meeting_minutes,es,manufacturing,True,trademark,0.765
IPE_004533,trademark,entity_recognition,legal_document,fr,biotechnology,True,trademark,0.717
IPE_004534,trademark,knowledge_extraction,legal_document,ja,manufacturing,True,trademark,0.8
IPE_004535,trademark,entity_recognition,research_paper,es,automotive,True,trademark,0.845
IPE_004536,trademark,relation_extraction,legal_document,ja,energy,True,trademark,0.79
IPE_004537,trademark,relation_extraction,legal_document,en,software,True,trademark,0.786
IPE_004538,trademark,ip_detection,patent_application,en,manufacturing,True,trademark,0.752
IPE_004539,trademark,knowledge_extraction,research_paper,ja,aerospace,True,trademark,0.798
IPE_004540,trademark,knowledge_extraction,technical_report,zh,software,True,trademark,0.755
IPE_004541,trademark,entity_recognition,research_paper,fr,energy,True,trademark,0.763
IPE_004542,trademark,entity_recognition,patent_application,de,biotechnology,True,trademark,0.706
IPE_004543,trademark,relation_extraction,legal_document,ja,biotechnology,True,trademark,0.806
IPE_004544,trademark,relation_extraction,legal_document,en,pharmaceutical,True,trademark,0.606
IPE_004545,trademark,entity_recognition,research_paper,zh,automotive,True,trademark,0.687
IPE_004546,trademark,relation_extraction,research_paper,ja,automotive,True,trademark,0.842
IPE_004547,trademark,knowledge_extraction,technical_report,de,software,True,trademark,0.693
IPE_004548,trademark,knowledge_extraction,patent_application,fr,aerospace,True,trademark,0.747
IPE_004549,trademark,ip_detection,technical_report,de,automotive,True,trademark,0.759
IPE_004550,trademark,entity_recognition,patent_application,de,energy,True,trademark,0.676
IPE_004551,trademark,entity_recognition,legal_document,zh,pharmaceutical,True,trademark,0.683
IPE_004552,trademark,knowledge_extraction,technical_report,de,aerospace,True,trademark,0.804
IPE_004553,trademark,ip_detection,patent_application,de,energy,True,trademark,0.788
IPE_004554,trademark,knowledge_extraction,meeting_minutes,de,biotechnology,True,trademark,0.843
IPE_004555,trademark,entity_recognition,patent_application,de,aerospace,True,trademark,0.845
IPE_004556,trademark,entity_recognition,technical_report,fr,aerospace,True,trademark,0.627
IPE_004557,trademark,entity_recognition,legal_document,en,pharmaceutical,True,trademark,0.661
IPE_004558,trademark,knowledge_extraction,meeting_minutes,ja,manufacturing,True,trademark,0.834
IPE_004559,trademark,entity_recognition,technical_report,ja,energy,True,trademark,0.745
IPE_004560,trademark,relation_extraction,patent_application,en,automotive,True,trademark,0.823
IPE_004561,trademark,ip_detection,legal_document,zh,pharmaceutical,True,trademark,0.718
IPE_004562,trademark,entity_recognition,research_paper,zh,software,True,trademark,0.735
IPE_004563,trademark,relation_extraction,meeting_minutes,de,software,True,trademark,0.835
IPE_004564,trademark,relation_extraction,legal_document,zh,aerospace,True,trademark,0.845
IPE_004565,trademark,entity_recognition,research_paper,fr,aerospace,True,trademark,0.692
IPE_004566,trademark,ip_detection,patent_application,en,energy,True,trademark,0.821
IPE_004567,trademark,knowledge_extraction,research_paper,zh,pharmaceutical,True,trademark,0.665
IPE_004568,trademark,entity_recognition,research_paper,fr,automotive,True,trademark,0.674
IPE_004569,trademark,ip_detection,research_paper,fr,software,True,trademark,0.755
IPE_004570,trademark,relation_extraction,legal_document,de,aerospace,True,trademark,0.645
IPE_004571,trademark,knowledge_extraction,meeting_minutes,es,energy,True,trademark,0.826
IPE_004572,trademark,entity_recognition,patent_application,fr,energy,True,trademark,0.809
IPE_004573,trademark,knowledge_extraction,research_paper,de,software,True,trademark,0.689
IPE_004574,trademark,ip_detection,meeting_minutes,fr,manufacturing,True,trademark,0.8
IPE_004575,trademark,entity_recognition,patent_application,zh,automotive,True,trademark,0.614
IPE_004576,trademark,relation_extraction,research_paper,zh,aerospace,True,trademark,0.681
IPE_004577,trademark,knowledge_extraction,research_paper,ja,aerospace,True,trademark,0.785
IPE_004578,trademark,ip_detection,technical_report,ja,software,True,trademark,0.79
IPE_004579,trademark,relation_extraction,patent_application,ja,automotive,True,trademark,0.625
IPE_004580,trademark,entity_recognition,research_paper,es,pharmaceutical,True,trademark,0.847
IPE_004581,trademark,ip_detection,research_paper,es,biotechnology,True,trademark,0.818
IPE_004582,trademark,ip_detection,research_paper,zh,aerospace,True,trademark,0.8
IPE_004583,trademark,ip_detection,research_paper,de,software,True,trademark,0.824
IPE_004584,trademark,relation_extraction,patent_application,en,software,True,trademark,0.77
IPE_004585,trademark,entity_recognition,meeting_minutes,fr,software,True,trademark,0.734
IPE_004586,trademark,ip_detection,research_paper,zh,biotechnology,True,trademark,0.623
IPE_004587,trademark,entity_recognition,research_paper,de,automotive,True,trademark,0.797
IPE_004588,trademark,entity_recognition,technical_report,ja,aerospace,True,trademark,0.816
IPE_004589,trademark,knowledge_extraction,technical_report,en,manufacturing,True,trademark,0.694
IPE_004590,trademark,ip_detection,patent_application,de,aerospace,True,trademark,0.834
IPE_004591,trademark,entity_recognition,patent_application,de,biotechnology,True,trademark,0.681
IPE_004592,trademark,relation_extraction,technical_report,en,aerospace,True,trademark,0.636
IPE_004593,trademark,ip_detection,patent_application,de,software,True,trademark,0.665
IPE_004594,trademark,knowledge_extraction,patent_application,fr,automotive,True,trademark,0.624
IPE_004595,trademark,entity_recognition,research_paper,fr,energy,True,trademark,0.825
IPE_004596,trademark,entity_recognition,technical_report,zh,aerospace,True,trademark,0.718
IPE_004597,trademark,knowledge_extraction,patent_application,fr,energy,True,trademark,0.682
IPE_004598,trademark,entity_recognition,meeting_minutes,es,aerospace,True,trademark,0.751
IPE_004599,trademark,relation_extraction,legal_document,es,aerospace,True,trademark,0.634
IPE_004600,trademark,relation_extraction,research_paper,de,aerospace,True,trademark,0.754
IPE_004601,trademark,relation_extraction,research_paper,zh,manufacturing,True,trademark,0.613
IPE_004602,trademark,relation_extraction,legal_document,ja,software,True,trademark,0.711
IPE_004603,trademark,knowledge_extraction,patent_application,zh,pharmaceutical,True,trademark,0.826
IPE_004604,trademark,entity_recognition,meeting_minutes,zh,manufacturing,True,trademark,0.724
IPE_004605,trademark,relation_extraction,legal_document,ja,energy,True,trademark,0.622
IPE_004606,trademark,knowledge_extraction,meeting_minutes,fr,automotive,True,trademark,0.664
IPE_004607,trademark,knowledge_extraction,patent_application,fr,biotechnology,True,trademark,0.672
IPE_004608,trademark,relation_extraction,legal_document,es,biotechnology,True,trademark,0.644
IPE_004609,trademark,knowledge_extraction,legal_document,zh,manufacturing,True,trademark,0.826
IPE_004610,trademark,knowledge_extraction,legal_document,en,manufacturing,True,trademark,0.664
IPE_004611,trademark,entity_recognition,research_paper,fr,energy,True,trademark,0.647
IPE_004612,trademark,relation_extraction,legal_document,ja,biotechnology,True,trademark,0.813
IPE_004613,trademark,knowledge_extraction,technical_report,fr,biotechnology,True,trademark,0.763
IPE_004614,trademark,ip_detection,patent_application,en,manufacturing,True,trademark,0.608
IPE_004615,trademark,entity_recognition,research_paper,fr,automotive,True,trademark,0.783
IPE_004616,trademark,entity_recognition,legal_document,es,manufacturing,True,trademark,0.83
IPE_004617,trademark,entity_recognition,legal_document,ja,energy,True,trademark,0.626
IPE_004618,trademark,entity_recognition,research_paper,ja,biotechnology,True,trademark,0.697
IPE_004619,trademark,entity_recognition,legal_document,es,pharmaceutical,True,trademark,0.821
IPE_004620,trademark,ip_detection,legal_document,en,manufacturing,True,trademark,0.81
IPE_004621,trademark,relation_extraction,technical_report,en,manufacturing,True,trademark,0.633
IPE_004622,trademark,entity_recognition,technical_report,zh,pharmaceutical,True,trademark,0.791
IPE_004623,trademark,ip_detection,research_paper,es,pharmaceutical,True,trademark,0.64
IPE_004624,trademark,entity_recognition,patent_application,de,software,True,trademark,0.638
IPE_004625,trademark,relation_extraction,research_paper,ja,biotechnology,True,trademark,0.813
IPE_004626,trademark,ip_detection,patent_application,ja,aerospace,True,trademark,0.702
IPE_004627,trademark,knowledge_extraction,research_paper,ja,software,True,trademark,0.815
IPE_004628,trademark,entity_recognition,meeting_minutes,zh,biotechnology,True,trademark,0.74
IPE_004629,trademark,ip_detection,patent_application,ja,energy,True,trademark,0.72
IPE_004630,trademark,ip_detection,meeting_minutes,es,pharmaceutical,True,trademark,0.754
IPE_004631,trademark,relation_extraction,patent_application,ja,biotechnology,True,trademark,0.841
IPE_004632,trademark,entity_recognition,legal_document,de,software,True,trademark,0.605
IPE_004633,trademark,ip_detection,technical_report,es,automotive,True,trademark,0.681
IPE_004634,trademark,entity_recognition,legal_document,en,aerospace,True,trademark,0.813
IPE_004635,trademark,ip_detection,patent_application,en,biotechnology,True,trademark,0.734
IPE_004636,trademark,ip_detection,legal_document,en,energy,True,trademark,0.618
IPE_004637,trademark,relation_extraction,technical_report,fr,automotive,True,trademark,0.733
IPE_004638,trademark,knowledge_extraction,research_paper,fr,biotechnology,True,trademark,0.671
IPE_004639,trademark,relation_extraction,patent_application,zh,energy,True,trademark,0.844
IPE_004640,trademark,entity_recognition,patent_application,ja,software,True,trademark,0.68
IPE_004641,trademark,relation_extraction,meeting_minutes,ja,software,True,trademark,0.631
IPE_004642,trademark,knowledge_extraction,patent_application,es,manufacturing,True,trademark,0.603
IPE_004643,trademark,relation_extraction,research_paper,de,aerospace,True,trademark,0.623
IPE_004644,trademark,entity_recognition,legal_document,ja,pharmaceutical,True,trademark,0.698
IPE_004645,trademark,ip_detection,meeting_minutes,fr,pharmaceutical,True,trademark,0.847
IPE_004646,trademark,relation_extraction,legal_document,fr,aerospace,True,trademark,0.632
IPE_004647,trademark,ip_detection,legal_document,de,software,True,trademark,0.613
IPE_004648,trademark,entity_recognition,research_paper,ja,aerospace,True,trademark,0.798
IPE_004649,trademark,entity_recognition,technical_report,en,pharmaceutical,True,trademark,0.758
IPE_004650,trademark,entity_recognition,legal_document,en,energy,True,trademark,0.712
IPE_004651,copyright,entity_recognition,technical_report,en,manufacturing,True,patent,0.836
IPE_004652,copyright,knowledge_extraction,patent_application,ja,automotive,True,patent,0.748
IPE_004653,copyright,entity_recognition,technical_report,ja,manufacturing,True,patent,0.798
IPE_004654,copyright,entity_recognition,technical_report,ja,pharmaceutical,True,patent,0.771
IPE_004655,copyright,ip_detection,patent_application,en,aerospace,True,patent,0.836
IPE_004656,copyright,knowledge_extraction,patent_application,es,manufacturing,True,patent,0.738
IPE_004657,copyright,knowledge_extraction,legal_document,zh,pharmaceutical,True,patent,0.891
IPE_004658,copyright,relation_extraction,meeting_minutes,de,pharmaceutical,True,patent,0.719
IPE_004659,copyright,knowledge_extraction,research_paper,en,pharmaceutical,True,patent,0.849
IPE_004660,copyright,relation_extraction,legal_document,de,software,True,patent,0.887
IPE_004661,copyright,entity_recognition,patent_application,fr,software,True,patent,0.838
IPE_004662,copyright,relation_extraction,patent_application,en,energy,True,patent,0.858
IPE_004663,copyright,relation_extraction,technical_report,ja,automotive,True,patent,0.779
IPE_004664,copyright,entity_recognition,research_paper,de,software,True,patent,0.771
IPE_004665,copyright,relation_extraction,patent_application,zh,aerospace,True,patent,0.794
IPE_004666,copyright,entity_recognition,meeting_minutes,es,automotive,True,patent,0.853
IPE_004667,copyright,knowledge_extraction,legal_document,zh,energy,True,patent,0.824
IPE_004668,copyright,knowledge_extraction,technical_report,fr,pharmaceutical,True,patent,0.871
IPE_004669,copyright,entity_recognition,research_paper,en,energy,True,patent,0.814
IPE_004670,copyright,relation_extraction,legal_document,zh,energy,True,patent,0.84
IPE_004671,copyright,knowledge_extraction,meeting_minutes,zh,biotechnology,True,patent,0.77
IPE_004672,copyright,relation_extraction,meeting_minutes,zh,automotive,True,patent,0.725
IPE_004673,copyright,entity_recognition,research_paper,de,biotechnology,True,patent,0.858
IPE_004674,copyright,knowledge_extraction,research_paper,es,automotive,True,patent,0.717
IPE_004675,copyright,entity_recognition,legal_document,ja,energy,True,patent,0.819
IPE_004676,copyright,knowledge_extraction,legal_document,en,manufacturing,True,patent,0.816
IPE_004677,copyright,knowledge_extraction,legal_document,de,manufacturing,True,patent,0.776
IPE_004678,copyright,entity_recognition,patent_application,en,energy,True,patent,0.798
IPE_004679,copyright,ip_detection,legal_document,es,manufacturing,True,patent,0.714
IPE_004680,copyright,knowledge_extraction,patent_application,ja,automotive,True,patent,0.8
IPE_004681,copyright,entity_recognition,research_paper,zh,energy,True,patent,0.802
IPE_004682,copyright,relation_extraction,meeting_minutes,es,aerospace,True,patent,0.718
IPE_004683,copyright,relation_extraction,legal_document,en,energy,True,patent,0.778
IPE_004684,copyright,relation_extraction,research_paper,zh,automotive,True,patent,0.741
IPE_004685,copyright,relation_extraction,patent_application,en,aerospace,True,patent,0.879
IPE_004686,copyright,ip_detection,legal_document,de,software,True,patent,0.798
IPE_004687,copyright,relation_extraction,meeting_minutes,en,pharmaceutical,True,patent,0.739
IPE_004688,copyright,relation_extraction,research_paper,en,automotive,True,patent,0.742
IPE_004689,copyright,knowledge_extraction,patent_application,fr,software,True,patent,0.808
IPE_004690,copyright,relation_extraction,patent_application,ja,automotive,True,patent,0.797
IPE_004691,copyright,ip_detection,technical_report,ja,automotive,True,patent,0.748
IPE_004692,copyright,relation_extraction,patent_application,zh,manufacturing,True,patent,0.869
IPE_004693,copyright,entity_recognition,technical_report,fr,pharmaceutical,True,patent,0.846
IPE_004694,copyright,knowledge_extraction,research_paper,zh,manufacturing,True,patent,0.821
IPE_004695,copyright,knowledge_extraction,research_paper,en,automotive,True,patent,0.711
IPE_004696,copyright,relation_extraction,patent_application,ja,manufacturing,True,patent,0.854
IPE_004697,copyright,relation_extraction,patent_application,ja,software,True,patent,0.73
IPE_004698,copyright,entity_recognition,meeting_minutes,es,pharmaceutical,True,patent,0.899
IPE_004699,copyright,ip_detection,patent_application,en,automotive,True,patent,0.849
IPE_004700,copyright,ip_detection,patent_application,en,pharmaceutical,True,patent,0.889
IPE_004701,copyright,ip_detection,technical_report,fr,manufacturing,True,patent,0.808
IPE_004702,copyright,ip_detection,research_paper,zh,automotive,True,patent,0.896
IPE_004703,copyright,ip_detection,meeting_minutes,en,pharmaceutical,True,patent,0.79
IPE_004704,copyright,relation_extraction,patent_application,fr,automotive,True,patent,0.776
IPE_004705,copyright,ip_detection,meeting_minutes,zh,automotive,True,patent,0.864
IPE_004706,copyright,knowledge_extraction,research_paper,de,software,True,patent,0.752
IPE_004707,copyright,relation_extraction,patent_application,zh,pharmaceutical,True,patent,0.75
IPE_004708,copyright,ip_detection,patent_application,fr,software,True,patent,0.76
IPE_004709,copyright,relation_extraction,technical_report,es,software,True,patent,0.776
IPE_004710,copyright,relation_extraction,meeting_minutes,fr,aerospace,True,patent,0.812
IPE_004711,copyright,relation_extraction,meeting_minutes,ja,biotechnology,True,patent,0.846
IPE_004712,copyright,ip_detection,meeting_minutes,fr,software,True,patent,0.867
IPE_004713,copyright,relation_extraction,meeting_minutes,en,automotive,True,patent,0.792
IPE_004714,copyright,entity_recognition,technical_report,de,energy,True,patent,0.756
IPE_004715,copyright,entity_recognition,meeting_minutes,zh,automotive,True,patent,0.726
IPE_004716,copyright,knowledge_extraction,meeting_minutes,es,energy,True,patent,0.787
IPE_004717,copyright,ip_detection,legal_document,en,biotechnology,True,patent,0.748
IPE_004718,copyright,entity_recognition,patent_application,en,biotechnology,True,patent,0.829
IPE_004719,copyright,knowledge_extraction,legal_document,fr,software,True,patent,0.744
IPE_004720,copyright,ip_detection,research_paper,ja,automotive,True,patent,0.865
IPE_004721,copyright,entity_recognition,research_paper,de,aerospace,True,patent,0.743
IPE_004722,copyright,relation_extraction,research_paper,fr,automotive,True,patent,0.703
IPE_004723,copyright,entity_recognition,legal_document,es,aerospace,True,patent,0.79
IPE_004724,copyright,relation_extraction,patent_application,zh,aerospace,True,patent,0.794
IPE_004725,copyright,ip_detection,patent_application,ja,aerospace,True,patent,0.892
IPE_004726,copyright,relation_extraction,meeting_minutes,zh,energy,True,patent,0.722
IPE_004727,copyright,knowledge_extraction,research_paper,ja,automotive,True,patent,0.8
IPE_004728,copyright,knowledge_extraction,meeting_minutes,fr,manufacturing,True,patent,0.862
IPE_004729,copyright,relation_extraction,legal_document,en,automotive,True,patent,0.858
IPE_004730,copyright,entity_recognition,meeting_minutes,es,pharmaceutical,True,patent,0.79
IPE_004731,copyright,entity_recognition,meeting_minutes,fr,aerospace,True,patent,0.775
IPE_004732,copyright,relation_extraction,research_paper,zh,energy,True,patent,0.763
IPE_004733,copyright,relation_extraction,patent_application,zh,manufacturing,True,patent,0.773
IPE_004734,copyright,entity_recognition,patent_application,de,aerospace,True,patent,0.889
IPE_004735,copyright,ip_detection,legal_document,es,software,True,patent,0.794
IPE_004736,copyright,ip_detection,patent_application,en,automotive,True,patent,0.849
IPE_004737,copyright,knowledge_extraction,technical_report,en,energy,True,patent,0.738
IPE_004738,copyright,ip_detection,technical_report,zh,automotive,True,patent,0.758
IPE_004739,copyright,entity_recognition,patent_application,ja,automotive,True,patent,0.793
IPE_004740,copyright,entity_recognition,research_paper,en,energy,True,patent,0.729
IPE_004741,copyright,relation_extraction,meeting_minutes,de,manufacturing,True,patent,0.751
IPE_004742,copyright,knowledge_extraction,research_paper,en,automotive,True,patent,0.701
IPE_004743,copyright,knowledge_extraction,research_paper,fr,software,True,patent,0.841
IPE_004744,copyright,entity_recognition,technical_report,fr,energy,True,patent,0.772
IPE_004745,copyright,entity_recognition,meeting_minutes,ja,manufacturing,True,patent,0.897
IPE_004746,copyright,entity_recognition,legal_document,es,pharmaceutical,True,patent,0.739
IPE_004747,copyright,entity_recognition,patent_application,en,biotechnology,True,patent,0.865
IPE_004748,copyright,knowledge_extraction,research_paper,ja,aerospace,True,patent,0.82
IPE_004749,copyright,knowledge_extraction,meeting_minutes,fr,pharmaceutical,True,patent,0.792
IPE_004750,copyright,ip_detection,research_paper,es,manufacturing,True,patent,0.7
IPE_004751,copyright,relation_extraction,patent_application,ja,aerospace,True,patent,0.821
IPE_004752,copyright,relation_extraction,technical_report,fr,energy,True,patent,0.757
IPE_004753,copyright,entity_recognition,technical_report,de,pharmaceutical,True,patent,0.717
IPE_004754,copyright,knowledge_extraction,meeting_minutes,en,energy,True,patent,0.75
IPE_004755,copyright,relation_extraction,research_paper,fr,energy,True,patent,0.897
IPE_004756,copyright,ip_detection,research_paper,zh,pharmaceutical,True,patent,0.785
IPE_004757,copyright,ip_detection,legal_document,en,aerospace,True,patent,0.701
IPE_004758,copyright,entity_recognition,technical_report,ja,aerospace,True,patent,0.761
IPE_004759,copyright,ip_detection,patent_application,en,pharmaceutical,True,patent,0.865
IPE_004760,copyright,entity_recognition,meeting_minutes,ja,pharmaceutical,True,patent,0.879
IPE_004761,copyright,entity_recognition,legal_document,es,energy,True,patent,0.84
IPE_004762,copyright,ip_detection,meeting_minutes,es,automotive,True,patent,0.733
IPE_004763,copyright,ip_detection,meeting_minutes,fr,software,True,patent,0.713
IPE_004764,copyright,entity_recognition,technical_report,de,software,True,patent,0.832
IPE_004765,copyright,knowledge_extraction,patent_application,de,software,True,patent,0.76
IPE_004766,copyright,ip_detection,legal_document,zh,software,True,patent,0.77
IPE_004767,copyright,entity_recognition,legal_document,de,aerospace,True,patent,0.738
IPE_004768,copyright,relation_extraction,meeting_minutes,es,automotive,True,patent,0.826
IPE_004769,copyright,relation_extraction,patent_application,ja,software,True,patent,0.716
IPE_004770,copyright,ip_detection,patent_application,de,manufacturing,True,patent,0.822
IPE_004771,copyright,relation_extraction,research_paper,en,automotive,True,patent,0.783
IPE_004772,copyright,ip_detection,technical_report,fr,pharmaceutical,True,patent,0.879
IPE_004773,copyright,entity_recognition,legal_document,de,manufacturing,True,patent,0.836
IPE_004774,copyright,relation_extraction,legal_document,ja,software,True,patent,0.767
IPE_004775,copyright,relation_extraction,legal_document,ja,biotechnology,True,patent,0.826
IPE_004776,copyright,ip_detection,research_paper,de,biotechnology,True,patent,0.819
IPE_004777,copyright,knowledge_extraction,patent_application,ja,automotive,True,patent,0.723
IPE_004778,copyright,entity_recognition,legal_document,ja,manufacturing,True,patent,0.794
IPE_004779,copyright,ip_detection,legal_document,ja,aerospace,True,patent,0.724
IPE_004780,copyright,ip_detection,patent_application,en,manufacturing,True,patent,0.804
IPE_004781,copyright,knowledge_extraction,patent_application,en,aerospace,True,patent,0.889
IPE_004782,copyright,ip_detection,research_paper,es,automotive,True,patent,0.71
IPE_004783,copyright,knowledge_extraction,technical_report,ja,pharmaceutical,True,patent,0.854
IPE_004784,copyright,entity_recognition,legal_document,es,pharmaceutical,True,patent,0.894
IPE_004785,copyright,relation_extraction,legal_document,en,aerospace,True,patent,0.74
IPE_004786,copyright,knowledge_extraction,technical_report,fr,manufacturing,True,patent,0.894
IPE_004787,copyright,relation_extraction,legal_document,en,energy,True,patent,0.759
IPE_004788,copyright,entity_recognition,technical_report,zh,automotive,True,patent,0.751
IPE_004789,copyright,relation_extraction,patent_application,ja,automotive,True,patent,0.717
IPE_004790,copyright,entity_recognition,legal_document,ja,energy,True,patent,0.721
IPE_004791,copyright,relation_extraction,technical_report,en,aerospace,True,patent,0.735
IPE_004792,copyright,relation_extraction,technical_report,zh,aerospace,True,patent,0.853
IPE_004793,copyright,relation_extraction,patent_application,fr,aerospace,True,patent,0.758
IPE_004794,copyright,entity_recognition,meeting_minutes,ja,biotechnology,True,patent,0.744
IPE_004795,copyright,ip_detection,meeting_minutes,es,aerospace,True,patent,0.795
IPE_004796,copyright,entity_recognition,research_paper,es,aerospace,True,patent,0.739
IPE_004797,copyright,knowledge_extraction,technical_report,zh,aerospace,True,patent,0.728
IPE_004798,copyright,knowledge_extraction,research_paper,ja,pharmaceutical,True,patent,0.762
IPE_004799,copyright,ip_detection,research_paper,de,aerospace,True,patent,0.729
IPE_004800,copyright,entity_recognition,technical_report,fr,manufacturing,True,patent,0.795
IPE_004801,copyright,ip_detection,technical_report,en,software,True,patent,0.836
IPE_004802,copyright,ip_detection,meeting_minutes,fr,biotechnology,True,patent,0.878
IPE_004803,copyright,entity_recognition,research_paper,en,biotechnology,True,patent,0.782
IPE_004804,copyright,relation_extraction,patent_application,ja,energy,True,patent,0.722
IPE_004805,copyright,entity_recognition,research_paper,zh,biotechnology,True,patent,0.737
IPE_004806,copyright,entity_recognition,meeting_minutes,de,aerospace,True,patent,0.7
IPE_004807,copyright,knowledge_extraction,patent_application,es,biotechnology,True,patent,0.851
IPE_004808,copyright,knowledge_extraction,patent_application,de,energy,True,patent,0.802
IPE_004809,copyright,ip_detection,patent_application,de,energy,True,patent,0.762
IPE_004810,copyright,ip_detection,legal_document,de,manufacturing,True,patent,0.7
IPE_004811,copyright,relation_extraction,patent_application,es,automotive,True,patent,0.775
IPE_004812,copyright,relation_extraction,research_paper,en,software,True,patent,0.876
IPE_004813,copyright,relation_extraction,meeting_minutes,fr,biotechnology,True,patent,0.767
IPE_004814,copyright,relation_extraction,technical_report,zh,manufacturing,True,patent,0.868
IPE_004815,copyright,knowledge_extraction,technical_report,ja,energy,True,patent,0.781
IPE_004816,copyright,relation_extraction,meeting_minutes,en,pharmaceutical,True,patent,0.768
IPE_004817,copyright,relation_extraction,technical_report,de,pharmaceutical,True,patent,0.793
IPE_004818,copyright,relation_extraction,patent_application,fr,biotechnology,True,patent,0.839
IPE_004819,copyright,relation_extraction,legal_document,zh,manufacturing,True,patent,0.846
IPE_004820,copyright,relation_extraction,research_paper,fr,aerospace,True,patent,0.74
IPE_004821,copyright,relation_extraction,research_paper,zh,automotive,True,patent,0.867
IPE_004822,copyright,ip_detection,research_paper,fr,pharmaceutical,True,patent,0.843
IPE_004823,copyright,knowledge_extraction,meeting_minutes,zh,energy,True,patent,0.838
IPE_004824,copyright,ip_detection,technical_report,zh,automotive,True,patent,0.789
IPE_004825,copyright,relation_extraction,meeting_minutes,ja,energy,True,patent,0.827
IPE_004826,copyright,ip_detection,meeting_minutes,de,pharmaceutical,True,patent,0.855
IPE_004827,copyright,relation_extraction,patent_application,zh,aerospace,True,patent,0.769
IPE_004828,copyright,knowledge_extraction,legal_document,es,energy,True,patent,0.721
IPE_004829,copyright,knowledge_extraction,patent_application,en,manufacturing,True,patent,0.882
IPE_004830,copyright,knowledge_extraction,meeting_minutes,de,biotechnology,True,patent,0.804
IPE_004831,copyright,entity_recognition,meeting_minutes,ja,energy,True,patent,0.763
IPE_004832,copyright,entity_recognition,research_paper,zh,biotechnology,True,patent,0.876
IPE_004833,copyright,knowledge_extraction,research_paper,zh,pharmaceutical,True,patent,0.828
IPE_004834,copyright,knowledge_extraction,legal_document,zh,energy,True,patent,0.845
IPE_004835,copyright,relation_extraction,research_paper,fr,pharmaceutical,True,patent,0.74
IPE_004836,copyright,relation_extraction,patent_application,en,energy,True,patent,0.853
IPE_004837,copyright,entity_recognition,technical_report,de,manufacturing,True,patent,0.767
IPE_004838,copyright,ip_detection,technical_report,ja,aerospace,True,patent,0.856
IPE_004839,copyright,ip_detection,meeting_minutes,zh,aerospace,True,patent,0.82
IPE_004840,copyright,entity_recognition,meeting_minutes,ja,automotive,True,patent,0.704
IPE_004841,copyright,relation_extraction,technical_report,zh,biotechnology,True,patent,0.87
IPE_004842,copyright,entity_recognition,patent_application,zh,automotive,True,patent,0.707
IPE_004843,copyright,relation_extraction,technical_report,ja,biotechnology,True,patent,0.824
IPE_004844,copyright,relation_extraction,patent_application,ja,automotive,True,patent,0.809
IPE_004845,copyright,ip_detection,research_paper,de,manufacturing,True,patent,0.734
IPE_004846,copyright,knowledge_extraction,legal_document,ja,energy,True,patent,0.84
IPE_004847,copyright,relation_extraction,legal_document,ja,pharmaceutical,True,patent,0.863
IPE_004848,copyright,entity_recognition,legal_document,zh,automotive,True,patent,0.862
IPE_004849,copyright,entity_recognition,patent_application,ja,manufacturing,True,patent,0.826
IPE_004850,copyright,knowledge_extraction,legal_document,de,aerospace,True,patent,0.802
IPE_004851,copyright,relation_extraction,technical_report,de,energy,True,patent,0.861
IPE_004852,copyright,ip_detection,technical_report,de,automotive,True,patent,0.857
IPE_004853,copyright,entity_recognition,meeting_minutes,de,aerospace,True,patent,0.716
IPE_004854,copyright,relation_extraction,meeting_minutes,en,manufacturing,True,patent,0.737
IPE_004855,copyright,entity_recognition,patent_application,fr,automotive,True,patent,0.836
IPE_004856,copyright,knowledge_extraction,technical_report,en,energy,True,patent,0.722
IPE_004857,copyright,knowledge_extraction,technical_report,es,manufacturing,True,patent,0.732
IPE_004858,copyright,knowledge_extraction,technical_report,zh,energy,True,patent,0.803
IPE_004859,copyright,ip_detection,legal_document,en,manufacturing,True,patent,0.714
IPE_004860,copyright,entity_recognition,research_paper,ja,energy,True,patent,0.868
IPE_004861,copyright,ip_detection,patent_application,de,software,True,patent,0.723
IPE_004862,copyright,relation_extraction,legal_document,fr,aerospace,True,patent,0.829
IPE_004863,copyright,knowledge_extraction,meeting_minutes,ja,pharmaceutical,True,patent,0.882
IPE_004864,copyright,relation_extraction,technical_report,de,pharmaceutical,True,patent,0.836
IPE_004865,copyright,knowledge_extraction,legal_document,en,automotive,True,patent,0.897
IPE_004866,copyright,ip_detection,patent_application,en,manufacturing,True,patent,0.87
IPE_004867,copyright,knowledge_extraction,legal_document,en,pharmaceutical,True,patent,0.764
IPE_004868,copyright,entity_recognition,legal_document,fr,manufacturing,True,patent,0.748
IPE_004869,copyright,ip_detection,meeting_minutes,en,automotive,True,patent,0.832
IPE_004870,copyright,relation_extraction,research_paper,en,aerospace,True,patent,0.85
IPE_004871,copyright,entity_recognition,technical_report,de,pharmaceutical,True,patent,0.873
IPE_004872,copyright,ip_detection,technical_report,es,software,True,patent,0.856
IPE_004873,copyright,knowledge_extraction,patent_application,en,aerospace,True,patent,0.732
IPE_004874,copyright,relation_extraction,patent_application,zh,energy,True,patent,0.717
IPE_004875,copyright,entity_recognition,technical_report,zh,biotechnology,True,patent,0.877
IPE_004876,copyright,ip_detection,research_paper,en,automotive,True,patent,0.866
IPE_004877,copyright,ip_detection,technical_report,de,manufacturing,True,patent,0.8
IPE_004878,copyright,entity_recognition,legal_document,zh,pharmaceutical,True,patent,0.895
IPE_004879,copyright,entity_recognition,meeting_minutes,zh,energy,True,patent,0.853
IPE_004880,copyright,relation_extraction,patent_application,es,biotechnology,True,patent,0.777
IPE_004881,copyright,knowledge_extraction,research_paper,fr,pharmaceutical,True,patent,0.872
IPE_004882,copyright,knowledge_extraction,technical_report,de,automotive,True,patent,0.812
IPE_004883,copyright,ip_detection,patent_application,zh,manufacturing,True,patent,0.866
IPE_004884,copyright,entity_recognition,research_paper,zh,automotive,True,patent,0.875
IPE_004885,copyright,knowledge_extraction,technical_report,fr,automotive,True,patent,0.893
IPE_004886,copyright,relation_extraction,patent_application,ja,energy,True,patent,0.719
IPE_004887,copyright,entity_recognition,patent_application,ja,pharmaceutical,True,patent,0.798
IPE_004888,copyright,entity_recognition,technical_report,de,automotive,True,patent,0.782
IPE_004889,copyright,relation_extraction,research_paper,en,automotive,True,patent,0.77
IPE_004890,copyright,ip_detection,research_paper,en,pharmaceutical,True,patent,0.75
IPE_004891,copyright,knowledge_extraction,patent_application,zh,aerospace,True,patent,0.827
IPE_004892,copyright,entity_recognition,research_paper,zh,aerospace,True,patent,0.822
IPE_004893,copyright,ip_detection,patent_application,es,biotechnology,True,patent,0.758
IPE_004894,copyright,entity_recognition,meeting_minutes,fr,automotive,True,patent,0.855
IPE_004895,copyright,entity_recognition,research_paper,ja,aerospace,True,patent,0.81
IPE_004896,copyright,ip_detection,patent_application,es,automotive,True,patent,0.872
IPE_004897,copyright,ip_detection,research_paper,en,manufacturing,True,patent,0.775
IPE_004898,copyright,relation_extraction,meeting_minutes,es,aerospace,True,patent,0.732
IPE_004899,copyright,knowledge_extraction,patent_application,zh,manufacturing,True,patent,0.711
IPE_004900,copyright,entity_recognition,patent_application,zh,aerospace,True,patent,0.84
IPE_004901,copyright,relation_extraction,meeting_minutes,de,automotive,True,patent,0.811
IPE_004902,copyright,entity_recognition,technical_report,ja,automotive,True,patent,0.847
IPE_004903,copyright,entity_recognition,research_paper,es,automotive,True,patent,0.714
IPE_004904,copyright,ip_detection,meeting_minutes,de,automotive,True,patent,0.778
IPE_004905,copyright,knowledge_extraction,legal_document,de,software,True,patent,0.763
IPE_004906,copyright,ip_detection,patent_application,en,manufacturing,True,patent,0.749
IPE_004907,copyright,knowledge_extraction,patent_application,zh,automotive,True,patent,0.771
IPE_004908,copyright,relation_extraction,technical_report,de,aerospace,True,patent,0.736
IPE_004909,copyright,ip_detection,legal_document,fr,manufacturing,True,patent,0.862
IPE_004910,copyright,entity_recognition,meeting_minutes,ja,aerospace,True,patent,0.725
IPE_004911,copyright,entity_recognition,technical_report,fr,aerospace,True,patent,0.857
IPE_004912,copyright,relation_extraction,patent_application,en,energy,True,patent,0.718
IPE_004913,copyright,ip_detection,technical_report,en,aerospace,True,patent,0.765
IPE_004914,copyright,entity_recognition,research_paper,fr,biotechnology,True,patent,0.704
IPE_004915,copyright,entity_recognition,meeting_minutes,de,biotechnology,True,patent,0.802
IPE_004916,copyright,ip_detection,research_paper,zh,pharmaceutical,True,patent,0.752
IPE_004917,copyright,entity_recognition,legal_document,ja,biotechnology,True,patent,0.881
IPE_004918,copyright,ip_detection,legal_document,en,software,True,patent,0.868
IPE_004919,copyright,knowledge_extraction,research_paper,ja,automotive,True,patent,0.722
IPE_004920,copyright,entity_recognition,research_paper,de,pharmaceutical,True,patent,0.884
IPE_004921,copyright,knowledge_extraction,legal_document,de,biotechnology,True,patent,0.768
IPE_004922,copyright,knowledge_extraction,legal_document,en,software,True,patent,0.759
IPE_004923,copyright,knowledge_extraction,legal_document,de,automotive,True,patent,0.816
IPE_004924,copyright,entity_recognition,meeting_minutes,ja,automotive,True,patent,0.863
IPE_004925,copyright,relation_extraction,legal_document,fr,aerospace,True,patent,0.738
IPE_004926,copyright,ip_detection,patent_application,de,manufacturing,True,patent,0.9
IPE_004927,copyright,relation_extraction,technical_report,es,energy,True,patent,0.883
IPE_004928,copyright,ip_detection,legal_document,de,energy,True,patent,0.795
IPE_004929,copyright,relation_extraction,meeting_minutes,es,energy,True,patent,0.812
IPE_004930,copyright,entity_recognition,technical_report,fr,automotive,True,patent,0.818
IPE_004931,copyright,entity_recognition,legal_document,fr,biotechnology,True,patent,0.711
IPE_004932,copyright,knowledge_extraction,meeting_minutes,ja,automotive,True,patent,0.766
IPE_004933,copyright,ip_detection,legal_document,es,biotechnology,True,patent,0.778
IPE_004934,copyright,ip_detection,legal_document,fr,manufacturing,True,patent,0.755
IPE_004935,copyright,entity_recognition,meeting_minutes,ja,software,True,patent,0.857
IPE_004936,copyright,entity_recognition,patent_application,fr,energy,True,patent,0.785
IPE_004937,copyright,relation_extraction,patent_application,en,biotechnology,True,patent,0.702
IPE_004938,copyright,knowledge_extraction,patent_application,zh,pharmaceutical,True,patent,0.771
IPE_004939,copyright,ip_detection,technical_report,de,manufacturing,True,patent,0.805
IPE_004940,copyright,relation_extraction,legal_document,en,biotechnology,True,patent,0.865
IPE_004941,copyright,knowledge_extraction,legal_document,de,pharmaceutical,True,patent,0.792
IPE_004942,copyright,ip_detection,technical_report,fr,biotechnology,True,patent,0.773
IPE_004943,copyright,relation_extraction,research_paper,en,energy,True,patent,0.784
IPE_004944,copyright,relation_extraction,patent_application,fr,manufacturing,True,patent,0.702
IPE_004945,copyright,knowledge_extraction,legal_document,es,energy,True,patent,0.772
IPE_004946,copyright,relation_extraction,patent_application,zh,automotive,True,patent,0.896
IPE_004947,copyright,entity_recognition,meeting_minutes,zh,pharmaceutical,True,patent,0.862
IPE_004948,copyright,ip_detection,technical_report,ja,biotechnology,True,patent,0.766
IPE_004949,copyright,ip_detection,patent_application,es,software,True,patent,0.741
IPE_004950,copyright,relation_extraction,technical_report,ja,software,True,patent,0.709
IPE_004951,copyright,relation_extraction,research_paper,en,software,True,patent,0.817
IPE_004952,copyright,knowledge_extraction,legal_document,de,biotechnology,True,patent,0.74
IPE_004953,copyright,entity_recognition,patent_application,fr,pharmaceutical,True,patent,0.764
IPE_004954,copyright,relation_extraction,legal_document,de,manufacturing,True,patent,0.792
IPE_004955,copyright,relation_extraction,meeting_minutes,es,manufacturing,True,patent,0.865
IPE_004956,copyright,ip_detection,research_paper,es,biotechnology,True,patent,0.877
IPE_004957,copyright,relation_extraction,meeting_minutes,zh,biotechnology,True,patent,0.832
IPE_004958,copyright,knowledge_extraction,research_paper,fr,automotive,True,patent,0.756
IPE_004959,copyright,entity_recognition,research_paper,de,manufacturing,True,patent,0.835
IPE_004960,copyright,relation_extraction,meeting_minutes,fr,manufacturing,True,patent,0.852
IPE_004961,copyright,knowledge_extraction,legal_document,fr,pharmaceutical,True,patent,0.876
IPE_004962,copyright,entity_recognition,legal_document,fr,pharmaceutical,True,patent,0.814
IPE_004963,copyright,relation_extraction,research_paper,ja,pharmaceutical,True,patent,0.806
IPE_004964,copyright,ip_detection,meeting_minutes,en,software,True,patent,0.715
IPE_004965,copyright,entity_recognition,legal_document,ja,pharmaceutical,True,patent,0.818
IPE_004966,copyright,relation_extraction,patent_application,ja,software,True,patent,0.785
IPE_004967,copyright,relation_extraction,technical_report,es,automotive,True,patent,0.842
IPE_004968,copyright,ip_detection,technical_report,es,pharmaceutical,True,patent,0.819
IPE_004969,copyright,entity_recognition,legal_document,ja,manufacturing,True,patent,0.873
IPE_004970,copyright,relation_extraction,research_paper,de,automotive,True,patent,0.819
IPE_004971,copyright,relation_extraction,meeting_minutes,ja,software,True,patent,0.8
IPE_004972,copyright,knowledge_extraction,meeting_minutes,fr,software,True,patent,0.705
IPE_004973,copyright,relation_extraction,meeting_minutes,es,pharmaceutical,True,patent,0.8
IPE_004974,copyright,knowledge_extraction,meeting_minutes,ja,automotive,True,patent,0.727
IPE_004975,copyright,knowledge_extraction,technical_report,de,pharmaceutical,True,patent,0.745
IPE_004976,copyright,knowledge_extraction,research_paper,de,pharmaceutical,True,patent,0.744
IPE_004977,copyright,knowledge_extraction,meeting_minutes,de,pharmaceutical,True,patent,0.858
IPE_004978,copyright,entity_recognition,technical_report,fr,automotive,True,patent,0.772
IPE_004979,copyright,knowledge_extraction,legal_document,fr,energy,True,patent,0.872
IPE_004980,copyright,ip_detection,legal_document,de,aerospace,True,patent,0.754
IPE_004981,copyright,relation_extraction,patent_application,zh,biotechnology,True,patent,0.735
IPE_004982,copyright,ip_detection,technical_report,de,biotechnology,True,patent,0.848
IPE_004983,copyright,knowledge_extraction,research_paper,fr,manufacturing,True,patent,0.712
IPE_004984,copyright,relation_extraction,research_paper,en,pharmaceutical,True,patent,0.739
IPE_004985,copyright,knowledge_extraction,legal_document,es,automotive,True,patent,0.767
IPE_004986,copyright,ip_detection,patent_application,es,software,True,patent,0.888
IPE_004987,copyright,ip_detection,patent_application,es,pharmaceutical,True,patent,0.867
IPE_004988,copyright,knowledge_extraction,technical_report,fr,software,True,patent,0.87
IPE_004989,copyright,ip_detection,patent_application,de,biotechnology,True,patent,0.84
IPE_004990,copyright,relation_extraction,legal_document,ja,automotive,True,patent,0.882
IPE_004991,copyright,knowledge_extraction,technical_report,en,software,True,patent,0.715
IPE_004992,copyright,ip_detection,research_paper,ja,pharmaceutical,True,patent,0.722
IPE_004993,copyright,knowledge_extraction,legal_document,de,automotive,True,patent,0.856
IPE_004994,copyright,knowledge_extraction,legal_document,en,manufacturing,True,patent,0.731
IPE_004995,copyright,knowledge_extraction,technical_report,zh,pharmaceutical,True,patent,0.799
IPE_004996,copyright,relation_extraction,patent_application,fr,biotechnology,True,patent,0.844
IPE_004997,copyright,knowledge_extraction,patent_application,ja,automotive,True,patent,0.856
IPE_004998,copyright,knowledge_extraction,research_paper,zh,manufacturing,True,patent,0.857
IPE_004999,copyright,ip_detection,research_paper,en,biotechnology,True,patent,0.725
IPE_005000,copyright,knowledge_extraction,technical_report,de,aerospace,True,patent,0.792
IPE_005001,copyright,entity_recognition,legal_document,de,manufacturing,True,patent,0.82
IPE_005002,copyright,knowledge_extraction,technical_report,zh,manufacturing,True,patent,0.813
IPE_005003,copyright,relation_extraction,patent_application,ja,biotechnology,True,patent,0.79
IPE_005004,copyright,relation_extraction,patent_application,es,software,True,patent,0.84
IPE_005005,copyright,knowledge_extraction,meeting_minutes,zh,energy,True,patent,0.795
IPE_005006,copyright,knowledge_extraction,technical_report,es,software,True,patent,0.83
IPE_005007,copyright,knowledge_extraction,meeting_minutes,de,software,True,patent,0.792
IPE_005008,copyright,relation_extraction,technical_report,fr,energy,True,patent,0.781
IPE_005009,copyright,entity_recognition,legal_document,fr,manufacturing,True,patent,0.876
IPE_005010,copyright,relation_extraction,meeting_minutes,de,manufacturing,True,patent,0.756
IPE_005011,copyright,relation_extraction,meeting_minutes,ja,automotive,True,patent,0.893
IPE_005012,copyright,knowledge_extraction,meeting_minutes,ja,software,True,patent,0.772
IPE_005013,copyright,entity_recognition,research_paper,de,energy,True,patent,0.74
IPE_005014,copyright,entity_recognition,technical_report,en,software,True,patent,0.854
IPE_005015,copyright,entity_recognition,legal_document,fr,aerospace,True,patent,0.804
IPE_005016,copyright,ip_detection,meeting_minutes,zh,pharmaceutical,True,patent,0.853
IPE_005017,copyright,knowledge_extraction,patent_application,zh,software,True,patent,0.731
IPE_005018,copyright,entity_recognition,legal_document,fr,pharmaceutical,True,patent,0.853
IPE_005019,copyright,knowledge_extraction,legal_document,zh,manufacturing,True,patent,0.81
IPE_005020,copyright,entity_recognition,legal_document,es,manufacturing,True,patent,0.718
IPE_005021,copyright,ip_detection,patent_application,en,aerospace,True,patent,0.765
IPE_005022,copyright,ip_detection,research_paper,en,manufacturing,True,patent,0.841
IPE_005023,copyright,entity_recognition,technical_report,de,pharmaceutical,True,patent,0.717
IPE_005024,copyright,relation_extraction,technical_report,ja,automotive,True,patent,0.81
IPE_005025,copyright,entity_recognition,patent_application,fr,biotechnology,True,patent,0.756
IPE_005026,copyright,relation_extraction,patent_application,fr,biotechnology,True,patent,0.811
IPE_005027,copyright,knowledge_extraction,patent_application,zh,aerospace,True,patent,0.801
IPE_005028,copyright,ip_detection,meeting_minutes,zh,energy,True,patent,0.807
IPE_005029,copyright,ip_detection,legal_document,fr,biotechnology,True,patent,0.843
IPE_005030,copyright,relation_extraction,patent_application,de,biotechnology,True,patent,0.747
IPE_005031,copyright,knowledge_extraction,research_paper,ja,manufacturing,True,patent,0.722
IPE_005032,copyright,ip_detection,research_paper,fr,automotive,True,patent,0.742
IPE_005033,copyright,relation_extraction,meeting_minutes,fr,manufacturing,True,patent,0.818
IPE_005034,copyright,knowledge_extraction,patent_application,ja,biotechnology,True,patent,0.707
IPE_005035,copyright,entity_recognition,legal_document,fr,manufacturing,True,patent,0.741
IPE_005036,copyright,entity_recognition,legal_document,de,automotive,True,patent,0.776
IPE_005037,copyright,entity_recognition,meeting_minutes,zh,pharmaceutical,True,patent,0.763
IPE_005038,copyright,entity_recognition,legal_document,fr,pharmaceutical,True,patent,0.734
IPE_005039,copyright,knowledge_extraction,technical_report,zh,software,True,patent,0.713
IPE_005040,copyright,entity_recognition,meeting_minutes,es,biotechnology,True,patent,0.812
IPE_005041,copyright,relation_extraction,research_paper,en,biotechnology,True,patent,0.811
IPE_005042,copyright,entity_recognition,patent_application,ja,energy,True,patent,0.742
IPE_005043,copyright,knowledge_extraction,legal_document,zh,manufacturing,True,patent,0.751
IPE_005044,copyright,knowledge_extraction,meeting_minutes,de,software,True,patent,0.769
IPE_005045,copyright,relation_extraction,meeting_minutes,ja,software,True,patent,0.797
IPE_005046,copyright,knowledge_extraction,patent_application,en,biotechnology,True,patent,0.736
IPE_005047,copyright,ip_detection,research_paper,fr,manufacturing,True,patent,0.726
IPE_005048,copyright,entity_recognition,research_paper,es,manufacturing,True,patent,0.813
IPE_005049,copyright,relation_extraction,patent_application,zh,automotive,True,patent,0.83
IPE_005050,copyright,ip_detection,legal_document,fr,software,True,patent,0.851
IPE_005051,copyright,entity_recognition,patent_application,en,energy,True,patent,0.724
IPE_005052,copyright,knowledge_extraction,legal_document,zh,manufacturing,True,patent,0.776
IPE_005053,copyright,knowledge_extraction,research_paper,zh,pharmaceutical,True,patent,0.783
IPE_005054,copyright,relation_extraction,patent_application,ja,aerospace,True,patent,0.725
IPE_005055,copyright,ip_detection,meeting_minutes,en,software,True,patent,0.751
IPE_005056,copyright,ip_detection,patent_application,de,software,True,patent,0.849
IPE_005057,copyright,knowledge_extraction,patent_application,fr,software,True,patent,0.783
IPE_005058,copyright,relation_extraction,meeting_minutes,de,energy,True,patent,0.837
IPE_005059,copyright,relation_extraction,technical_report,zh,pharmaceutical,True,patent,0.887
IPE_005060,copyright,ip_detection,legal_document,en,biotechnology,True,patent,0.741
IPE_005061,copyright,knowledge_extraction,patent_application,de,manufacturing,True,patent,0.801
IPE_005062,copyright,ip_detection,meeting_minutes,fr,manufacturing,True,patent,0.856
IPE_005063,copyright,relation_extraction,patent_application,de,automotive,True,patent,0.742
IPE_005064,copyright,ip_detection,meeting_minutes,ja,aerospace,True,patent,0.707
IPE_005065,copyright,entity_recognition,patent_application,fr,software,True,patent,0.88
IPE_005066,copyright,entity_recognition,research_paper,zh,biotechnology,True,patent,0.789
IPE_005067,copyright,ip_detection,patent_application,es,energy,True,patent,0.789
IPE_005068,copyright,ip_detection,legal_document,de,manufacturing,True,patent,0.745
IPE_005069,copyright,relation_extraction,technical_report,es,automotive,True,patent,0.889
IPE_005070,copyright,knowledge_extraction,patent_application,es,energy,True,patent,0.759
IPE_005071,copyright,entity_recognition,technical_report,es,aerospace,True,patent,0.791
IPE_005072,copyright,knowledge_extraction,patent_application,es,aerospace,True,patent,0.729
IPE_005073,copyright,knowledge_extraction,legal_document,en,aerospace,True,patent,0.821
IPE_005074,copyright,entity_recognition,research_paper,ja,aerospace,True,patent,0.757
IPE_005075,copyright,relation_extraction,legal_document,de,automotive,True,patent,0.88
IPE_005076,copyright,ip_detection,patent_application,en,energy,True,patent,0.836
IPE_005077,copyright,relation_extraction,patent_application,de,biotechnology,True,patent,0.703
IPE_005078,copyright,knowledge_extraction,research_paper,en,automotive,True,patent,0.835
IPE_005079,copyright,entity_recognition,meeting_minutes,de,pharmaceutical,True,patent,0.845
IPE_005080,copyright,relation_extraction,patent_application,zh,pharmaceutical,True,patent,0.803
IPE_005081,copyright,knowledge_extraction,patent_application,zh,software,True,patent,0.853
IPE_005082,copyright,knowledge_extraction,research_paper,ja,manufacturing,True,patent,0.827
IPE_005083,copyright,knowledge_extraction,technical_report,de,pharmaceutical,True,patent,0.711
IPE_005084,copyright,knowledge_extraction,legal_document,ja,automotive,True,patent,0.803
IPE_005085,copyright,ip_detection,patent_application,ja,pharmaceutical,True,patent,0.864
IPE_005086,copyright,relation_extraction,legal_document,es,energy,True,patent,0.842
IPE_005087,copyright,relation_extraction,meeting_minutes,ja,biotechnology,True,patent,0.873
IPE_005088,design_right,relation_extraction,legal_document,fr,pharmaceutical,True,patent,0.863
IPE_005089,design_right,ip_detection,legal_document,en,energy,True,patent,0.84
IPE_005090,design_right,relation_extraction,meeting_minutes,es,aerospace,True,patent,0.72
IPE_005091,design_right,relation_extraction,patent_application,en,manufacturing,True,patent,0.812
IPE_005092,design_right,ip_detection,legal_document,fr,automotive,True,patent,0.886
IPE_005093,design_right,ip_detection,meeting_minutes,en,automotive,True,patent,0.767
IPE_005094,design_right,relation_extraction,meeting_minutes,de,pharmaceutical,True,patent,0.707
IPE_005095,design_right,ip_detection,legal_document,zh,biotechnology,True,patent,0.857
IPE_005096,design_right,knowledge_extraction,legal_document,ja,software,True,patent,0.814
IPE_005097,design_right,knowledge_extraction,research_paper,fr,software,True,patent,0.858
IPE_005098,design_right,entity_recognition,technical_report,en,manufacturing,True,patent,0.771
IPE_005099,design_right,ip_detection,patent_application,fr,software,True,patent,0.727
IPE_005100,design_right,relation_extraction,patent_application,es,manufacturing,True,patent,0.81
IPE_005101,design_right,relation_extraction,legal_document,es,automotive,True,patent,0.866
IPE_005102,design_right,ip_detection,patent_application,de,energy,True,patent,0.868
IPE_005103,design_right,relation_extraction,technical_report,de,aerospace,True,patent,0.723
IPE_005104,design_right,entity_recognition,meeting_minutes,ja,aerospace,True,patent,0.809
IPE_005105,design_right,relation_extraction,research_paper,en,energy,True,patent,0.806
IPE_005106,design_right,entity_recognition,technical_report,zh,aerospace,True,patent,0.788
IPE_005107,design_right,knowledge_extraction,meeting_minutes,es,pharmaceutical,True,patent,0.704
IPE_005108,design_right,knowledge_extraction,meeting_minutes,zh,biotechnology,True,patent,0.75
IPE_005109,design_right,ip_detection,legal_document,ja,energy,True,patent,0.846
IPE_005110,design_right,entity_recognition,legal_document,zh,aerospace,True,patent,0.89
IPE_005111,design_right,knowledge_extraction,legal_document,fr,aerospace,True,patent,0.806
IPE_005112,design_right,ip_detection,meeting_minutes,de,pharmaceutical,True,patent,0.721
IPE_005113,design_right,knowledge_extraction,legal_document,es,aerospace,True,patent,0.846
IPE_005114,design_right,ip_detection,technical_report,de,aerospace,True,patent,0.788
IPE_005115,design_right,ip_detection,patent_application,ja,biotechnology,True,patent,0.71
IPE_005116,design_right,knowledge_extraction,meeting_minutes,de,software,True,patent,0.793
IPE_005117,design_right,entity_recognition,research_paper,ja,software,True,patent,0.768
IPE_005118,design_right,entity_recognition,legal_document,de,automotive,True,patent,0.804
IPE_005119,design_right,relation_extraction,research_paper,de,pharmaceutical,True,patent,0.818
IPE_005120,design_right,ip_detection,technical_report,es,manufacturing,True,patent,0.885
IPE_005121,design_right,knowledge_extraction,patent_application,en,aerospace,True,patent,0.883
IPE_005122,design_right,entity_recognition,patent_application,fr,pharmaceutical,True,patent,0.791
IPE_005123,design_right,knowledge_extraction,research_paper,ja,pharmaceutical,True,patent,0.704
IPE_005124,design_right,ip_detection,technical_report,zh,software,True,patent,0.814
IPE_005125,design_right,entity_recognition,legal_document,fr,software,True,patent,0.804
IPE_005126,design_right,ip_detection,patent_application,es,pharmaceutical,True,patent,0.883
IPE_005127,design_right,entity_recognition,meeting_minutes,en,energy,True,patent,0.747
IPE_005128,design_right,entity_recognition,research_paper,es,aerospace,True,patent,0.721
IPE_005129,design_right,ip_detection,meeting_minutes,en,manufacturing,True,patent,0.796
IPE_005130,design_right,ip_detection,technical_report,fr,aerospace,True,patent,0.892
IPE_005131,design_right,entity_recognition,legal_document,zh,energy,True,patent,0.791
IPE_005132,design_right,ip_detection,meeting_minutes,es,manufacturing,True,patent,0.893
IPE_005133,design_right,knowledge_extraction,meeting_minutes,zh,energy,True,patent,0.895
IPE_005134,design_right,knowledge_extraction,technical_report,fr,energy,True,patent,0.775
IPE_005135,design_right,relation_extraction,technical_report,de,automotive,True,patent,0.728
IPE_005136,design_right,knowledge_extraction,patent_application,es,manufacturing,True,patent,0.873
IPE_005137,design_right,entity_recognition,meeting_minutes,de,pharmaceutical,True,patent,0.834
IPE_005138,design_right,entity_recognition,meeting_minutes,es,energy,True,patent,0.78
IPE_005139,design_right,entity_recognition,meeting_minutes,fr,aerospace,True,patent,0.792
IPE_005140,design_right,knowledge_extraction,research_paper,fr,biotechnology,True,patent,0.8
IPE_005141,design_right,entity_recognition,legal_document,fr,software,True,patent,0.816
IPE_005142,design_right,knowledge_extraction,meeting_minutes,fr,automotive,True,patent,0.775
IPE_005143,design_right,relation_extraction,research_paper,ja,aerospace,True,patent,0.762
IPE_005144,design_right,relation_extraction,meeting_minutes,en,aerospace,True,patent,0.823
IPE_005145,design_right,entity_recognition,research_paper,es,energy,True,patent,0.792
IPE_005146,design_right,ip_detection,patent_application,ja,manufacturing,True,patent,0.863
IPE_005147,design_right,knowledge_extraction,research_paper,en,energy,True,patent,0.792
IPE_005148,design_right,relation_extraction,patent_application,zh,energy,True,patent,0.832
IPE_005149,design_right,relation_extraction,patent_application,en,automotive,True,patent,0.822
IPE_005150,design_right,entity_recognition,technical_report,ja,aerospace,True,patent,0.866
IPE_005151,design_right,ip_detection,meeting_minutes,en,biotechnology,True,patent,0.74
IPE_005152,design_right,knowledge_extraction,research_paper,fr,software,True,patent,0.717
IPE_005153,design_right,entity_recognition,meeting_minutes,zh,automotive,True,patent,0.776
IPE_005154,design_right,ip_detection,legal_document,es,manufacturing,True,patent,0.779
IPE_005155,design_right,relation_extraction,meeting_minutes,ja,energy,True,patent,0.871
IPE_005156,design_right,ip_detection,legal_document,de,software,True,patent,0.862
IPE_005157,design_right,knowledge_extraction,research_paper,fr,aerospace,True,patent,0.74
IPE_005158,design_right,ip_detection,technical_report,ja,automotive,True,patent,0.894
IPE_005159,design_right,knowledge_extraction,research_paper,zh,energy,True,patent,0.734
IPE_005160,design_right,ip_detection,technical_report,fr,pharmaceutical,True,patent,0.874
IPE_005161,design_right,knowledge_extraction,technical_report,de,automotive,True,patent,0.752
IPE_005162,design_right,ip_detection,meeting_minutes,es,energy,True,patent,0.77
IPE_005163,design_right,entity_recognition,technical_report,zh,biotechnology,True,patent,0.774
IPE_005164,design_right,knowledge_extraction,meeting_minutes,es,software,True,patent,0.72
IPE_005165,design_right,knowledge_extraction,legal_document,en,manufacturing,True,patent,0.719
IPE_005166,design_right,ip_detection,meeting_minutes,de,manufacturing,True,patent,0.845
IPE_005167,design_right,ip_detection,meeting_minutes,ja,aerospace,True,patent,0.73
IPE_005168,design_right,relation_extraction,patent_application,en,software,True,patent,0.802
IPE_005169,design_right,knowledge_extraction,research_paper,ja,software,True,patent,0.748
IPE_005170,design_right,entity_recognition,research_paper,es,energy,True,patent,0.775
IPE_005171,design_right,ip_detection,meeting_minutes,zh,energy,True,patent,0.756
IPE_005172,design_right,relation_extraction,technical_report,en,pharmaceutical,True,patent,0.837
IPE_005173,design_right,knowledge_extraction,patent_application,es,pharmaceutical,True,patent,0.707
IPE_005174,design_right,knowledge_extraction,patent_application,zh,manufacturing,True,patent,0.768
IPE_005175,design_right,knowledge_extraction,legal_document,de,software,True,patent,0.82
IPE_005176,design_right,knowledge_extraction,meeting_minutes,de,pharmaceutical,True,patent,0.874
IPE_005177,design_right,ip_detection,meeting_minutes,zh,manufacturing,True,patent,0.723
IPE_005178,design_right,ip_detection,research_paper,fr,biotechnology,True,patent,0.852
IPE_005179,design_right,entity_recognition,technical_report,zh,manufacturing,True,patent,0.718
IPE_005180,design_right,knowledge_extraction,research_paper,de,automotive,True,patent,0.714
IPE_005181,design_right,knowledge_extraction,research_paper,fr,software,True,patent,0.756
IPE_005182,design_right,relation_extraction,patent_application,en,manufacturing,True,patent,0.739
IPE_005183,design_right,ip_detection,legal_document,en,biotechnology,True,patent,0.89
IPE_005184,design_right,entity_recognition,meeting_minutes,zh,aerospace,True,patent,0.823
IPE_005185,design_right,knowledge_extraction,legal_document,de,pharmaceutical,True,patent,0.856
IPE_005186,design_right,relation_extraction,patent_application,es,pharmaceutical,True,patent,0.705
IPE_005187,design_right,ip_detection,patent_application,zh,biotechnology,True,patent,0.77
IPE_005188,design_right,knowledge_extraction,legal_document,fr,pharmaceutical,True,patent,0.878
IPE_005189,design_right,entity_recognition,meeting_minutes,ja,pharmaceutical,True,patent,0.876
IPE_005190,design_right,entity_recognition,patent_application,ja,manufacturing,True,patent,0.893
IPE_005191,design_right,ip_detection,technical_report,zh,aerospace,True,patent,0.731
IPE_005192,design_right,relation_extraction,patent_application,zh,energy,True,patent,0.737
IPE_005193,design_right,relation_extraction,legal_document,zh,automotive,True,patent,0.72
IPE_005194,design_right,knowledge_extraction,technical_report,de,automotive,True,patent,0.859
IPE_005195,design_right,knowledge_extraction,legal_document,en,software,True,patent,0.767
IPE_005196,design_right,entity_recognition,legal_document,zh,aerospace,True,patent,0.737
IPE_005197,design_right,knowledge_extraction,patent_application,zh,automotive,True,patent,0.77
IPE_005198,design_right,ip_detection,legal_document,en,automotive,True,patent,0.897
IPE_005199,design_right,knowledge_extraction,technical_report,de,energy,True,patent,0.727
IPE_005200,design_right,ip_detection,technical_report,es,pharmaceutical,True,patent,0.84
IPE_005201,design_right,ip_detection,technical_report,ja,automotive,True,patent,0.738
IPE_005202,design_right,entity_recognition,technical_report,es,automotive,True,patent,0.736
IPE_005203,design_right,entity_recognition,meeting_minutes,en,pharmaceutical,True,patent,0.803
IPE_005204,design_right,knowledge_extraction,technical_report,ja,manufacturing,True,patent,0.705
IPE_005205,design_right,ip_detection,patent_application,en,software,True,patent,0.873
IPE_005206,design_right,ip_detection,meeting_minutes,fr,pharmaceutical,True,patent,0.809
IPE_005207,design_right,entity_recognition,legal_document,ja,pharmaceutical,True,patent,0.738
IPE_005208,design_right,knowledge_extraction,patent_application,ja,automotive,True,patent,0.765
IPE_005209,design_right,ip_detection,meeting_minutes,fr,manufacturing,True,patent,0.724
IPE_005210,design_right,ip_detection,technical_report,de,manufacturing,True,patent,0.749
IPE_005211,design_right,ip_detection,patent_application,de,manufacturing,True,patent,0.772
IPE_005212,design_right,knowledge_extraction,research_paper,en,biotechnology,True,patent,0.749
IPE_005213,design_right,entity_recognition,legal_document,ja,energy,True,patent,0.819
IPE_005214,design_right,entity_recognition,meeting_minutes,en,automotive,True,patent,0.757
IPE_005215,design_right,relation_extraction,legal_document,zh,pharmaceutical,True,patent,0.766
IPE_005216,design_right,entity_recognition,technical_report,ja,energy,True,patent,0.793
IPE_005217,design_right,ip_detection,legal_document,es,biotechnology,True,patent,0.864
IPE_005218,design_right,ip_detection,meeting_minutes,en,energy,True,patent,0.786
IPE_005219,design_right,entity_recognition,legal_document,en,automotive,True,patent,0.718
IPE_005220,design_right,knowledge_extraction,legal_document,es,biotechnology,True,patent,0.849
IPE_005221,design_right,relation_extraction,patent_application,en,manufacturing,True,patent,0.87
IPE_005222,design_right,ip_detection,research_paper,zh,pharmaceutical,True,patent,0.849
IPE_005223,design_right,entity_recognition,meeting_minutes,de,biotechnology,True,patent,0.863
IPE_005224,design_right,relation_extraction,research_paper,es,pharmaceutical,True,patent,0.787
IPE_005225,design_right,entity_recognition,patent_application,es,energy,True,patent,0.87
IPE_005226,design_right,ip_detection,technical_report,es,manufacturing,True,patent,0.806
IPE_005227,design_right,ip_detection,meeting_minutes,en,pharmaceutical,True,patent,0.715
IPE_005228,design_right,ip_detection,patent_application,de,pharmaceutical,True,patent,0.802
IPE_005229,design_right,knowledge_extraction,legal_document,en,energy,True,patent,0.882
IPE_005230,design_right,knowledge_extraction,technical_report,ja,automotive,True,patent,0.863
IPE_005231,design_right,relation_extraction,patent_application,ja,aerospace,True,patent,0.755
IPE_005232,design_right,relation_extraction,legal_document,fr,automotive,True,patent,0.79
IPE_005233,design_right,knowledge_extraction,research_paper,en,aerospace,True,patent,0.804
IPE_005234,design_right,relation_extraction,technical_report,fr,energy,True,patent,0.8
IPE_005235,design_right,relation_extraction,patent_application,zh,biotechnology,True,patent,0.794
IPE_005236,design_right,knowledge_extraction,patent_application,zh,automotive,True,patent,0.826
IPE_005237,design_right,knowledge_extraction,meeting_minutes,fr,manufacturing,True,patent,0.821
IPE_005238,design_right,relation_extraction,legal_document,ja,software,True,patent,0.822
IPE_005239,design_right,relation_extraction,legal_document,fr,aerospace,True,patent,0.84
IPE_005240,design_right,ip_detection,technical_report,fr,energy,True,patent,0.869
IPE_005241,design_right,ip_detection,patent_application,es,aerospace,True,patent,0.772
IPE_005242,design_right,knowledge_extraction,research_paper,zh,software,True,patent,0.783
IPE_005243,design_right,ip_detection,research_paper,de,biotechnology,True,patent,0.705
IPE_005244,design_right,ip_detection,meeting_minutes,es,biotechnology,True,patent,0.826
IPE_005245,design_right,entity_recognition,research_paper,fr,software,True,patent,0.808
IPE_005246,design_right,entity_recognition,patent_application,en,biotechnology,True,patent,0.797
IPE_005247,design_right,ip_detection,patent_application,fr,automotive,True,patent,0.875
IPE_005248,design_right,knowledge_extraction,technical_report,es,automotive,True,patent,0.889
IPE_005249,design_right,ip_detection,patent_application,fr,manufacturing,True,patent,0.75
IPE_005250,design_right,entity_recognition,patent_application,ja,energy,True,patent,0.809
IPE_005251,design_right,ip_detection,patent_application,fr,biotechnology,True,patent,0.704
IPE_005252,design_right,knowledge_extraction,technical_report,es,manufacturing,True,patent,0.726
IPE_005253,design_right,entity_recognition,meeting_minutes,fr,biotechnology,True,patent,0.869
IPE_005254,design_right,entity_recognition,research_paper,zh,manufacturing,True,patent,0.757
IPE_005255,design_right,knowledge_extraction,legal_document,en,aerospace,True,patent,0.853
IPE_005256,design_right,entity_recognition,meeting_minutes,ja,biotechnology,True,patent,0.881
IPE_005257,design_right,relation_extraction,research_paper,zh,manufacturing,True,patent,0.89
IPE_005258,design_right,relation_extraction,research_paper,fr,biotechnology,True,patent,0.716
IPE_005259,design_right,entity_recognition,technical_report,zh,aerospace,True,patent,0.712
IPE_005260,design_right,ip_detection,legal_document,de,manufacturing,True,patent,0.701
IPE_005261,design_right,ip_detection,legal_document,ja,manufacturing,True,patent,0.791
IPE_005262,design_right,knowledge_extraction,meeting_minutes,en,aerospace,True,patent,0.819
IPE_005263,design_right,ip_detection,meeting_minutes,zh,biotechnology,True,patent,0.772
IPE_005264,design_right,relation_extraction,patent_application,ja,aerospace,True,patent,0.846
IPE_005265,design_right,entity_recognition,meeting_minutes,es,biotechnology,True,patent,0.705
IPE_005266,design_right,relation_extraction,research_paper,es,energy,True,patent,0.738
IPE_005267,design_right,ip_detection,patent_application,fr,aerospace,True,patent,0.891
IPE_005268,design_right,entity_recognition,technical_report,ja,aerospace,True,patent,0.855
IPE_005269,design_right,knowledge_extraction,meeting_minutes,fr,automotive,True,patent,0.721
IPE_005270,design_right,entity_recognition,research_paper,de,aerospace,True,patent,0.753
IPE_005271,design_right,entity_recognition,research_paper,de,biotechnology,True,patent,0.749
IPE_005272,design_right,ip_detection,meeting_minutes,ja,biotechnology,True,patent,0.802
IPE_005273,design_right,ip_detection,meeting_minutes,ja,automotive,True,patent,0.765
IPE_005274,design_right,ip_detection,meeting_minutes,de,automotive,True,patent,0.76
IPE_005275,design_right,entity_recognition,patent_application,es,biotechnology,True,patent,0.828
IPE_005276,design_right,entity_recognition,research_paper,de,energy,True,patent,0.871
IPE_005277,design_right,relation_extraction,legal_document,fr,biotechnology,True,patent,0.819
IPE_005278,design_right,entity_recognition,patent_application,ja,manufacturing,True,patent,0.884
IPE_005279,design_right,entity_recognition,legal_document,zh,biotechnology,True,patent,0.817
IPE_005280,design_right,entity_recognition,legal_document,en,pharmaceutical,True,patent,0.794
IPE_005281,design_right,entity_recognition,legal_document,fr,energy,True,patent,0.798
IPE_005282,design_right,relation_extraction,technical_report,es,aerospace,True,patent,0.857
IPE_005283,design_right,ip_detection,research_paper,fr,aerospace,True,patent,0.711
IPE_005284,design_right,knowledge_extraction,technical_report,ja,energy,True,patent,0.763
IPE_005285,design_right,knowledge_extraction,meeting_minutes,fr,manufacturing,True,patent,0.784
IPE_005286,design_right,knowledge_extraction,meeting_minutes,de,biotechnology,True,patent,0.88
IPE_005287,design_right,ip_detection,research_paper,fr,biotechnology,True,patent,0.899
IPE_005288,design_right,entity_recognition,meeting_minutes,es,aerospace,True,patent,0.841
IPE_005289,design_right,entity_recognition,patent_application,de,pharmaceutical,True,patent,0.893
IPE_005290,design_right,ip_detection,meeting_minutes,de,pharmaceutical,True,patent,0.757
IPE_005291,design_right,knowledge_extraction,patent_application,de,software,True,patent,0.819
IPE_005292,design_right,ip_detection,patent_application,ja,energy,True,patent,0.744
IPE_005293,design_right,relation_extraction,research_paper,de,biotechnology,True,patent,0.759
IPE_005294,design_right,entity_recognition,patent_application,es,energy,True,patent,0.822
IPE_005295,design_right,relation_extraction,technical_report,ja,pharmaceutical,True,patent,0.726
IPE_005296,design_right,entity_recognition,research_paper,fr,biotechnology,True,patent,0.853
IPE_005297,design_right,relation_extraction,legal_document,de,automotive,True,patent,0.783
IPE_005298,design_right,ip_detection,research_paper,zh,aerospace,True,patent,0.896
IPE_005299,design_right,entity_recognition,patent_application,ja,pharmaceutical,True,patent,0.768
IPE_005300,design_right,knowledge_extraction,technical_report,zh,biotechnology,True,patent,0.815
IPE_005301,design_right,knowledge_extraction,research_paper,es,pharmaceutical,True,patent,0.717
IPE_005302,design_right,entity_recognition,research_paper,de,automotive,True,patent,0.788
IPE_005303,design_right,relation_extraction,technical_report,de,software,True,patent,0.781
IPE_005304,design_right,ip_detection,patent_application,zh,biotechnology,True,patent,0.817
IPE_005305,design_right,relation_extraction,technical_report,zh,pharmaceutical,True,patent,0.767
IPE_005306,know_how,entity_recognition,patent_application,en,software,True,patent,0.825
IPE_005307,know_how,ip_detection,meeting_minutes,en,biotechnology,True,patent,0.848
IPE_005308,know_how,relation_extraction,technical_report,de,aerospace,True,patent,0.809
IPE_005309,know_how,ip_detection,meeting_minutes,es,pharmaceutical,True,patent,0.799
IPE_005310,know_how,ip_detection,meeting_minutes,de,energy,True,patent,0.844
IPE_005311,know_how,entity_recognition,patent_application,en,pharmaceutical,True,patent,0.837
IPE_005312,know_how,relation_extraction,technical_report,es,biotechnology,True,patent,0.884
IPE_005313,know_how,entity_recognition,patent_application,es,manufacturing,True,patent,0.886
IPE_005314,know_how,entity_recognition,technical_report,en,software,True,patent,0.821
IPE_005315,know_how,knowledge_extraction,patent_application,fr,biotechnology,True,patent,0.755
IPE_005316,know_how,relation_extraction,meeting_minutes,ja,pharmaceutical,True,patent,0.714
IPE_005317,know_how,entity_recognition,research_paper,de,software,True,patent,0.754
IPE_005318,know_how,entity_recognition,meeting_minutes,es,biotechnology,True,patent,0.899
IPE_005319,know_how,entity_recognition,meeting_minutes,es,software,True,patent,0.802
IPE_005320,know_how,knowledge_extraction,legal_document,es,aerospace,True,patent,0.84
IPE_005321,know_how,ip_detection,research_paper,de,software,True,patent,0.709
IPE_005322,know_how,ip_detection,patent_application,es,automotive,True,patent,0.791
IPE_005323,know_how,ip_detection,meeting_minutes,fr,automotive,True,patent,0.721
IPE_005324,know_how,ip_detection,technical_report,ja,aerospace,True,patent,0.867
IPE_005325,know_how,relation_extraction,research_paper,en,energy,True,patent,0.758
IPE_005326,know_how,knowledge_extraction,patent_application,zh,energy,True,patent,0.779
IPE_005327,know_how,ip_detection,meeting_minutes,es,pharmaceutical,True,patent,0.777
IPE_005328,know_how,ip_detection,meeting_minutes,ja,pharmaceutical,True,patent,0.72
IPE_005329,know_how,entity_recognition,research_paper,fr,software,True,patent,0.898
IPE_005330,know_how,relation_extraction,technical_report,en,aerospace,True,patent,0.822
IPE_005331,know_how,ip_detection,patent_application,zh,automotive,True,patent,0.758
IPE_005332,know_how,relation_extraction,meeting_minutes,ja,energy,True,patent,0.769
IPE_005333,know_how,entity_recognition,legal_document,de,automotive,True,patent,0.796
IPE_005334,know_how,relation_extraction,legal_document,en,biotechnology,True,patent,0.713
IPE_005335,know_how,ip_detection,meeting_minutes,en,software,True,patent,0.79
IPE_005336,know_how,relation_extraction,technical_report,de,software,True,patent,0.758
IPE_005337,know_how,knowledge_extraction,patent_application,fr,manufacturing,True,patent,0.742
IPE_005338,know_how,relation_extraction,technical_report,en,biotechnology,True,patent,0.713
IPE_005339,know_how,entity_recognition,patent_application,en,software,True,patent,0.758
IPE_005340,know_how,knowledge_extraction,technical_report,zh,manufacturing,True,patent,0.874
IPE_005341,know_how,entity_recognition,patent_application,es,biotechnology,True,patent,0.865
IPE_005342,know_how,entity_recognition,meeting_minutes,es,biotechnology,True,patent,0.752
IPE_005343,know_how,knowledge_extraction,patent_application,de,software,True,patent,0.894
IPE_005344,know_how,knowledge_extraction,research_paper,fr,biotechnology,True,patent,0.753
IPE_005345,know_how,relation_extraction,meeting_minutes,de,energy,True,patent,0.855
IPE_005346,know_how,entity_recognition,technical_report,en,manufacturing,True,patent,0.793
IPE_005347,know_how,ip_detection,research_paper,ja,manufacturing,True,patent,0.9
IPE_005348,know_how,ip_detection,patent_application,es,manufacturing,True,patent,0.8
IPE_005349,know_how,ip_detection,meeting_minutes,ja,pharmaceutical,True,patent,0.807
IPE_005350,know_how,knowledge_extraction,technical_report,de,aerospace,True,patent,0.733
IPE_005351,know_how,ip_detection,research_paper,es,energy,True,patent,0.775
IPE_005352,know_how,entity_recognition,research_paper,zh,aerospace,True,patent,0.71
IPE_005353,know_how,ip_detection,research_paper,zh,aerospace,True,patent,0.851
IPE_005354,know_how,knowledge_extraction,research_paper,ja,aerospace,True,patent,0.741
IPE_005355,know_how,relation_extraction,research_paper,zh,software,True,patent,0.718
IPE_005356,know_how,ip_detection,patent_application,ja,pharmaceutical,True,patent,0.851
IPE_005357,know_how,ip_detection,research_paper,es,aerospace,True,patent,0.889
IPE_005358,know_how,knowledge_extraction,meeting_minutes,es,automotive,True,patent,0.821
IPE_005359,know_how,entity_recognition,technical_report,ja,biotechnology,True,patent,0.785
IPE_005360,know_how,ip_detection,meeting_minutes,zh,manufacturing,True,patent,0.82
IPE_005361,know_how,knowledge_extraction,research_paper,ja,energy,True,patent,0.715
IPE_005362,know_how,relation_extraction,meeting_minutes,de,biotechnology,True,patent,0.726
IPE_005363,know_how,entity_recognition,technical_report,es,pharmaceutical,True,patent,0.829
IPE_005364,know_how,ip_detection,research_paper,en,energy,True,patent,0.834
IPE_005365,know_how,ip_detection,meeting_minutes,ja,manufacturing,True,patent,0.826
IPE_005366,know_how,entity_recognition,legal_document,en,manufacturing,True,patent,0.843
IPE_005367,know_how,entity_recognition,technical_report,zh,pharmaceutical,True,patent,0.821
IPE_005368,know_how,relation_extraction,meeting_minutes,es,aerospace,True,patent,0.886
IPE_005369,know_how,ip_detection,meeting_minutes,zh,software,True,patent,0.733
IPE_005370,know_how,ip_detection,meeting_minutes,en,aerospace,True,patent,0.883
IPE_005371,know_how,entity_recognition,legal_document,fr,biotechnology,True,patent,0.749
IPE_005372,know_how,knowledge_extraction,meeting_minutes,zh,manufacturing,True,patent,0.777
IPE_005373,know_how,knowledge_extraction,legal_document,es,energy,True,patent,0.805
IPE_005374,know_how,ip_detection,research_paper,ja,biotechnology,True,patent,0.751
IPE_005375,know_how,knowledge_extraction,meeting_minutes,es,biotechnology,True,patent,0.764
IPE_005376,know_how,relation_extraction,technical_report,es,automotive,True,patent,0.786
IPE_005377,know_how,knowledge_extraction,technical_report,ja,automotive,True,patent,0.869
IPE_005378,know_how,entity_recognition,meeting_minutes,ja,biotechnology,True,patent,0.87
IPE_005379,know_how,relation_extraction,legal_document,zh,biotechnology,True,patent,0.752
IPE_005380,know_how,ip_detection,patent_application,es,pharmaceutical,True,patent,0.757
IPE_005381,know_how,entity_recognition,research_paper,de,aerospace,True,patent,0.754
IPE_005382,know_how,relation_extraction,legal_document,zh,automotive,True,patent,0.836
IPE_005383,know_how,entity_recognition,legal_document,en,aerospace,True,patent,0.742
IPE_005384,know_how,relation_extraction,legal_document,ja,biotechnology,True,patent,0.817
IPE_005385,know_how,relation_extraction,legal_document,en,pharmaceutical,True,patent,0.848
IPE_005386,know_how,entity_recognition,patent_application,en,automotive,True,patent,0.788
IPE_005387,know_how,relation_extraction,meeting_minutes,ja,pharmaceutical,True,patent,0.877
IPE_005388,know_how,relation_extraction,research_paper,es,manufacturing,True,patent,0.77
IPE_005389,know_how,entity_recognition,patent_application,ja,pharmaceutical,True,patent,0.752
IPE_005390,know_how,ip_detection,technical_report,fr,biotechnology,True,patent,0.749
IPE_005391,know_how,entity_recognition,research_paper,es,energy,True,patent,0.766
IPE_005392,know_how,ip_detection,legal_document,ja,manufacturing,True,patent,0.842
IPE_005393,know_how,relation_extraction,patent_application,fr,pharmaceutical,True,patent,0.708
IPE_005394,know_how,knowledge_extraction,technical_report,de,aerospace,True,patent,0.702
IPE_005395,know_how,entity_recognition,technical_report,de,energy,True,patent,0.79
IPE_005396,know_how,relation_extraction,patent_application,zh,software,True,patent,0.72
IPE_005397,know_how,relation_extraction,patent_application,es,energy,True,patent,0.701
IPE_005398,know_how,ip_detection,meeting_minutes,ja,energy,True,patent,0.742
IPE_005399,know_how,relation_extraction,legal_document,zh,software,True,patent,0.729
IPE_005400,know_how,entity_recognition,research_paper,en,software,True,patent,0.889
IPE_005401,know_how,knowledge_extraction,patent_application,de,aerospace,True,patent,0.84
IPE_005402,know_how,entity_recognition,research_paper,fr,automotive,True,patent,0.825
IPE_005403,know_how,knowledge_extraction,legal_document,en,biotechnology,True,patent,0.762
IPE_005404,know_how,knowledge_extraction,meeting_minutes,es,energy,True,patent,0.841
IPE_005405,know_how,knowledge_extraction,research_paper,de,biotechnology,True,patent,0.8
IPE_005406,know_how,ip_detection,research_paper,en,manufacturing,True,patent,0.847
IPE_005407,know_how,ip_detection,legal_document,ja,aerospace,True,patent,0.77
IPE_005408,know_how,relation_extraction,legal_document,zh,biotechnology,True,patent,0.732
IPE_005409,know_how,ip_detection,meeting_minutes,de,pharmaceutical,True,patent,0.866
IPE_005410,know_how,relation_extraction,meeting_minutes,ja,aerospace,True,patent,0.753
IPE_005411,know_how,entity_recognition,legal_document,zh,aerospace,True,patent,0.869
IPE_005412,know_how,entity_recognition,meeting_minutes,de,software,True,patent,0.831
IPE_005413,know_how,entity_recognition,patent_application,de,automotive,True,patent,0.72
IPE_005414,know_how,relation_extraction,legal_document,zh,biotechnology,True,patent,0.745
IPE_005415,know_how,entity_recognition,patent_application,fr,aerospace,True,patent,0.874
IPE_005416,know_how,entity_recognition,technical_report,en,aerospace,True,patent,0.854
IPE_005417,know_how,ip_detection,technical_report,fr,software,True,patent,0.777
IPE_005418,know_how,entity_recognition,meeting_minutes,es,manufacturing,True,patent,0.73
IPE_005419,know_how,ip_detection,meeting_minutes,de,software,True,patent,0.784
IPE_005420,know_how,relation_extraction,technical_report,zh,automotive,True,patent,0.844
IPE_005421,know_how,relation_extraction,legal_document,ja,automotive,True,patent,0.792
IPE_005422,know_how,entity_recognition,meeting_minutes,de,biotechnology,True,patent,0.763
IPE_005423,know_how,ip_detection,technical_report,es,aerospace,True,patent,0.727
IPE_005424,know_how,relation_extraction,meeting_minutes,ja,biotechnology,True,patent,0.863
IPE_005425,know_how,ip_detection,legal_document,fr,energy,True,patent,0.755
IPE_005426,know_how,knowledge_extraction,meeting_minutes,en,biotechnology,True,patent,0.893
IPE_005427,know_how,ip_detection,meeting_minutes,fr,energy,True,patent,0.876
IPE_005428,know_how,knowledge_extraction,patent_application,de,software,True,patent,0.808
IPE_005429,know_how,relation_extraction,meeting_minutes,es,energy,True,patent,0.876
IPE_005430,know_how,entity_recognition,technical_report,es,energy,True,patent,0.9
IPE_005431,know_how,knowledge_extraction,technical_report,zh,pharmaceutical,True,patent,0.759
IPE_005432,know_how,ip_detection,technical_report,ja,pharmaceutical,True,patent,0.845
IPE_005433,know_how,ip_detection,research_paper,es,automotive,True,patent,0.766
IPE_005434,know_how,entity_recognition,patent_application,es,pharmaceutical,True,patent,0.827
IPE_005435,know_how,relation_extraction,research_paper,fr,energy,True,patent,0.831
IPE_005436,know_how,knowledge_extraction,meeting_minutes,fr,pharmaceutical,True,patent,0.733
IPE_005437,know_how,ip_detection,patent_application,ja,manufacturing,True,patent,0.829
IPE_005438,know_how,entity_recognition,patent_application,en,software,True,patent,0.74
IPE_005439,know_how,knowledge_extraction,technical_report,zh,software,True,patent,0.837
IPE_005440,know_how,knowledge_extraction,meeting_minutes,fr,automotive,True,patent,0.849
IPE_005441,know_how,knowledge_extraction,legal_document,en,software,True,patent,0.783
IPE_005442,know_how,knowledge_extraction,patent_application,es,aerospace,True,patent,0.792
IPE_005443,know_how,entity_recognition,research_paper,fr,manufacturing,True,patent,0.9
IPE_005444,know_how,ip_detection,legal_document,de,energy,True,patent,0.871
IPE_005445,know_how,relation_extraction,meeting_minutes,ja,manufacturing,True,patent,0.733
IPE_005446,know_how,entity_recognition,research_paper,fr,automotive,True,patent,0.72
IPE_005447,know_how,entity_recognition,technical_report,es,pharmaceutical,True,patent,0.845
IPE_005448,know_how,ip_detection,technical_report,zh,automotive,True,patent,0.767
IPE_005449,know_how,entity_recognition,technical_report,en,software,True,patent,0.824
IPE_005450,know_how,ip_detection,meeting_minutes,en,automotive,True,patent,0.709
IPE_005451,know_how,knowledge_extraction,research_paper,es,manufacturing,True,patent,0.842
IPE_005452,know_how,relation_extraction,technical_report,de,biotechnology,True,patent,0.767
IPE_005453,know_how,knowledge_extraction,meeting_minutes,zh,aerospace,True,patent,0.734
IPE_005454,know_how,relation_extraction,legal_document,de,software,True,patent,0.891
IPE_005455,know_how,entity_recognition,technical_report,fr,manufacturing,True,patent,0.714
IPE_005456,know_how,entity_recognition,meeting_minutes,fr,biotechnology,True,patent,0.732
IPE_005457,know_how,entity_recognition,meeting_minutes,fr,automotive,True,patent,0.832
IPE_005458,know_how,knowledge_extraction,patent_application,de,energy,True,patent,0.729
IPE_005459,know_how,relation_extraction,meeting_minutes,de,automotive,True,patent,0.772
IPE_005460,know_how,relation_extraction,meeting_minutes,en,aerospace,True,patent,0.737
IPE_005461,know_how,entity_recognition,research_paper,ja,pharmaceutical,True,patent,0.711
IPE_005462,know_how,knowledge_extraction,legal_document,es,biotechnology,True,patent,0.798
IPE_005463,know_how,knowledge_extraction,legal_document,ja,automotive,True,patent,0.876
IPE_005464,know_how,knowledge_extraction,meeting_minutes,de,aerospace,True,patent,0.851
IPE_005465,know_how,ip_detection,research_paper,zh,pharmaceutical,True,patent,0.823
IPE_005466,know_how,entity_recognition,meeting_minutes,zh,pharmaceutical,True,patent,0.76
IPE_005467,know_how,ip_detection,patent_application,es,aerospace,True,patent,0.821
IPE_005468,know_how,relation_extraction,meeting_minutes,ja,automotive,True,patent,0.899
IPE_005469,know_how,knowledge_extraction,legal_document,zh,energy,True,patent,0.888
